Workbook
Name A: #REF!
Name A: #REF!
Name A: #REF!
Name A: #REF!
Name A: #REF!
Name AAAA: #REF!
Name AAAA: #REF!
Name AAAA: #REF!
Name AAAA: #REF!
Name AAAA: #REF!
Name AG: #REF!
Name AG: #REF!
Name AG: #REF!
Name AG: #REF!
Name AG: #REF!
Name b: #REF!
Name b: #REF!
Name b: #REF!
Name b: #REF!
Name b: #REF!
Name BANTU: #REF!
Name BANTU: #REF!
Name BANTU: #REF!
Name BANTU: #REF!
Name BANTU: #REF!
Name barat: #REF!
Name barat: #REF!
Name barat: #REF!
Name barat: #REF!
Name barat: #REF!
Name d: #REF!
Name d: #REF!
Name d: #REF!
Name d: #REF!
Name d: #REF!
Name DAN: #REF!
Name DAN: #REF!
Name DAN: #REF!
Name DAN: #REF!
Name DAN: #REF!
Name DS: #REF!
Name DS: #REF!
Name DS: #REF!
Name DS: #REF!
Name DS: #REF!
Name e: #REF!
Name e: #REF!
Name e: #REF!
Name e: #REF!
Name e: #REF!
Name GHNJFG: #REF!
Name GHNJFG: #REF!
Name GHNJFG: #REF!
Name GHNJFG: #REF!
Name GHNJFG: #REF!
Name lubis: #REF!
Name lubis: #REF!
Name lubis: #REF!
Name lubis: #REF!
Name lubis: #REF!

Sheet MASA KERJA AB
A1: MASA KERJA KARYAWAN
A2: AIR RUAK ESTATE B2 AIR BANGEK
A4: Tanggal | E4: 45808
A6: PERAWATAN
A7: No | B7: Nama | C7: Tgl Lahir | D7: Umur | E7: Tgl Masuk | F7: Masa Kerja | G7: Bulan Kerja | H7: Tahun Kerja | I7: Rp.Masa Kerja | J7: Status | K7: Rp.Tunjangan Beras | L7: FEB'25 | M7: MAR'24
A8: 1 | B8: KARYADI | C8: 28404 | D8: =DATEDIF(C8,$E$4,"Y")&" Tahun, "&DATEDIF(C8,$E$4,"YM")&" Bulan, "&DATEDIF(C8,$E$4,"MD")&" hari" -> 47 Tahun, 7 Bulan, 25 hari | E8: 01-03-2008 | F8: =DATEDIF(E8,$E$4,"Y")&" Tahun, "&DATEDIF(E8,$E$4,"YM")&" Bulan, "&DATEDIF(E8,$E$4,"MD")&" hari" -> 17 Tahun, 4 Bulan, 28 hari | G8: 3 | H8: 17 | I8: 50500 | J8: K/1 | K8: 4650 | L8: 47000 | M8: 50500 | N8: =L8-M8 -> -3500
A9: 2 | B9: SARINA | C9: 29628 | D9: =DATEDIF(C9,$E$4,"Y")&" Tahun, "&DATEDIF(C9,$E$4,"YM")&" Bulan, "&DATEDIF(C9,$E$4,"MD")&" hari" -> 44 Tahun, 3 Bulan, 20 hari | E9: 01-07-2008 | F9: =DATEDIF(E9,$E$4,"Y")&" Tahun, "&DATEDIF(E9,$E$4,"YM")&" Bulan, "&DATEDIF(E9,$E$4,"MD")&" hari" -> 17 Tahun, 4 Bulan, 24 hari | G9: 7 | H9: 16 | I9: 47000 | J9: TK/0 | K9: 2250 | L9: 47000 | N9: =L9-M9 -> 47000
A10: 3 | B10: SUPRIYANI | C10: 32199 | D10: =DATEDIF(C10,$E$4,"Y")&" Tahun, "&DATEDIF(C10,$E$4,"YM")&" Bulan, "&DATEDIF(C10,$E$4,"MD")&" hari" -> 37 Tahun, 3 Bulan, 5 hari | E10: 02-05-2015 | F10: =DATEDIF(E10,$E$4,"Y")&" Tahun, "&DATEDIF(E10,$E$4,"YM")&" Bulan, "&DATEDIF(E10,$E$4,"MD")&" hari" -> 10 Tahun, 3 Bulan, 26 hari | G10: 5 | H10: 10 | I10: 27000 | J10: TK/0 | K10: 2250 | L10: 24000 | N10: =L10-M10 -> 24000
A11: 4 | B11: HELMIYADI | C11: 34692 | D11: =DATEDIF(C11,$E$4,"Y")&" Tahun, "&DATEDIF(C11,$E$4,"YM")&" Bulan, "&DATEDIF(C11,$E$4,"MD")&" hari" -> 30 Tahun, 5 Bulan, 7 hari | E11: 41625 | F11: =DATEDIF(E11,$E$4,"Y")&" Tahun, "&DATEDIF(E11,$E$4,"YM")&" Bulan, "&DATEDIF(E11,$E$4,"MD")&" hari" -> 11 Tahun, 5 Bulan, 14 hari | G11: 12 | H11: 10 | I11: 27000 | J11: K/1 | K11: 4650 | L11: 30000 | N11: =L11-M11 -> 30000
A12: 5 | B12: RHIZA KURNIA | C12: 32206 | D12: =DATEDIF(C12,$E$4,"Y")&" Tahun, "&DATEDIF(C12,$E$4,"YM")&" Bulan, "&DATEDIF(C12,$E$4,"MD")&" hari" -> 37 Tahun, 2 Bulan, 27 hari | E12: 03/11/2009 | F12: =DATEDIF(E12,$E$4,"Y")&" Tahun, "&DATEDIF(E12,$E$4,"YM")&" Bulan, "&DATEDIF(E12,$E$4,"MD")&" hari" -> 16 Tahun, 2 Bulan, 20 hari | G12: 11 | H12: 15 | I12: 43500 | J12: TK/0 | K12: 2250 | L12: 43500 | N12: =L12-M12 -> 43500
A13: 6 | B13: HENDRI | C13: 36272 | D13: =DATEDIF(C13,$E$4,"Y")&" Tahun, "&DATEDIF(C13,$E$4,"YM")&" Bulan, "&DATEDIF(C13,$E$4,"MD")&" hari" -> 26 Tahun, 1 Bulan, 9 hari | E13: 11-07-2017 | F13: =DATEDIF(E13,$E$4,"Y")&" Tahun, "&DATEDIF(E13,$E$4,"YM")&" Bulan, "&DATEDIF(E13,$E$4,"MD")&" hari" -> 7 Tahun, 6 Bulan, 24 hari | G13: 7 | H13: 7 | I13: 18000 | J13: K/1 | K13: 4650 | L13: 18000 | N13: =L13-M13 -> 18000
A14: 7 | B14: SOLIKAN | C14: 27613 | D14: =DATEDIF(C14,$E$4,"Y")&" Tahun, "&DATEDIF(C14,$E$4,"YM")&" Bulan, "&DATEDIF(C14,$E$4,"MD")&" hari" -> 49 Tahun, 9 Bulan, 24 hari | E14: 01-03-2013 | F14: =DATEDIF(E14,$E$4,"Y")&" Tahun, "&DATEDIF(E14,$E$4,"YM")&" Bulan, "&DATEDIF(E14,$E$4,"MD")&" hari" -> 12 Tahun, 4 Bulan, 28 hari | G14: 3 | H14: 12 | I14: 33000 | J14: TK/2 | K14: 4200 | L14: 30000 | M14: 33000 | N14: =L14-M14 -> -3000
A15: 8 | B15: ERLANDI EDI SUYANTO | C15: 26788 | D15: =DATEDIF(C15,$E$4,"Y")&" Tahun, "&DATEDIF(C15,$E$4,"YM")&" Bulan, "&DATEDIF(C15,$E$4,"MD")&" hari" -> 52 Tahun, 0 Bulan, 27 hari | E15: 01-03-2015 | F15: =DATEDIF(E15,$E$4,"Y")&" Tahun, "&DATEDIF(E15,$E$4,"YM")&" Bulan, "&DATEDIF(E15,$E$4,"MD")&" hari" -> 10 Tahun, 4 Bulan, 28 hari | G15: 3 | H15: 10 | I15: 27000 | J15: K/1 | K15: 4650 | L15: 24000 | M15: 27000 | N15: =L15-M15 -> -3000
A16: 9 | B16: HENNI FRIANTI | C16: 34738 | D16: =DATEDIF(C16,$E$4,"Y")&" Tahun, "&DATEDIF(C16,$E$4,"YM")&" Bulan, "&DATEDIF(C16,$E$4,"MD")&" hari" -> 30 Tahun, 3 Bulan, 23 hari | E16: 01-04-2013 | F16: =DATEDIF(E16,$E$4,"Y")&" Tahun, "&DATEDIF(E16,$E$4,"YM")&" Bulan, "&DATEDIF(E16,$E$4,"MD")&" hari" -> 12 Tahun, 4 Bulan, 27 hari | G16: 4 | H16: 12 | I16: 33000 | J16: TK/0 | K16: 2250 | L16: 30000 | N16: =L16-M16 -> 30000
A17: 10 | B17: NELLY MARLINA | C17: 29553 | D17: =DATEDIF(C17,$E$4,"Y")&" Tahun, "&DATEDIF(C17,$E$4,"YM")&" Bulan, "&DATEDIF(C17,$E$4,"MD")&" hari" -> 44 Tahun, 6 Bulan, 3 hari | E17: 04-08-2008 | F17: =DATEDIF(E17,$E$4,"Y")&" Tahun, "&DATEDIF(E17,$E$4,"YM")&" Bulan, "&DATEDIF(E17,$E$4,"MD")&" hari" -> 17 Tahun, 1 Bulan, 23 hari | G17: 8 | H17: 16 | I17: 43500 | J17: TK/0 | K17: 2250 | L17: 43500 | N17: =L17-M17 -> 43500
A18: 11 | B18: IISNAWATI | C18: 30762 | D18: =DATEDIF(C18,$E$4,"Y")&" Tahun, "&DATEDIF(C18,$E$4,"YM")&" Bulan, "&DATEDIF(C18,$E$4,"MD")&" hari" -> 41 Tahun, 2 Bulan, 10 hari | E18: 08-12-2014 | F18: =DATEDIF(E18,$E$4,"Y")&" Tahun, "&DATEDIF(E18,$E$4,"YM")&" Bulan, "&DATEDIF(E18,$E$4,"MD")&" hari" -> 10 Tahun, 9 Bulan, 19 hari | G18: 12 | H18: 10 | I18: 24000 | J18: TK/0 | K18: 2250 | L18: 24000 | N18: =L18-M18 -> 24000
A19: 12 | B19: DEWI KOMALASARI | C19: 29050 | D19: =DATEDIF(C19,$E$4,"Y")&" Tahun, "&DATEDIF(C19,$E$4,"YM")&" Bulan, "&DATEDIF(C19,$E$4,"MD")&" hari" -> 45 Tahun, 10 Bulan, 17 hari | E19: 01-08-2008 | F19: =DATEDIF(E19,$E$4,"Y")&" Tahun, "&DATEDIF(E19,$E$4,"YM")&" Bulan, "&DATEDIF(E19,$E$4,"MD")&" hari" -> 17 Tahun, 4 Bulan, 23 hari | G19: 8 | H19: 16 | I19: 47000 | J19: TK/0 | K19: 2250 | L19: 47000 | N19: =L19-M19 -> 47000
A20: 13 | B20: KUSMIATI | C20: 30894 | D20: =DATEDIF(C20,$E$4,"Y")&" Tahun, "&DATEDIF(C20,$E$4,"YM")&" Bulan, "&DATEDIF(C20,$E$4,"MD")&" hari" -> 40 Tahun, 10 Bulan, 0 hari | E20: 01-04-2008 | F20: =DATEDIF(E20,$E$4,"Y")&" Tahun, "&DATEDIF(E20,$E$4,"YM")&" Bulan, "&DATEDIF(E20,$E$4,"MD")&" hari" -> 17 Tahun, 4 Bulan, 27 hari | G20: 4 | H20: 17 | I20: 50500 | J20: TK/0 | K20: 2250 | L20: 47000 | N20: =L20-M20 -> 47000
A21: 14 | B21: SANUSI (ROYANI) | C21: 28538 | D21: =DATEDIF(C21,$E$4,"Y")&" Tahun, "&DATEDIF(C21,$E$4,"YM")&" Bulan, "&DATEDIF(C21,$E$4,"MD")&" hari" -> 47 Tahun, 3 Bulan, 14 hari | E21: 01-04-2008 | F21: =DATEDIF(E21,$E$4,"Y")&" Tahun, "&DATEDIF(E21,$E$4,"YM")&" Bulan, "&DATEDIF(E21,$E$4,"MD")&" hari" -> 17 Tahun, 4 Bulan, 27 hari | G21: 4 | H21: 17 | I21: 50500 | J21: K/2 | K21: 5550 | L21: 47000 | N21: =L21-M21 -> 47000
A22: 15 | B22: YUSNI | C22: 25815 | D22: =DATEDIF(C22,$E$4,"Y")&" Tahun, "&DATEDIF(C22,$E$4,"YM")&" Bulan, "&DATEDIF(C22,$E$4,"MD")&" hari" -> 54 Tahun, 8 Bulan, 27 hari | E22: 01-09-2008 | F22: =DATEDIF(E22,$E$4,"Y")&" Tahun, "&DATEDIF(E22,$E$4,"YM")&" Bulan, "&DATEDIF(E22,$E$4,"MD")&" hari" -> 17 Tahun, 4 Bulan, 22 hari | G22: 9 | H22: 16 | I22: 47000 | J22: TK/0 | K22: 2250 | L22: 47000 | N22: =L22-M22 -> 47000
A23: 16 | B23: RODIATI | C23: 27242 | D23: =DATEDIF(C23,$E$4,"Y")&" Tahun, "&DATEDIF(C23,$E$4,"YM")&" Bulan, "&DATEDIF(C23,$E$4,"MD")&" hari" -> 50 Tahun, 9 Bulan, 30 hari | E23: 01-04-2008 | F23: =DATEDIF(E23,$E$4,"Y")&" Tahun, "&DATEDIF(E23,$E$4,"YM")&" Bulan, "&DATEDIF(E23,$E$4,"MD")&" hari" -> 17 Tahun, 4 Bulan, 27 hari | G23: 4 | H23: 17 | I23: 50500 | J23: TK/0 | K23: 2250 | L23: 47000 | N23: =L23-M23 -> 47000
A24: 17 | B24: ERNAWATI | C24: 31594 | D24: =DATEDIF(C24,$E$4,"Y")&" Tahun, "&DATEDIF(C24,$E$4,"YM")&" Bulan, "&DATEDIF(C24,$E$4,"MD")&" hari" -> 38 Tahun, 10 Bulan, 30 hari | E24: 01-03-2015 | F24: =DATEDIF(E24,$E$4,"Y")&" Tahun, "&DATEDIF(E24,$E$4,"YM")&" Bulan, "&DATEDIF(E24,$E$4,"MD")&" hari" -> 10 Tahun, 4 Bulan, 28 hari | G24: 3 | H24: 10 | I24: 27000 | J24: TK/0 | K24: 2250 | L24: 24000 | M24: 27000 | N24: =L24-M24 -> -3000
A25: 18 | B25: ANDRISTO BUDIMAN | C25: 32231 | D25: =DATEDIF(C25,$E$4,"Y")&" Tahun, "&DATEDIF(C25,$E$4,"YM")&" Bulan, "&DATEDIF(C25,$E$4,"MD")&" hari" -> 37 Tahun, 2 Bulan, 2 hari | E25: 01-01-2009 | F25: =DATEDIF(E25,$E$4,"Y")&" Tahun, "&DATEDIF(E25,$E$4,"YM")&" Bulan, "&DATEDIF(E25,$E$4,"MD")&" hari" -> 16 Tahun, 4 Bulan, 30 hari | G25: 1 | H25: 16 | I25: 43500 | J25: K/2 | K25: 5550 | L25: 43500 | N25: =L25-M25 -> 43500
A26: 19 | B26: SUNITA | C26: 28710 | D26: =DATEDIF(C26,$E$4,"Y")&" Tahun, "&DATEDIF(C26,$E$4,"YM")&" Bulan, "&DATEDIF(C26,$E$4,"MD")&" hari" -> 46 Tahun, 9 Bulan, 23 hari | E26: 39630 | F26: =DATEDIF(E26,$E$4,"Y")&" Tahun, "&DATEDIF(E26,$E$4,"YM")&" Bulan, "&DATEDIF(E26,$E$4,"MD")&" hari" -> 16 Tahun, 10 Bulan, 30 hari | G26: 11 | H26: 16 | I26: 47000 | J26: TK/0 | K26: 2250 | L26: 47000 | N26: =L26-M26 -> 47000
A27: 20 | B27: MAMAN | C27: 32288 | D27: =DATEDIF(C27,$E$4,"Y")&" Tahun, "&DATEDIF(C27,$E$4,"YM")&" Bulan, "&DATEDIF(C27,$E$4,"MD")&" hari" -> 37 Tahun, 0 Bulan, 6 hari | E27: 01-07-2008 | F27: =DATEDIF(E27,$E$4,"Y")&" Tahun, "&DATEDIF(E27,$E$4,"YM")&" Bulan, "&DATEDIF(E27,$E$4,"MD")&" hari" -> 17 Tahun, 4 Bulan, 24 hari | G27: 7 | H27: 16 | I27: 47000 | J27: K/2 | K27: 5550 | L27: 47000 | N27: =L27-M27 -> 47000
A28: 21 | B28: BADIK BAGUS PRIBADI | C28: 28335 | D28: =DATEDIF(C28,$E$4,"Y")&" Tahun, "&DATEDIF(C28,$E$4,"YM")&" Bulan, "&DATEDIF(C28,$E$4,"MD")&" hari" -> 47 Tahun, 10 Bulan, 2 hari | E28: 39749 | F28: =DATEDIF(E28,$E$4,"Y")&" Tahun, "&DATEDIF(E28,$E$4,"YM")&" Bulan, "&DATEDIF(E28,$E$4,"MD")&" hari" -> 16 Tahun, 7 Bulan, 3 hari | G28: 10 | H28: 16 | I28: 43500 | J28: K/2 | K28: 5550 | L28: 43500 | N28: =L28-M28 -> 43500
A29: 22 | B29: AGUSTINI | C29: 26528 | D29: =DATEDIF(C29,$E$4,"Y")&" Tahun, "&DATEDIF(C29,$E$4,"YM")&" Bulan, "&DATEDIF(C29,$E$4,"MD")&" hari" -> 52 Tahun, 9 Bulan, 14 hari | E29: 02-10-2009 | F29: =DATEDIF(E29,$E$4,"Y")&" Tahun, "&DATEDIF(E29,$E$4,"YM")&" Bulan, "&DATEDIF(E29,$E$4,"MD")&" hari" -> 16 Tahun, 3 Bulan, 21 hari | G29: 10 | H29: 15 | I29: 43500 | J29: TK/0 | K29: 2250 | L29: 40000 | N29: =L29-M29 -> 40000
A30: 23 | B30: DEVI NATALIA | C30: 31506 | D30: =DATEDIF(C30,$E$4,"Y")&" Tahun, "&DATEDIF(C30,$E$4,"YM")&" Bulan, "&DATEDIF(C30,$E$4,"MD")&" hari" -> 39 Tahun, 1 Bulan, 27 hari | E30: 04-08-2008 | F30: =DATEDIF(E30,$E$4,"Y")&" Tahun, "&DATEDIF(E30,$E$4,"YM")&" Bulan, "&DATEDIF(E30,$E$4,"MD")&" hari" -> 17 Tahun, 1 Bulan, 23 hari | G30: 8 | H30: 16 | I30: 47000 | J30: TK/0 | K30: 2250 | L30: 47000 | N30: =L30-M30 -> 47000
A31: 24 | B31: HERLINDA | C31: 27211 | D31: =DATEDIF(C31,$E$4,"Y")&" Tahun, "&DATEDIF(C31,$E$4,"YM")&" Bulan, "&DATEDIF(C31,$E$4,"MD")&" hari" -> 50 Tahun, 10 Bulan, 30 hari | E31: 39734 | F31: =DATEDIF(E31,$E$4,"Y")&" Tahun, "&DATEDIF(E31,$E$4,"YM")&" Bulan, "&DATEDIF(E31,$E$4,"MD")&" hari" -> 16 Tahun, 7 Bulan, 18 hari | G31: 10 | H31: 16 | I31: 43500 | J31: TK/0 | K31: 2250 | L31: 43500 | N31: =L31-M31 -> 43500
A32: 25 | B32: ASERI | C32: 29984 | D32: =DATEDIF(C32,$E$4,"Y")&" Tahun, "&DATEDIF(C32,$E$4,"YM")&" Bulan, "&DATEDIF(C32,$E$4,"MD")&" hari" -> 43 Tahun, 3 Bulan, 29 hari | E32: 01-11-2008 | F32: =DATEDIF(E32,$E$4,"Y")&" Tahun, "&DATEDIF(E32,$E$4,"YM")&" Bulan, "&DATEDIF(E32,$E$4,"MD")&" hari" -> 17 Tahun, 4 Bulan, 20 hari | G32: 11 | H32: 16 | I32: 43500 | J32: K/1 | K32: 4650 | L32: 43500 | N32: =L32-M32 -> 43500
A33: 26 | B33: ADI SUSANTO | C33: 28745 | D33: =DATEDIF(C33,$E$4,"Y")&" Tahun, "&DATEDIF(C33,$E$4,"YM")&" Bulan, "&DATEDIF(C33,$E$4,"MD")&" hari" -> 46 Tahun, 8 Bulan, 19 hari | E33: 42702 | F33: =DATEDIF(E33,$E$4,"Y")&" Tahun, "&DATEDIF(E33,$E$4,"YM")&" Bulan, "&DATEDIF(E33,$E$4,"MD")&" hari" -> 8 Tahun, 6 Bulan, 3 hari | G33: 11 | H33: 8 | I33: 18000 | J33: K/1 | K33: 4650 | L33: 18000 | N33: =L33-M33 -> 18000
A34: 27 | B34: ANSITA | C34: 27219 | D34: =DATEDIF(C34,$E$4,"Y")&" Tahun, "&DATEDIF(C34,$E$4,"YM")&" Bulan, "&DATEDIF(C34,$E$4,"MD")&" hari" -> 50 Tahun, 10 Bulan, 22 hari | E34: 01-08-2008 | F34: =DATEDIF(E34,$E$4,"Y")&" Tahun, "&DATEDIF(E34,$E$4,"YM")&" Bulan, "&DATEDIF(E34,$E$4,"MD")&" hari" -> 17 Tahun, 4 Bulan, 23 hari | G34: 8 | H34: 16 | I34: 47000 | J34: TK/0 | K34: 2250 | L34: 47000 | N34: =L34-M34 -> 47000
A35: 28 | B35: ASNAWATI | C35: 29762 | D35: =DATEDIF(C35,$E$4,"Y")&" Tahun, "&DATEDIF(C35,$E$4,"YM")&" Bulan, "&DATEDIF(C35,$E$4,"MD")&" hari" -> 43 Tahun, 11 Bulan, 6 hari | E35: 01-11-2009 | F35: =DATEDIF(E35,$E$4,"Y")&" Tahun, "&DATEDIF(E35,$E$4,"YM")&" Bulan, "&DATEDIF(E35,$E$4,"MD")&" hari" -> 16 Tahun, 4 Bulan, 20 hari | G35: 11 | H35: 15 | I35: 40000 | J35: TK/0 | K35: 2250 | L35: 40000 | N35: =L35-M35 -> 40000
A36: 29 | B36: HATINA | C36: 30104 | D36: =DATEDIF(C36,$E$4,"Y")&" Tahun, "&DATEDIF(C36,$E$4,"YM")&" Bulan, "&DATEDIF(C36,$E$4,"MD")&" hari" -> 42 Tahun, 11 Bulan, 29 hari | E36: 42095 | F36: =DATEDIF(E36,$E$4,"Y")&" Tahun, "&DATEDIF(E36,$E$4,"YM")&" Bulan, "&DATEDIF(E36,$E$4,"MD")&" hari" -> 10 Tahun, 1 Bulan, 30 hari | G36: 4 | H36: 9 | I36: 24000 | J36: TK/0 | K36: 2250 | L36: 24000 | N36: =L36-M36 -> 24000
A37: 30 | B37: JUANDI | C37: 11/11/1994 | D37: =DATEDIF(C37,$E$4,"Y")&" Tahun, "&DATEDIF(C37,$E$4,"YM")&" Bulan, "&DATEDIF(C37,$E$4,"MD")&" hari" -> 30 Tahun, 6 Bulan, 20 hari | E37: 01-04-2013 | F37: =DATEDIF(E37,$E$4,"Y")&" Tahun, "&DATEDIF(E37,$E$4,"YM")&" Bulan, "&DATEDIF(E37,$E$4,"MD")&" hari" -> 12 Tahun, 4 Bulan, 27 hari | G37: 4 | H37: 12 | I37: 33000 | J37: K/1 | K37: 4650 | L37: 24000 | N37: =L37-M37 -> 24000
A38: 31 | B38: ALI SADIKIN | C38: 06/05/1969 | D38: =DATEDIF(C38,$E$4,"Y")&" Tahun, "&DATEDIF(C38,$E$4,"YM")&" Bulan, "&DATEDIF(C38,$E$4,"MD")&" hari" -> 55 Tahun, 11 Bulan, 26 hari | E38: 44216 | F38: =DATEDIF(E38,$E$4,"Y")&" Tahun, "&DATEDIF(E38,$E$4,"YM")&" Bulan, "&DATEDIF(E38,$E$4,"MD")&" hari" -> 4 Tahun, 4 Bulan, 11 hari | G38: 1 | H38: 3 | I38: 7500 | J38: K/0 | K38: 3700 | L38: 7500 | N38: =L38-M38 -> 7500
A39: 32 | B39: HERIYANTO | C39: 30662 | D39: =DATEDIF(C39,$E$4,"Y")&" Tahun, "&DATEDIF(C39,$E$4,"YM")&" Bulan, "&DATEDIF(C39,$E$4,"MD")&" hari" -> 41 Tahun, 5 Bulan, 19 hari | E39: 01-06-2015 | F39: =DATEDIF(E39,$E$4,"Y")&" Tahun, "&DATEDIF(E39,$E$4,"YM")&" Bulan, "&DATEDIF(E39,$E$4,"MD")&" hari" -> 10 Tahun, 4 Bulan, 25 hari | G39: 6 | H39: 9 | I39: 24000 | J39: K/2 | K39: 5550 | L39: 24000 | N39: =L39-M39 -> 24000
A40: 33 | B40: SAHRUL | C40: 28729 | D40: =DATEDIF(C40,$E$4,"Y")&" Tahun, "&DATEDIF(C40,$E$4,"YM")&" Bulan, "&DATEDIF(C40,$E$4,"MD")&" hari" -> 46 Tahun, 9 Bulan, 4 hari | E40: 01-04-2013 | F40: =DATEDIF(E40,$E$4,"Y")&" Tahun, "&DATEDIF(E40,$E$4,"YM")&" Bulan, "&DATEDIF(E40,$E$4,"MD")&" hari" -> 12 Tahun, 4 Bulan, 27 hari | G40: 4 | H40: 12 | I40: 33000 | J40: TK/1 | K40: 3250 | L40: 30000 | N40: =L40-M40 -> 30000
A41: TRANSPORT | N41: =L41-M41 -> 0
A42: No | B42: Nama | C42: Tgl Lahir | D42: Umur | E42: Tgl Masuk | F42: Masa Kerja | H42: Tahun Kerja | I42: Rp.Masa Kerja | J42: Status | K42: Rp.Tunjangan Beras | N42: =L42-M42 -> 0
A43: 1 | B43: JUNAIDI | C43: 31782 | D43: =DATEDIF(C43,$E$4,"Y")&" Tahun, "&DATEDIF(C43,$E$4,"YM")&" Bulan, "&DATEDIF(C43,$E$4,"MD")&" hari" -> 38 Tahun, 4 Bulan, 26 hari | E43: 40603 | F43: =DATEDIF(E43,$E$4,"Y")&" Tahun, "&DATEDIF(E43,$E$4,"YM")&" Bulan, "&DATEDIF(E43,$E$4,"MD")&" hari" -> 14 Tahun, 2 Bulan, 30 hari | G43: 3 | H43: 14 | I43: 40000 | J43: K/1 | K43: 4650 | L43: 36500 | M43: 40000 | N43: =L43-M43 -> -3500
A44: 2 | B44: DARWIN | C44: 27834 | D44: =DATEDIF(C44,$E$4,"Y")&" Tahun, "&DATEDIF(C44,$E$4,"YM")&" Bulan, "&DATEDIF(C44,$E$4,"MD")&" hari" -> 49 Tahun, 2 Bulan, 16 hari | E44: 01-11-2015 | F44: =DATEDIF(E44,$E$4,"Y")&" Tahun, "&DATEDIF(E44,$E$4,"YM")&" Bulan, "&DATEDIF(E44,$E$4,"MD")&" hari" -> 10 Tahun, 4 Bulan, 20 hari | G44: 11 | H44: 9 | I44: 24000 | J44: K/0 | K44: 3700 | L44: 21000 | N44: =L44-M44 -> 21000
A45: 3 | B45: CANDARA WIJAYA | C45: 34812 | D45: =DATEDIF(C45,$E$4,"Y")&" Tahun, "&DATEDIF(C45,$E$4,"YM")&" Bulan, "&DATEDIF(C45,$E$4,"MD")&" hari" -> 30 Tahun, 1 Bulan, 8 hari | E45: 01-11-2015 | F45: =DATEDIF(E45,$E$4,"Y")&" Tahun, "&DATEDIF(E45,$E$4,"YM")&" Bulan, "&DATEDIF(E45,$E$4,"MD")&" hari" -> 10 Tahun, 4 Bulan, 20 hari | G45: 11 | H45: 9 | I45: 24000 | J45: K/1 | K45: 4650 | L45: 21000 | N45: =L45-M45 -> 21000
A46: 4 | B46: ELDI | C46: 35212 | D46: =DATEDIF(C46,$E$4,"Y")&" Tahun, "&DATEDIF(C46,$E$4,"YM")&" Bulan, "&DATEDIF(C46,$E$4,"MD")&" hari" -> 29 Tahun, 0 Bulan, 4 hari | E46: 42330 | F46: =DATEDIF(E46,$E$4,"Y")&" Tahun, "&DATEDIF(E46,$E$4,"YM")&" Bulan, "&DATEDIF(E46,$E$4,"MD")&" hari" -> 9 Tahun, 6 Bulan, 9 hari | G46: 11 | H46: 9 | I46: 24000 | J46: TK/0 | K46: 2250 | L46: 21000 | N46: =L46-M46 -> 21000
A47: 5 | B47: ARDIANSYAH PUTERA | C47: 29876 | D47: =DATEDIF(C47,$E$4,"Y")&" Tahun, "&DATEDIF(C47,$E$4,"YM")&" Bulan, "&DATEDIF(C47,$E$4,"MD")&" hari" -> 43 Tahun, 7 Bulan, 14 hari | E47: 42095 | F47: =DATEDIF(E47,$E$4,"Y")&" Tahun, "&DATEDIF(E47,$E$4,"YM")&" Bulan, "&DATEDIF(E47,$E$4,"MD")&" hari" -> 10 Tahun, 1 Bulan, 30 hari | G47: 4 | H47: 9 | I47: 24000 | J47: K/1 | K47: 4650 | L47: 24000 | N47: =L47-M47 -> 24000
A48: 6 | B48: SURANTO | C48: 30681 | D48: =DATEDIF(C48,$E$4,"Y")&" Tahun, "&DATEDIF(C48,$E$4,"YM")&" Bulan, "&DATEDIF(C48,$E$4,"MD")&" hari" -> 41 Tahun, 5 Bulan, 0 hari | E48: 44530 | F48: =DATEDIF(E48,$E$4,"Y")&" Tahun, "&DATEDIF(E48,$E$4,"YM")&" Bulan, "&DATEDIF(E48,$E$4,"MD")&" hari" -> 3 Tahun, 6 Bulan, 1 hari | G48: 11 | H48: 3 | I48: 7500 | J48: K/1 | K48: 4650 | L48: 5000 | N48: =L48-M48 -> 5000
A49: 7 | B49: RIO | C49: 33954 | D49: =DATEDIF(C49,$E$4,"Y")&" Tahun, "&DATEDIF(C49,$E$4,"YM")&" Bulan, "&DATEDIF(C49,$E$4,"MD")&" hari" -> 32 Tahun, 5 Bulan, 15 hari | E49: 41365 | F49: =DATEDIF(E49,$E$4,"Y")&" Tahun, "&DATEDIF(E49,$E$4,"YM")&" Bulan, "&DATEDIF(E49,$E$4,"MD")&" hari" -> 12 Tahun, 1 Bulan, 30 hari | G49: 4 | H49: 11 | I49: 30000 | J49: TK/2 | K49: 4200 | L49: 30000 | N49: =L49-M49 -> 30000
A50: 8 | B50: DASRI | C50: 35310 | D50: =DATEDIF(C50,$E$4,"Y")&" Tahun, "&DATEDIF(C50,$E$4,"YM")&" Bulan, "&DATEDIF(C50,$E$4,"MD")&" hari" -> 28 Tahun, 8 Bulan, 29 hari | E50: 41883 | F50: =DATEDIF(E50,$E$4,"Y")&" Tahun, "&DATEDIF(E50,$E$4,"YM")&" Bulan, "&DATEDIF(E50,$E$4,"MD")&" hari" -> 10 Tahun, 8 Bulan, 30 hari | G50: 9 | H50: 10 | I50: 27000 | J50: TK/0 | K50: 2250 | L50: 27000 | N50: =L50-M50 -> 27000
A51: PANEN BHT | N51: =L51-M51 -> 0
A52: No | B52: Nama | C52: Tgl Lahir | D52: Umur | E52: Tgl Masuk | F52: Masa Kerja | G52: Bulan Kerja | H52: Tahun Kerja | I52: Rp.Masa Kerja | J52: Status | K52: Rp.Tunjangan Beras | N52: =L52-M52 -> 0
A53: 1 | B53: AFRIWATONI | C53: 31884 | D53: =DATEDIF(C53,$E$4,"Y")&" Tahun, "&DATEDIF(C53,$E$4,"YM")&" Bulan, "&DATEDIF(C53,$E$4,"MD")&" hari" -> 38 Tahun, 1 Bulan, 14 hari | E53: 44700 | F53: =DATEDIF(E53,$E$4,"Y")&" Tahun, "&DATEDIF(E53,$E$4,"YM")&" Bulan, "&DATEDIF(E53,$E$4,"MD")&" hari" -> 3 Tahun, 0 Bulan, 12 hari | G53: 5 | H53: 3 | I53: 7500 | J53: K/0 | K53: 3700 | L53: 5000 | N53: =L53-M53 -> 5000
A54: 2 | B54: ROZI SUSANTO | C54: 34696 | D54: =DATEDIF(C54,$E$4,"Y")&" Tahun, "&DATEDIF(C54,$E$4,"YM")&" Bulan, "&DATEDIF(C54,$E$4,"MD")&" hari" -> 30 Tahun, 5 Bulan, 3 hari | E54: 10-06-2015 | F54: =DATEDIF(E54,$E$4,"Y")&" Tahun, "&DATEDIF(E54,$E$4,"YM")&" Bulan, "&DATEDIF(E54,$E$4,"MD")&" hari" -> 9 Tahun, 7 Bulan, 25 hari | G54: 6 | H54: 9 | I54: 24000 | J54: K/2 | K54: 5550 | L54: 21000 | N54: =L54-M54 -> 21000
A55: 3 | B55: SAZELA | C55: 33181 | D55: =DATEDIF(C55,$E$4,"Y")&" Tahun, "&DATEDIF(C55,$E$4,"YM")&" Bulan, "&DATEDIF(C55,$E$4,"MD")&" hari" -> 34 Tahun, 6 Bulan, 27 hari | E55: 39451 | F55: =DATEDIF(E55,$E$4,"Y")&" Tahun, "&DATEDIF(E55,$E$4,"YM")&" Bulan, "&DATEDIF(E55,$E$4,"MD")&" hari" -> 17 Tahun, 4 Bulan, 27 hari | G55: 4 | H55: 17 | I55: 50500 | J55: TK/0 | K55: 2250 | L55: 47000 | N55: =L55-M55 -> 47000
A56: 4 | B56: JUMIN | C56: 28756 | D56: =DATEDIF(C56,$E$4,"Y")&" Tahun, "&DATEDIF(C56,$E$4,"YM")&" Bulan, "&DATEDIF(C56,$E$4,"MD")&" hari" -> 46 Tahun, 8 Bulan, 8 hari | E56: 08-12-2014 | F56: =DATEDIF(E56,$E$4,"Y")&" Tahun, "&DATEDIF(E56,$E$4,"YM")&" Bulan, "&DATEDIF(E56,$E$4,"MD")&" hari" -> 10 Tahun, 9 Bulan, 19 hari | G56: 12 | H56: 10 | I56: 27000 | J56: K/1 | K56: 4650 | L56: 24000 | N56: =L56-M56 -> 24000
A57: 5 | B57: HENDRI SUSILO | C57: 36961 | D57: =DATEDIF(C57,$E$4,"Y")&" Tahun, "&DATEDIF(C57,$E$4,"YM")&" Bulan, "&DATEDIF(C57,$E$4,"MD")&" hari" -> 24 Tahun, 2 Bulan, 20 hari | E57: 43731 | F57: =DATEDIF(E57,$E$4,"Y")&" Tahun, "&DATEDIF(E57,$E$4,"YM")&" Bulan, "&DATEDIF(E57,$E$4,"MD")&" hari" -> 5 Tahun, 8 Bulan, 8 hari | G57: 9 | H57: 5 | I57: =2500+10000 -> 12500 | J57: TK/0 | K57: 2250 | L57: 12500 | N57: =L57-M57 -> 12500
A58: 6 | B58: HERMANSYAH | C58: 29586 | D58: =DATEDIF(C58,$E$4,"Y")&" Tahun, "&DATEDIF(C58,$E$4,"YM")&" Bulan, "&DATEDIF(C58,$E$4,"MD")&" hari" -> 44 Tahun, 5 Bulan, 0 hari | E58: 43725 | F58: =DATEDIF(E58,$E$4,"Y")&" Tahun, "&DATEDIF(E58,$E$4,"YM")&" Bulan, "&DATEDIF(E58,$E$4,"MD")&" hari" -> 5 Tahun, 8 Bulan, 14 hari | G58: 9 | H58: 5 | I58: =2500+10000 -> 12500 | J58: K/2 | K58: 5550 | L58: 12500 | N58: =L58-M58 -> 12500
A59: 7 | B59: JUMADIL AWAL | C59: 01/01/1985 | D59: =DATEDIF(C59,$E$4,"Y")&" Tahun, "&DATEDIF(C59,$E$4,"YM")&" Bulan, "&DATEDIF(C59,$E$4,"MD")&" hari" -> 40 Tahun, 4 Bulan, 30 hari | E59: 11-05-2023 | F59: =DATEDIF(E59,$E$4,"Y")&" Tahun, "&DATEDIF(E59,$E$4,"YM")&" Bulan, "&DATEDIF(E59,$E$4,"MD")&" hari" -> 1 Tahun, 6 Bulan, 26 hari | G59: 5 | H59: 2 | I59: 5000 | J59: K/3 | K59: 5550 | L59: 2500 | N59: =L59-M59 -> 2500
A60: 8 | B60: NASRUDIN (SAHNUN) | C60: 31592 | D60: =DATEDIF(C60,$E$4,"Y")&" Tahun, "&DATEDIF(C60,$E$4,"YM")&" Bulan, "&DATEDIF(C60,$E$4,"MD")&" hari" -> 38 Tahun, 11 Bulan, 2 hari | E60: 17-7-2023 | F60: =DATEDIF(E60,$E$4,"Y")&" Tahun, "&DATEDIF(E60,$E$4,"YM")&" Bulan, "&DATEDIF(E60,$E$4,"MD")&" hari" -> #VALUE! | G60: 7 | H60: 1 | I60: 2500 | J60: K/0 | K60: 3600 | L60: 2500 | N60: =L60-M60 -> 2500
A61: 9 | B61: NASRUDIN (INAK DENI) | C61: 30316 | D61: =DATEDIF(C61,$E$4,"Y")&" Tahun, "&DATEDIF(C61,$E$4,"YM")&" Bulan, "&DATEDIF(C61,$E$4,"MD")&" hari" -> 42 Tahun, 5 Bulan, 0 hari | E61: 45280 | F61: =DATEDIF(E61,$E$4,"Y")&" Tahun, "&DATEDIF(E61,$E$4,"YM")&" Bulan, "&DATEDIF(E61,$E$4,"MD")&" hari" -> 1 Tahun, 5 Bulan, 11 hari | G61: 12 | H61: 1 | I61: 2500 | J61: TK/0 | K61: 2250 | L61: 2500 | N61: =L61-M61 -> 2500
A62: 10 | B62: SUDIRMAN | C62: 32508 | D62: =DATEDIF(C62,$E$4,"Y")&" Tahun, "&DATEDIF(C62,$E$4,"YM")&" Bulan, "&DATEDIF(C62,$E$4,"MD")&" hari" -> 36 Tahun, 5 Bulan, 0 hari | E62: 03-01-2024 | F62: =DATEDIF(E62,$E$4,"Y")&" Tahun, "&DATEDIF(E62,$E$4,"YM")&" Bulan, "&DATEDIF(E62,$E$4,"MD")&" hari" -> 1 Tahun, 2 Bulan, 30 hari | G62: 1 | H62: 1 | I62: 2500 | J62: K/2 | K62: 5550 | L62: 2500 | M62: 2500 | N62: =L62-M62 -> 0
A63: 11 | B63: JAYA KUSUMA | C63: 29780 | D63: =DATEDIF(C63,$E$4,"Y")&" Tahun, "&DATEDIF(C63,$E$4,"YM")&" Bulan, "&DATEDIF(C63,$E$4,"MD")&" hari" -> 43 Tahun, 10 Bulan, 18 hari | E63: 45409 | F63: =DATEDIF(E63,$E$4,"Y")&" Tahun, "&DATEDIF(E63,$E$4,"YM")&" Bulan, "&DATEDIF(E63,$E$4,"MD")&" hari" -> 1 Tahun, 1 Bulan, 4 hari | G63: 4 | H63: 1 | I63: 2500 | J63: K/1 | K63: 4650 | N63: =L63-M63 -> 0
A64: 12 | B64: LALU HERI ISKANDAR | C64: 29779 | D64: =DATEDIF(C64,$E$4,"Y")&" Tahun, "&DATEDIF(C64,$E$4,"YM")&" Bulan, "&DATEDIF(C64,$E$4,"MD")&" hari" -> 43 Tahun, 10 Bulan, 19 hari | E64: 45409 | F64: =DATEDIF(E64,$E$4,"Y")&" Tahun, "&DATEDIF(E64,$E$4,"YM")&" Bulan, "&DATEDIF(E64,$E$4,"MD")&" hari" -> 1 Tahun, 1 Bulan, 4 hari | G64: 4 | H64: 1 | I64: 2500 | J64: K/1 | K64: 4650 | N64: =L64-M64 -> 0
A65: 13 | B65: ZAINAL | C65: 01-07-1979 | D65: =DATEDIF(C65,$E$4,"Y")&" Tahun, "&DATEDIF(C65,$E$4,"YM")&" Bulan, "&DATEDIF(C65,$E$4,"MD")&" hari" -> 46 Tahun, 4 Bulan, 24 hari | E65: 45429 | F65: =DATEDIF(E65,$E$4,"Y")&" Tahun, "&DATEDIF(E65,$E$4,"YM")&" Bulan, "&DATEDIF(E65,$E$4,"MD")&" hari" -> 1 Tahun, 0 Bulan, 14 hari | G65: 5 | H65: 1 | I65: 2500 | J65: K/3 | K65: 5550 | N65: =L65-M65 -> 0
A66: 14 | B66: MUHAMMAD TAHIR | C66: 29586 | D66: =DATEDIF(C66,$E$4,"Y")&" Tahun, "&DATEDIF(C66,$E$4,"YM")&" Bulan, "&DATEDIF(C66,$E$4,"MD")&" hari" -> 44 Tahun, 5 Bulan, 0 hari | E66: 45474 | F66: =DATEDIF(E66,$E$4,"Y")&" Tahun, "&DATEDIF(E66,$E$4,"YM")&" Bulan, "&DATEDIF(E66,$E$4,"MD")&" hari" -> 0 Tahun, 10 Bulan, 30 hari | G66: 7 | J66: K/3 | K66: 5550 | N66: =L66-M66 -> 0
A67: 15 | B67: TATO | C67: 31573 | D67: =DATEDIF(C67,$E$4,"Y")&" Tahun, "&DATEDIF(C67,$E$4,"YM")&" Bulan, "&DATEDIF(C67,$E$4,"MD")&" hari" -> 38 Tahun, 11 Bulan, 21 hari | E67: 45498 | F67: =DATEDIF(E67,$E$4,"Y")&" Tahun, "&DATEDIF(E67,$E$4,"YM")&" Bulan, "&DATEDIF(E67,$E$4,"MD")&" hari" -> 0 Tahun, 10 Bulan, 6 hari | G67: 7 | J67: K/2 | K67: 5550 | N67: =L67-M67 -> 0
A68: 16 | B68: AGUS SURYADI | C68: 32089 | D68: =DATEDIF(C68,$E$4,"Y")&" Tahun, "&DATEDIF(C68,$E$4,"YM")&" Bulan, "&DATEDIF(C68,$E$4,"MD")&" hari" -> 37 Tahun, 6 Bulan, 23 hari | E68: 45509 | F68: =DATEDIF(E68,$E$4,"Y")&" Tahun, "&DATEDIF(E68,$E$4,"YM")&" Bulan, "&DATEDIF(E68,$E$4,"MD")&" hari" -> 0 Tahun, 9 Bulan, 26 hari | G68: 8 | J68: K/1 | K68: 4650 | N68: =L68-M68 -> 0
A69: 17 | B69: ALMAN | C69: 37228 | D69: =DATEDIF(C69,$E$4,"Y")&" Tahun, "&DATEDIF(C69,$E$4,"YM")&" Bulan, "&DATEDIF(C69,$E$4,"MD")&" hari" -> 23 Tahun, 5 Bulan, 28 hari | E69: 45554 | F69: =DATEDIF(E69,$E$4,"Y")&" Tahun, "&DATEDIF(E69,$E$4,"YM")&" Bulan, "&DATEDIF(E69,$E$4,"MD")&" hari" -> 0 Tahun, 8 Bulan, 12 hari | G69: 6 | J69: K/0 | K69: 3700 | N69: =L69-M69 -> 0
A70: 18 | B70: HERI SUTANTO | C70: 36776 | D70: =DATEDIF(C70,$E$4,"Y")&" Tahun, "&DATEDIF(C70,$E$4,"YM")&" Bulan, "&DATEDIF(C70,$E$4,"MD")&" hari" -> 24 Tahun, 8 Bulan, 24 hari | E70: 45673 | F70: =DATEDIF(E70,$E$4,"Y")&" Tahun, "&DATEDIF(E70,$E$4,"YM")&" Bulan, "&DATEDIF(E70,$E$4,"MD")&" hari" -> 0 Tahun, 4 Bulan, 15 hari | G70: 1 | J70: TK/0 | K70: 2250 | N70: =L70-M70 -> 0
A71: 19 | B71: SUPRIYONO | C71: 33812 | D71: =DATEDIF(C71,$E$4,"Y")&" Tahun, "&DATEDIF(C71,$E$4,"YM")&" Bulan, "&DATEDIF(C71,$E$4,"MD")&" hari" -> 32 Tahun, 10 Bulan, 4 hari | E71: 45673 | F71: =DATEDIF(E71,$E$4,"Y")&" Tahun, "&DATEDIF(E71,$E$4,"YM")&" Bulan, "&DATEDIF(E71,$E$4,"MD")&" hari" -> 0 Tahun, 4 Bulan, 15 hari | G71: 1 | J71: K/1 | K71: 4650 | N71: =L71-M71 -> 0
A72: 20 | B72: AWALUDIN | C72: 31787 | D72: =DATEDIF(C72,$E$4,"Y")&" Tahun, "&DATEDIF(C72,$E$4,"YM")&" Bulan, "&DATEDIF(C72,$E$4,"MD")&" hari" -> 38 Tahun, 4 Bulan, 21 hari | E72: 45693 | F72: =DATEDIF(E72,$E$4,"Y")&" Tahun, "&DATEDIF(E72,$E$4,"YM")&" Bulan, "&DATEDIF(E72,$E$4,"MD")&" hari" -> 0 Tahun, 3 Bulan, 26 hari | J72: TK/0 | K72: 2250 | N72: =L72-M72 -> 0
A73: 21 | B73: AHYAR RASIDI | C73: 37023 | D73: =DATEDIF(C73,$E$4,"Y")&" Tahun, "&DATEDIF(C73,$E$4,"YM")&" Bulan, "&DATEDIF(C73,$E$4,"MD")&" hari" -> 24 Tahun, 0 Bulan, 19 hari | E73: 45701 | F73: =DATEDIF(E73,$E$4,"Y")&" Tahun, "&DATEDIF(E73,$E$4,"YM")&" Bulan, "&DATEDIF(E73,$E$4,"MD")&" hari" -> 0 Tahun, 3 Bulan, 18 hari | J73: K/0 | K73: 3600 | N73: =L73-M73 -> 0
A74: 22 | B74: PAUZIWADI | C74: 36525 | D74: =DATEDIF(C74,$E$4,"Y")&" Tahun, "&DATEDIF(C74,$E$4,"YM")&" Bulan, "&DATEDIF(C74,$E$4,"MD")&" hari" -> 25 Tahun, 5 Bulan, 0 hari | E74: 45701 | F74: =DATEDIF(E74,$E$4,"Y")&" Tahun, "&DATEDIF(E74,$E$4,"YM")&" Bulan, "&DATEDIF(E74,$E$4,"MD")&" hari" -> 0 Tahun, 3 Bulan, 18 hari | J74: TK/0 | K74: 2250 | N74: =L74-M74 -> 0
A75: No | B75: Nama | C75: Tgl Lahir | D75: Umur | E75: Tgl Masuk | F75: Masa Kerja | G75: Bulan Kerja | H75: Tahun Kerja | I75: Rp.Masa Kerja | J75: Status | K75: Rp.Tunjangan Beras | N75: =L75-M75 -> 0
A76: PANEN BHL | N76: =L76-M76 -> 0
A77: 4 | B77: AGUS SATRIAWAN | C77: 30133 | D77: =DATEDIF(C77,$E$4,"Y")&" Tahun, "&DATEDIF(C77,$E$4,"YM")&" Bulan, "&DATEDIF(C77,$E$4,"MD")&" hari" -> 42 Tahun, 10 Bulan, 30 hari | E77: 45771 | F77: =DATEDIF(E77,$E$4,"Y")&" Tahun, "&DATEDIF(E77,$E$4,"YM")&" Bulan, "&DATEDIF(E77,$E$4,"MD")&" hari" -> 0 Tahun, 1 Bulan, 7 hari | N77: =L77-M77 -> 0
A78: 5 | B78: ZAINUL | C78: 39562 | D78: =DATEDIF(C78,$E$4,"Y")&" Tahun, "&DATEDIF(C78,$E$4,"YM")&" Bulan, "&DATEDIF(C78,$E$4,"MD")&" hari" -> 17 Tahun, 1 Bulan, 7 hari | E78: 45771 | F78: =DATEDIF(E78,$E$4,"Y")&" Tahun, "&DATEDIF(E78,$E$4,"YM")&" Bulan, "&DATEDIF(E78,$E$4,"MD")&" hari" -> 0 Tahun, 1 Bulan, 7 hari
A79: 6 | B79: M. EZAN FAHRI | C79: 36784 | D79: =DATEDIF(C79,$E$4,"Y")&" Tahun, "&DATEDIF(C79,$E$4,"YM")&" Bulan, "&DATEDIF(C79,$E$4,"MD")&" hari" -> 24 Tahun, 8 Bulan, 16 hari | E79: 45771 | F79: =DATEDIF(E79,$E$4,"Y")&" Tahun, "&DATEDIF(E79,$E$4,"YM")&" Bulan, "&DATEDIF(E79,$E$4,"MD")&" hari" -> 0 Tahun, 1 Bulan, 7 hari
A80: 7 | B80: TAHARUDIN | D80: =DATEDIF(C80,$E$4,"Y")&" Tahun, "&DATEDIF(C80,$E$4,"YM")&" Bulan, "&DATEDIF(C80,$E$4,"MD")&" hari" -> 125 Tahun, 4 Bulan, 31 hari | E80: 45771 | F80: =DATEDIF(E80,$E$4,"Y")&" Tahun, "&DATEDIF(E80,$E$4,"YM")&" Bulan, "&DATEDIF(E80,$E$4,"MD")&" hari" -> 0 Tahun, 1 Bulan, 7 hari
A81: 8 | B81: ANDEAN AUSTIN HADI | D81: =DATEDIF(C81,$E$4,"Y")&" Tahun, "&DATEDIF(C81,$E$4,"YM")&" Bulan, "&DATEDIF(C81,$E$4,"MD")&" hari" -> 125 Tahun, 4 Bulan, 31 hari | F81: =DATEDIF(E81,$E$4,"Y")&" Tahun, "&DATEDIF(E81,$E$4,"YM")&" Bulan, "&DATEDIF(E81,$E$4,"MD")&" hari" -> 125 Tahun, 4 Bulan, 31 hari
A82: 9 | B82: HAMDI | D82: =DATEDIF(C82,$E$4,"Y")&" Tahun, "&DATEDIF(C82,$E$4,"YM")&" Bulan, "&DATEDIF(C82,$E$4,"MD")&" hari" -> 125 Tahun, 4 Bulan, 31 hari | F82: =DATEDIF(E82,$E$4,"Y")&" Tahun, "&DATEDIF(E82,$E$4,"YM")&" Bulan, "&DATEDIF(E82,$E$4,"MD")&" hari" -> 125 Tahun, 4 Bulan, 31 hari
A83: 10 | B83: SOPIAN HADI | D83: =DATEDIF(C83,$E$4,"Y")&" Tahun, "&DATEDIF(C83,$E$4,"YM")&" Bulan, "&DATEDIF(C83,$E$4,"MD")&" hari" -> 125 Tahun, 4 Bulan, 31 hari | F83: =DATEDIF(E83,$E$4,"Y")&" Tahun, "&DATEDIF(E83,$E$4,"YM")&" Bulan, "&DATEDIF(E83,$E$4,"MD")&" hari" -> 125 Tahun, 4 Bulan, 31 hari
A84: 11 | B84: MASRON | D84: =DATEDIF(C84,$E$4,"Y")&" Tahun, "&DATEDIF(C84,$E$4,"YM")&" Bulan, "&DATEDIF(C84,$E$4,"MD")&" hari" -> 125 Tahun, 4 Bulan, 31 hari | F84: =DATEDIF(E84,$E$4,"Y")&" Tahun, "&DATEDIF(E84,$E$4,"YM")&" Bulan, "&DATEDIF(E84,$E$4,"MD")&" hari" -> 125 Tahun, 4 Bulan, 31 hari
D85: =DATEDIF(C85,$E$4,"Y")&" Tahun, "&DATEDIF(C85,$E$4,"YM")&" Bulan, "&DATEDIF(C85,$E$4,"MD")&" hari" -> 125 Tahun, 4 Bulan, 31 hari | F85: =DATEDIF(E85,$E$4,"Y")&" Tahun, "&DATEDIF(E85,$E$4,"YM")&" Bulan, "&DATEDIF(E85,$E$4,"MD")&" hari" -> 125 Tahun, 4 Bulan, 31 hari
B86: BERHRNTI
A87: 11 | B87: MUHAMMAD ALIMUDIN | C87: 32494 | D87: =DATEDIF(C87,$E$4,"Y")&" Tahun, "&DATEDIF(C87,$E$4,"YM")&" Bulan, "&DATEDIF(C87,$E$4,"MD")&" hari" -> 36 Tahun, 5 Bulan, 14 hari | E87: 45405 | F87: =DATEDIF(E87,$E$4,"Y")&" Tahun, "&DATEDIF(E87,$E$4,"YM")&" Bulan, "&DATEDIF(E87,$E$4,"MD")&" hari" -> 1 Tahun, 1 Bulan, 8 hari | G87: 4 | K87: 4500
A88: 23 | B88: MARSUDI | C88: 29574 | D88: =DATEDIF(C88,$E$4,"Y")&" Tahun, "&DATEDIF(C88,$E$4,"YM")&" Bulan, "&DATEDIF(C88,$E$4,"MD")&" hari" -> 44 Tahun, 5 Bulan, 12 hari | E88: 01-06-2015 | F88: =DATEDIF(E88,$E$4,"Y")&" Tahun, "&DATEDIF(E88,$E$4,"YM")&" Bulan, "&DATEDIF(E88,$E$4,"MD")&" hari" -> 10 Tahun, 4 Bulan, 25 hari | G88: 6 | K88: 5400 | L88: 21000 | M88: =I88-L88 -> -21000
A89: 24 | B89: SUKIRMAN | C89: 31229 | D89: =DATEDIF(C89,$E$4,"Y")&" Tahun, "&DATEDIF(C89,$E$4,"YM")&" Bulan, "&DATEDIF(C89,$E$4,"MD")&" hari" -> 39 Tahun, 10 Bulan, 30 hari | E89: 13-11-2008 | F89: =DATEDIF(E89,$E$4,"Y")&" Tahun, "&DATEDIF(E89,$E$4,"YM")&" Bulan, "&DATEDIF(E89,$E$4,"MD")&" hari" -> #VALUE! | G89: 11 | K89: 5400 | L89: 43500 | M89: =I89-L89 -> -43500
A90: 25 | B90: JUNAIDI ABD JAELANI | C90: 29842 | D90: =DATEDIF(C90,$E$4,"Y")&" Tahun, "&DATEDIF(C90,$E$4,"YM")&" Bulan, "&DATEDIF(C90,$E$4,"MD")&" hari" -> 43 Tahun, 8 Bulan, 18 hari | E90: 45405 | F90: =DATEDIF(E90,$E$4,"Y")&" Tahun, "&DATEDIF(E90,$E$4,"YM")&" Bulan, "&DATEDIF(E90,$E$4,"MD")&" hari" -> 1 Tahun, 1 Bulan, 8 hari | G90: 4 | K90: 5400
A91: 2 | B91: ITA | D91: =DATEDIF(C91,$E$4,"Y")&" Tahun, "&DATEDIF(C91,$E$4,"YM")&" Bulan, "&DATEDIF(C91,$E$4,"MD")&" hari" -> 125 Tahun, 4 Bulan, 31 hari | F91: =DATEDIF(E91,$E$4,"Y")&" Tahun, "&DATEDIF(E91,$E$4,"YM")&" Bulan, "&DATEDIF(E91,$E$4,"MD")&" hari" -> 125 Tahun, 4 Bulan, 31 hari | J91: TK/0 | K91: 2250 | N91: =L91-M91 -> 0
A92: 12 | B92: FAHROZI | C92: 35795 | D92: =DATEDIF(C92,$E$4,"Y")&" Tahun, "&DATEDIF(C92,$E$4,"YM")&" Bulan, "&DATEDIF(C92,$E$4,"MD")&" hari" -> 27 Tahun, 5 Bulan, 0 hari | E92: 45409 | F92: =DATEDIF(E92,$E$4,"Y")&" Tahun, "&DATEDIF(E92,$E$4,"YM")&" Bulan, "&DATEDIF(E92,$E$4,"MD")&" hari" -> 1 Tahun, 1 Bulan, 4 hari | G92: 4 | H92: 1 | I92: 2500 | J92: K/1 | K92: 4650 | N92: =L92-M92 -> 0
A93: 15 | B93: SUHAEMI | C93: 30948 | D93: =DATEDIF(C93,$E$4,"Y")&" Tahun, "&DATEDIF(C93,$E$4,"YM")&" Bulan, "&DATEDIF(C93,$E$4,"MD")&" hari" -> 40 Tahun, 8 Bulan, 8 hari | E93: 45429 | F93: =DATEDIF(E93,$E$4,"Y")&" Tahun, "&DATEDIF(E93,$E$4,"YM")&" Bulan, "&DATEDIF(E93,$E$4,"MD")&" hari" -> 1 Tahun, 0 Bulan, 14 hari | G93: 5 | H93: 1 | I93: 2500 | J93: K/2 | K93: 5550 | N93: =L93-M93 -> 0
A94: 18 | B94: RIPA'I | C94: 35612 | D94: =DATEDIF(C94,$E$4,"Y")&" Tahun, "&DATEDIF(C94,$E$4,"YM")&" Bulan, "&DATEDIF(C94,$E$4,"MD")&" hari" -> 27 Tahun, 10 Bulan, 30 hari | E94: 45474 | F94: =DATEDIF(E94,$E$4,"Y")&" Tahun, "&DATEDIF(E94,$E$4,"YM")&" Bulan, "&DATEDIF(E94,$E$4,"MD")&" hari" -> 0 Tahun, 10 Bulan, 30 hari | G94: 7 | J94: TK/0 | K94: 2250 | N94: =L94-M94 -> 0
A95: 19 | B95: YOSRI | C95: 31784 | D95: =DATEDIF(C95,$E$4,"Y")&" Tahun, "&DATEDIF(C95,$E$4,"YM")&" Bulan, "&DATEDIF(C95,$E$4,"MD")&" hari" -> 38 Tahun, 4 Bulan, 24 hari | E95: 45474 | F95: =DATEDIF(E95,$E$4,"Y")&" Tahun, "&DATEDIF(E95,$E$4,"YM")&" Bulan, "&DATEDIF(E95,$E$4,"MD")&" hari" -> 0 Tahun, 10 Bulan, 30 hari | G95: 7 | J95: K/1 | K95: 4650 | N95: =L95-M95 -> 0
A96: 1 | B96: KAKHOLIK | C96: 28125 | D96: =DATEDIF(C96,$E$4,"Y")&" Tahun, "&DATEDIF(C96,$E$4,"YM")&" Bulan, "&DATEDIF(C96,$E$4,"MD")&" hari" -> 48 Tahun, 5 Bulan, 0 hari | E96: 45673 | F96: =DATEDIF(E96,$E$4,"Y")&" Tahun, "&DATEDIF(E96,$E$4,"YM")&" Bulan, "&DATEDIF(E96,$E$4,"MD")&" hari" -> 0 Tahun, 4 Bulan, 15 hari | J96: TK/0 | K96: 2250 | N96: =L96-M96 -> 0

Sheet PENGAJUAN PRUNING MEI 2025
A1: PT. REBINMAS JAYA
A2: ARE B2
A3: PENGAJUAN PENGERJAAN PRUNING
A4: BULAN : MEI 2025
A5: ARE. B2 ( AIK BANGEK)
A6: No. | B6: Nama Karyawan | C6: Block | O6: TOTAL POKOK ( A ) | P6: TOTAL ( Rp )
C7: P0807 ( J15-J16 ) | G7: P9801 ( J17-J18 ) | K7: P0808 ( J19-J20 )
C8: ANCAK | D8: POKOK | E8: Rp/ Pokok | F8: JUMLAH | G8: ANCAK | H8: POKOK | I8: Rp/ Pokok | J8: JUMLAH | K8: ANCAK | L8: POKOK | M8: Rp/ Pokok | N8: JUMLAH
A9: 1 | B9: JUMIN | C9: 29/30 | D9: 511 | E9: 500 | F9: =D9*E9 -> 255500 | G9: 29 | H9: 201 | I9: 650 | J9: =H9*I9 -> 130650 | K9: 29/30/11 | L9: 394 | M9: 500 | N9: =L9*M9 -> 197000 | O9: =D9+H9+L9 -> 1106 | P9: =F9+J9+N9 -> 583150
A10: 2 | B10: HENDRI SUSILO | C10: 2/1 | D10: 312 | E10: 500 | F10: =D10*E10 -> 156000 | G10: 2 | H10: 176 | I10: 650 | J10: =H10*I10 -> 114400 | K10: 2 | L10: 301 | M10: 500 | N10: =L10*M10 -> 150500 | O10: =D10+H10+L10 -> 789 | P10: =F10+J10+N10 -> 420900
A11: 3 | B11: HERMANSAH | C11: 13/1 | D11: 451 | E11: 500 | F11: =D11*E11 -> 225500 | G11: 13 | H11: 169 | I11: 650 | J11: =H11*I11 -> 109850 | K11: 13 | L11: 274 | M11: 500 | N11: =L11*M11 -> 137000 | O11: =D11+H11+L11 -> 894 | P11: =F11+J11+N11 -> 472350
A12: 4 | B12: JUMADIL AWAL | C12: 18/25 | D12: 334 | E12: 500 | F12: =D12*E12 -> 167000 | G12: 18 | H12: 197 | I12: 650 | J12: =H12*I12 -> 128050 | K12: 18 | L12: 201 | M12: 500 | N12: =L12*M12 -> 100500 | O12: =D12+H12+L12 -> 732 | P12: =F12+J12+N12 -> 395550
A13: 5 | B13: NASRUDIN (SAHNUN) | C13: 17 | D13: 219 | E13: 500 | F13: =D13*E13 -> 109500 | G13: 17 | H13: 189 | I13: 650 | J13: =H13*I13 -> 122850 | K13: 17 | L13: 244 | M13: 500 | N13: =L13*M13 -> 122000 | O13: =D13+H13+L13 -> 652 | P13: =F13+J13+N13 -> 354350
A14: 6 | B14: NASRUDIN (INAK DENI) | C14: 27 | D14: 296 | E14: 500 | F14: =D14*E14 -> 148000 | G14: 27 | H14: 220 | I14: 650 | J14: =H14*I14 -> 143000 | K14: 27 | L14: 161 | M14: 500 | N14: =L14*M14 -> 80500 | O14: =D14+H14+L14 -> 677 | P14: =F14+J14+N14 -> 371500
A15: 7 | B15: SUDIRMAN | C15: 15 | D15: 214 | E15: 500 | F15: =D15*E15 -> 107000 | G15: 15/25/30 | H15: 400 | I15: 650 | J15: =H15*I15 -> 260000 | K15: 15 | L15: 251 | M15: 500 | N15: =L15*M15 -> 125500 | O15: =D15+H15+L15 -> 865 | P15: =F15+J15+N15 -> 492500
A16: 8 | B16: JAYA KUSUMA | C16: 12/11 | D16: 366 | E16: 500 | F16: =D16*E16 -> 183000 | G16: 12/5 | H16: 330 | I16: 650 | J16: =H16*I16 -> 214500 | K16: 12/9/11 | L16: 689 | M16: 500 | N16: =L16*M16 -> 344500 | O16: =D16+H16+L16 -> 1385 | P16: =F16+J16+N16 -> 742000
A17: 9 | B17: LALU HERI ISKANDAR | C17: 28 | D17: 311 | E17: 500 | F17: =D17*E17 -> 155500 | G17: 28 | H17: 190 | I17: 650 | J17: =H17*I17 -> 123500 | K17: 28 | L17: 156 | M17: 500 | N17: =L17*M17 -> 78000 | O17: =D17+H17+L17 -> 657 | P17: =F17+J17+N17 -> 357000
A18: 10 | B18: ZAINAL | C18: 23 | D18: 271 | E18: 500 | F18: =D18*E18 -> 135500 | G18: 23/25 | H18: 429 | I18: 650 | J18: =H18*I18 -> 278850 | K18: 23 | L18: 221 | M18: 500 | N18: =L18*M18 -> 110500 | O18: =D18+H18+L18 -> 921 | P18: =F18+J18+N18 -> 524850
A19: 11 | B19: MUHAMMAD TAHIR | C19: 14 | D19: 210 | E19: 500 | F19: =D19*E19 -> 105000 | G19: 14/1 | H19: 235 | I19: 650 | J19: =H19*I19 -> 152750 | K19: 14 | L19: 284 | M19: 500 | N19: =L19*M19 -> 142000 | O19: =D19+H19+L19 -> 729 | P19: =F19+J19+N19 -> 399750
A20: 12 | B20: TATO | C20: 26 | D20: 298 | E20: 500 | F20: =D20*E20 -> 149000 | G20: 26/11 | H20: 312 | I20: 650 | J20: =H20*I20 -> 202800 | K20: 26/25/25 | L20: 600 | M20: 500 | N20: =L20*M20 -> 300000 | O20: =D20+H20+L20 -> 1210 | P20: =F20+J20+N20 -> 651800
A21: 13 | B21: AGUS SURYADI | C21: 21 | D21: 254 | E21: 500 | F21: =D21*E21 -> 127000 | G21: 21 | H21: 290 | I21: 650 | J21: =H21*I21 -> 188500 | K21: 21 | L21: 202 | M21: 500 | N21: =L21*M21 -> 101000 | O21: =D21+H21+L21 -> 746 | P21: =F21+J21+N21 -> 416500
A22: 14 | B22: ALMAN | C22: 6/5/9 | D22: 777 | E22: 500 | F22: =D22*E22 -> 388500 | G22: 6/1 | H22: 261 | I22: 650 | J22: =H22*I22 -> 169650 | K22: 6/1 | L22: 434 | M22: 500 | N22: =L22*M22 -> 217000 | O22: =D22+H22+L22 -> 1472 | P22: =F22+J22+N22 -> 775150
A23: 15 | B23: HERI SUTANTO | C23: 10/11 | D23: 323 | E23: 500 | F23: =D23*E23 -> 161500 | G23: 10/9/11 | H23: 371 | I23: 650 | J23: =H23*I23 -> 241150 | K23: 10/1 | L23: 411 | M23: 500 | N23: =L23*M23 -> 205500 | O23: =D23+H23+L23 -> 1105 | P23: =F23+J23+N23 -> 608150
A24: 17 | B24: AWALUDIN | C24: 19/25 | D24: 377 | E24: 500 | F24: =D24*E24 -> 188500 | G24: 19 | H24: 198 | I24: 650 | J24: =H24*I24 -> 128700 | K24: 19 | L24: 194 | M24: 500 | N24: =L24*M24 -> 97000 | O24: =D24+H24+L24 -> 769 | P24: =F24+J24+N24 -> 414200
A25: 18 | B25: AHYAR RASIDI | C25: 20 | D25: 202 | E25: 500 | F25: =D25*E25 -> 101000 | G25: 20 | H25: 187 | I25: 650 | J25: =H25*I25 -> 121550 | K25: 20 | L25: 186 | M25: 500 | N25: =L25*M25 -> 93000 | O25: =D25+H25+L25 -> 575 | P25: =F25+J25+N25 -> 315550
A26: 19 | B26: PAUZIWADI | C26: 16 | D26: 202 | E26: 500 | F26: =D26*E26 -> 101000 | G26: 16 | H26: 171 | I26: 650 | J26: =H26*I26 -> 111150 | K26: 16 | L26: 211 | M26: 500 | N26: =L26*M26 -> 105500 | O26: =D26+H26+L26 -> 584 | P26: =F26+J26+N26 -> 317650
A27: 20 | B27: AGUS SATRIAWAN | C27: 3 | D27: 232 | E27: 500 | F27: =D27*E27 -> 116000 | G27: 3 | H27: 181 | I27: 650 | J27: =H27*I27 -> 117650 | K27: 3 | L27: 293 | M27: 500 | N27: =L27*M27 -> 146500 | O27: =D27+H27+L27 -> 706 | P27: =F27+J27+N27 -> 380150
A28: 21 | B28: ZAINUL | C28: 4 | D28: 249 | E28: 500 | F28: =D28*E28 -> 124500 | G28: 4 | H28: 170 | I28: 650 | J28: =H28*I28 -> 110500 | K28: 4 | L28: 298 | M28: 500 | N28: =L28*M28 -> 149000 | O28: =D28+H28+L28 -> 717 | P28: =F28+J28+N28 -> 384000
A29: 22 | B29: M. EZAN FAHRI | C29: 22 | D29: 241 | E29: 500 | F29: =D29*E29 -> 120500 | G29: 22 | H29: 292 | I29: 650 | J29: =H29*I29 -> 189800 | K29: 22 | L29: 201 | M29: 500 | N29: =L29*M29 -> 100500 | O29: =D29+H29+L29 -> 734 | P29: =F29+J29+N29 -> 410800
A30: 23 | B30: TAHARUDIN | C30: 24 | D30: 270 | E30: 500 | F30: =D30*E30 -> 135000 | G30: 24 | H30: 286 | I30: 650 | J30: =H30*I30 -> 185900 | K30: 24 | L30: 219 | M30: 500 | N30: =L30*M30 -> 109500 | O30: =D30+H30+L30 -> 775 | P30: =F30+J30+N30 -> 430400
A31: 24 | B31: ANDREAN AGUSTIN HADI | C31: 8 | D31: 260 | E31: 500 | F31: =D31*E31 -> 130000 | G31: 8 | H31: 160 | I31: 650 | J31: =H31*I31 -> 104000 | K31: 8 | L31: 294 | M31: 500 | N31: =L31*M31 -> 147000 | O31: =D31+H31+L31 -> 714 | P31: =F31+J31+N31 -> 381000
A32: 25 | B32: HAMDI | C32: 7 | D32: 260 | E32: 500 | F32: =D32*E32 -> 130000 | G32: 7 | H32: 161 | I32: 650 | J32: =H32*I32 -> 104650 | K32: 7 | L32: 296 | M32: 500 | N32: =L32*M32 -> 148000 | O32: =D32+H32+L32 -> 717 | P32: =F32+J32+N32 -> 382650
A33: 28 | F33: =D33*E33 -> 0 | J33: =H33*I33 -> 0 | N33: =L33*M33 -> 0 | O33: =D33+H33+J33+N33 -> 0 | P33: =O33*$P$5 -> 0
A34: 29 | F34: =D34*E34 -> 0 | J34: =H34*I34 -> 0 | N34: =L34*M34 -> 0 | O34: =D34+H34+J34+N34 -> 0 | P34: =O34*$P$5 -> 0
A35: 30 | F35: =D35*E35 -> 0 | J35: =H35*I35 -> 0 | N35: =L35*M35 -> 0 | O35: =D35+H35+J35+N35 -> 0 | P35: =O35*$P$5 -> 0
A36: Total | D36: =SUM(D9:D35) -> 7440 | F36: =SUM(F9:F35) -> 3720000 | H36: =SUM(H9:H35) -> 5776 | J36: =SUM(J9:J35) -> 3754400 | L36: =SUM(L9:L35) -> 7015 | N36: =SUM(N9:N35) -> 3507500 | O36: =SUM(O9:O35) -> 20231 | P36: =SUM(P9:P35) -> 10981900
D37: 8452 | H37: 6775 | L37: 5549 | O37: =D36+H36+L36 -> 20231
D38: =D36-D37 -> -1012 | H38: =H36-H37 -> -999 | L38: =L36-L37 -> 1466 | O38: =O36-O37 -> 0
A39: SUMMARY BLOCK
A40: ARE B2 ( AIK BANGEK)
A41: BLOCK | B41: FIELD | C41: HA | D41: SPH | E41: JUMLAH POKOK | F41: Rp/Pokok | G41: TOTAL BIAYA
A42: P0807 | B42: J15-J16 | C42: =E42/D42 -> 55.522388 | D42: 134 | E42: =D36 -> 7440 | F42: 500 | G42: =E42*F42 -> 3720000
A43: P9801 | B43: J17-J18 | C43: =E43/D43 -> 40.111111 | D43: 144 | E43: =H36 -> 5776 | F43: 650 | G43: =E43*F43 -> 3754400
A44: P0808 | B44: J19-J20 | C44: =E44/D44 -> 57.5 | D44: 122 | E44: =L36 -> 7015 | F44: 500 | G44: =E44*F44 -> 3507500
A45: TOTAL | E45: =SUM(E42:E44) -> 20231 | G45: =SUM(G42:H44) -> 10981900
D46: 8292 | E46: =O36-E45 -> 0 | G46: =G45-P36 -> 0 | H46: 8292 | J46: =O36-E45 -> 0 | L46: =G45-P36 -> 0 | O46: 33976 | P46: 16988000
A47: Air Ruak,28 Mei 2025 | D47: =D34-D46 -> -8292 | E47: =E45-E46 -> 20231 | P47: =P34-P46 -> -16988000
A48: Dibuat Oleh, | E48: Diperiksa Oleh, | I48: Di ketahui Oleh | N48: Disetuji Oleh,
A52: Afriwanton | E52: Bahru Lumban Toruan | I52: Nurhuda Bima Sakti | N52: Fedian Syahfutra
A53: Mandor Panen | E53: Field Conductor | I53: Askep ARE B2 | N53: Manager ARE A/ B1/B2

Sheet INSETIF MEI'25
A1: PT. REBINMAS JAYA
A2: AIR RUAK ESTATE B2
A3: DAFTAR PREMI INSENTIVE PANEN ARE B2 (AIR BANGEK)
A5: NO. | B5: NAMA PEMANEN | C5: ARE B2 (AIR BANGEK) | H5: BANTU ARE B1 TIMUR | K5: TOTAL TON | L5: INSENTIVE PREMI | M5: KETERANGAN | N5: RANK | O5: JANJANG
C6: PANEN | H6: PANEN | Q6: RUMUS
C7: JJG | D7: KONTANAN | E7: TOTAL JJG | F7: BJR | G7: TON | H7: JJG | I7: BJR | J7: TON
A8: 1 | B8: ='MONITORING '!B7 -> JUMIN | C8: =O8-H8 -> 2252 | E8: =C8+D8 -> 2252 | F8: 15.1 | G8: =E8*F8/1000 -> 34.0052 | J8: =H8*I8/1000 -> 0 | K8: =G8+J8 -> 34.0052 | L8: =VLOOKUP(K8,$R$8:$S$13,2) -> 300000 | N8: =RANK(O8,$O$8:$O$36,0) -> 5 | O8: ='MONITORING '!AI11 -> 2252 | R8: 0
A9: 2 | B9: ='MONITORING '!B20 -> HENDRI SUSILO | C9: =O9-H9 -> 1866 | E9: =C9+D9 -> 1866 | F9: 15.1 | G9: =E9*F9/1000 -> 28.1766 | J9: =H9*I9/1000 -> 0 | K9: =G9+J9 -> 28.1766 | L9: =VLOOKUP(K9,$R$8:$S$13,2) -> 150000 | N9: =RANK(O9,$O$8:$O$36,0) -> 10 | O9: ='MONITORING '!AI24 -> 1866 | Q9: 25,00-30,00 | R9: 25 | S9: 150000
A10: 3 | B10: ='MONITORING '!B33 -> HERMANSAH | C10: =O10-H10 -> 2234 | E10: =C10+D10 -> 2234 | F10: 15.1 | G10: =E10*F10/1000 -> 33.7334 | J10: =H10*I10/1000 -> 0 | K10: =G10+J10 -> 33.7334 | L10: =VLOOKUP(K10,$R$8:$S$13,2) -> 300000 | N10: =RANK(O10,$O$8:$O$36,0) -> 6 | O10: ='MONITORING '!AI37 -> 2234 | Q10: 30,01-45,00 | R10: 30.01 | S10: 300000
A11: 4 | B11: ='MONITORING '!B46 -> JUMADIL AWAL | C11: =O11-H11 -> 1699 | E11: =C11+D11 -> 1699 | F11: 15.1 | G11: =E11*F11/1000 -> 25.6549 | J11: =H11*I11/1000 -> 0 | K11: =G11+J11 -> 25.6549 | L11: =VLOOKUP(K11,$R$8:$S$13,2) -> 150000 | M11: ADA SP | N11: =RANK(O11,$O$8:$O$36,0) -> 15 | O11: ='MONITORING '!AI50 -> 1699 | Q11: 45,01-55,00 | R11: 45.01 | S11: 750000
A12: 5 | B12: ='MONITORING '!B59 -> NASRUDIN (SAHNUN) | C12: =O12-H12 -> 1669 | E12: =C12+D12 -> 1669 | F12: 15.1 | G12: =E12*F12/1000 -> 25.2019 | J12: =H12*I12/1000 -> 0 | K12: =G12+J12 -> 25.2019 | L12: =VLOOKUP(K12,$R$8:$S$13,2) -> 150000 | M12: ADA SP | N12: =RANK(O12,$O$8:$O$36,0) -> 17 | O12: ='MONITORING '!AI63 -> 1669 | Q12: 55,01-65,00 | R12: 55.01 | S12: 950000
A13: 6 | B13: ='MONITORING '!B72 -> NASRUDIN (INAK DENI) | C13: =O13-H13 -> 2191 | E13: =C13+D13 -> 2191 | F13: 15.1 | G13: =E13*F13/1000 -> 33.0841 | J13: =H13*I13/1000 -> 0 | K13: =G13+J13 -> 33.0841 | L13: =VLOOKUP(K13,$R$8:$S$13,2) -> 300000 | M13: ADA SP | N13: =RANK(O13,$O$8:$O$36,0) -> 7 | O13: ='MONITORING '!AI76 -> 2191 | Q13: 65,01-75 TON | R13: 65.01 | S13: 1150000
A14: 7 | B14: ='MONITORING '!B85 -> SUDIRMAN | C14: =O14-H14 -> 2308 | E14: =C14+D14 -> 2308 | F14: 15.1 | G14: =E14*F14/1000 -> 34.8508 | J14: =H14*I14/1000 -> 0 | K14: =G14+J14 -> 34.8508 | L14: =VLOOKUP(K14,$R$8:$S$13,2) -> 300000 | N14: =RANK(O14,$O$8:$O$36,0) -> 3 | O14: ='MONITORING '!AI89 -> 2308
A15: 8 | B15: ='MONITORING '!B98 -> JAYA KUSUMA | C15: =O15-H15 -> 2683 | E15: =C15+D15 -> 2683 | F15: 15.1 | G15: =E15*F15/1000 -> 40.5133 | J15: =H15*I15/1000 -> 0 | K15: =G15+J15 -> 40.5133 | L15: =VLOOKUP(K15,$R$8:$S$13,2) -> 300000 | N15: =RANK(O15,$O$8:$O$36,0) -> 1 | O15: ='MONITORING '!AI102 -> 2683
A16: 9 | B16: ='MONITORING '!B111 -> LALU HERI ISKANDAR | C16: =O16-H16 -> 1748 | E16: =C16+D16 -> 1748 | F16: 15.1 | G16: =E16*F16/1000 -> 26.3948 | J16: =H16*I16/1000 -> 0 | K16: =G16+J16 -> 26.3948 | L16: =VLOOKUP(K16,$R$8:$S$13,2) -> 150000 | N16: =RANK(O16,$O$8:$O$36,0) -> 14 | O16: ='MONITORING '!AI115 -> 1748
A17: 10 | B17: ='MONITORING '!B124 -> ZAINAL | C17: =O17-H17 -> 1884 | E17: =C17+D17 -> 1884 | F17: 15.1 | G17: =E17*F17/1000 -> 28.4484 | J17: =H17*I17/1000 -> 0 | K17: =G17+J17 -> 28.4484 | L17: =VLOOKUP(K17,$R$8:$S$13,2) -> 150000 | M17: ADA SP | N17: =RANK(O17,$O$8:$O$36,0) -> 9 | O17: ='MONITORING '!AI128 -> 1884
A18: 11 | B18: ='MONITORING '!B137 -> MUHAMMAD TAHIR | C18: =O18-H18 -> 1775 | E18: =C18+D18 -> 1775 | F18: 15.1 | G18: =E18*F18/1000 -> 26.8025 | J18: =H18*I18/1000 -> 0 | K18: =G18+J18 -> 26.8025 | L18: =VLOOKUP(K18,$R$8:$S$13,2) -> 150000 | N18: =RANK(O18,$O$8:$O$36,0) -> 12 | O18: ='MONITORING '!AI141 -> 1775
A19: 12 | B19: ='MONITORING '!B150 -> TATO | C19: =O19-H19 -> 2628 | E19: =C19+D19 -> 2628 | F19: 15.1 | G19: =E19*F19/1000 -> 39.6828 | J19: =H19*I19/1000 -> 0 | K19: =G19+J19 -> 39.6828 | L19: =VLOOKUP(K19,$R$8:$S$13,2) -> 300000 | M19: ADA SP | N19: =RANK(O19,$O$8:$O$36,0) -> 2 | O19: ='MONITORING '!AI154 -> 2628
A20: 13 | B20: ='MONITORING '!B163 -> AGUS SURYADI | C20: =O20-H20 -> 1680 | E20: =C20+D20 -> 1680 | F20: 15.1 | G20: =E20*F20/1000 -> 25.368 | J20: =H20*I20/1000 -> 0 | K20: =G20+J20 -> 25.368 | L20: =VLOOKUP(K20,$R$8:$S$13,2) -> 150000 | N20: =RANK(O20,$O$8:$O$36,0) -> 16 | O20: ='MONITORING '!AI167 -> 1680
A21: 14 | B21: ='MONITORING '!B176 -> ALMAN | C21: =O21-H21 -> 2293 | E21: =C21+D21 -> 2293 | F21: 15.1 | G21: =E21*F21/1000 -> 34.6243 | J21: =H21*I21/1000 -> 0 | K21: =G21+J21 -> 34.6243 | L21: =VLOOKUP(K21,$R$8:$S$13,2) -> 300000 | N21: =RANK(O21,$O$8:$O$36,0) -> 4 | O21: ='MONITORING '!AI180 -> 2293
A22: 15 | B22: ='MONITORING '!B189 -> HERI SUTANTO | C22: =O22-H22 -> 1820 | E22: =C22+D22 -> 1820 | F22: 15.1 | G22: =E22*F22/1000 -> 27.482 | J22: =H22*I22/1000 -> 0 | K22: =G22+J22 -> 27.482 | L22: =VLOOKUP(K22,$R$8:$S$13,2) -> 150000 | N22: =RANK(O22,$O$8:$O$36,0) -> 11 | O22: ='MONITORING '!AI193 -> 1820
A23: 16 | B23: ='MONITORING '!B202 -> SUPRIYONO | C23: =O23-H23 -> 1456 | E23: =C23+D23 -> 1456 | F23: 15.1 | G23: =E23*F23/1000 -> 21.9856 | J23: =H23*I23/1000 -> 0 | K23: =G23+J23 -> 21.9856 | L23: =VLOOKUP(K23,$R$8:$S$13,2) -> 0 | N23: =RANK(O23,$O$8:$O$36,0) -> 24 | O23: ='MONITORING '!AI206 -> 1456
A24: 17 | B24: ='MONITORING '!B215 -> AWALUDIN ( INUN ) | C24: =O24-H24 -> 1552 | E24: =C24+D24 -> 1552 | F24: 15.1 | G24: =E24*F24/1000 -> 23.4352 | J24: =H24*I24/1000 -> 0 | K24: =G24+J24 -> 23.4352 | L24: =VLOOKUP(K24,$R$8:$S$13,2) -> 0 | N24: =RANK(O24,$O$8:$O$36,0) -> 21 | O24: ='MONITORING '!AI219 -> 1552
A25: 18 | B25: ='MONITORING '!B228 -> AHYAR RASIDI | C25: =O25-H25 -> 1910 | E25: =C25+D25 -> 1910 | F25: 15.1 | G25: =E25*F25/1000 -> 28.841 | J25: =H25*I25/1000 -> 0 | K25: =G25+J25 -> 28.841 | L25: =VLOOKUP(K25,$R$8:$S$13,2) -> 150000 | M25: ADA SP | N25: =RANK(O25,$O$8:$O$36,0) -> 8 | O25: ='MONITORING '!AI232 -> 1910
A26: 19 | B26: ='MONITORING '!B241 -> PAUZIWADI | C26: =O26-H26 -> 1770 | E26: =C26+D26 -> 1770 | F26: 15.1 | G26: =E26*F26/1000 -> 26.727 | J26: =H26*I26/1000 -> 0 | K26: =G26+J26 -> 26.727 | L26: =VLOOKUP(K26,$R$8:$S$13,2) -> 150000 | M26: ADA SP | N26: =RANK(O26,$O$8:$O$36,0) -> 13 | O26: ='MONITORING '!AI245 -> 1770
A27: 20 | B27: ='MONITORING '!B254 -> AGUS SATRIAWAN | C27: =O27-H27 -> 1567 | E27: =C27+D27 -> 1567 | F27: 15.1 | G27: =E27*F27/1000 -> 23.6617 | J27: =H27*I27/1000 -> 0 | K27: =G27+J27 -> 23.6617 | L27: =VLOOKUP(K27,$R$8:$S$13,2) -> 0 | N27: =RANK(O27,$O$8:$O$36,0) -> 19 | O27: ='MONITORING '!AI258 -> 1567
A28: 21 | B28: ='MONITORING '!B267 -> ZAINUL | C28: =O28-H28 -> 1499 | E28: =C28+D28 -> 1499 | F28: 15.1 | G28: =E28*F28/1000 -> 22.6349 | J28: =H28*I28/1000 -> 0 | K28: =G28+J28 -> 22.6349 | L28: =VLOOKUP(K28,$R$8:$S$13,2) -> 0 | N28: =RANK(O28,$O$8:$O$36,0) -> 22 | O28: ='MONITORING '!AI271 -> 1499
A29: 22 | B29: ='MONITORING '!B280 -> M. EZAN FARIZI | C29: =O29-H29 -> 1489 | E29: =C29+D29 -> 1489 | F29: 15.1 | G29: =E29*F29/1000 -> 22.4839 | J29: =H29*I29/1000 -> 0 | K29: =G29+J29 -> 22.4839 | L29: =VLOOKUP(K29,$R$8:$S$13,2) -> 0 | N29: =RANK(O29,$O$8:$O$36,0) -> 23 | O29: ='MONITORING '!AI284 -> 1489
A30: 23 | B30: ='MONITORING '!B293 -> TAHARUDIN | C30: =O30-H30 -> 1632 | E30: =C30+D30 -> 1632 | F30: 15.1 | G30: =E30*F30/1000 -> 24.6432 | J30: =H30*I30/1000 -> 0 | K30: =G30+J30 -> 24.6432 | L30: =VLOOKUP(K30,$R$8:$S$13,2) -> 0 | N30: =RANK(O30,$O$8:$O$36,0) -> 18 | O30: ='MONITORING '!AI297 -> 1632
A31: 24 | B31: ='MONITORING '!B306 -> ANDREAN AUSTIN HADI | C31: =O31-H31 -> 1444 | E31: =C31+D31 -> 1444 | F31: 15.1 | G31: =E31*F31/1000 -> 21.8044 | J31: =H31*I31/1000 -> 0 | K31: =G31+J31 -> 21.8044 | L31: =VLOOKUP(K31,$R$8:$S$13,2) -> 0 | N31: =RANK(O31,$O$8:$O$36,0) -> 25 | O31: ='MONITORING '!AI310 -> 1444
A32: 25 | B32: ='MONITORING '!B319 -> HAMDI | C32: =O32-H32 -> 1564 | E32: =C32+D32 -> 1564 | F32: 15.1 | G32: =E32*F32/1000 -> 23.6164 | J32: =H32*I32/1000 -> 0 | K32: =G32+J32 -> 23.6164 | L32: =VLOOKUP(K32,$R$8:$S$13,2) -> 0 | N32: =RANK(O32,$O$8:$O$36,0) -> 20 | O32: ='MONITORING '!AI323 -> 1564
A33: 26 | B33: ='MONITORING '!B332 -> SOPIAN HADI | C33: =O33-H33 -> 351 | E33: =C33+D33 -> 351 | F33: 15.1 | G33: =E33*F33/1000 -> 5.3001 | J33: =H33*I33/1000 -> 0 | K33: =G33+J33 -> 5.3001 | L33: =VLOOKUP(K33,$R$8:$S$13,2) -> 0 | N33: =RANK(O33,$O$8:$O$36,0) -> 28 | O33: ='MONITORING '!AI336 -> 351
A34: 27 | B34: ='MONITORING '!B345 -> MASRON | C34: =O34-H34 -> 455 | E34: =C34+D34 -> 455 | F34: 15.1 | G34: =E34*F34/1000 -> 6.8705 | J34: =H34*I34/1000 -> 0 | K34: =G34+J34 -> 6.8705 | L34: =VLOOKUP(K34,$R$8:$S$13,2) -> 0 | N34: =RANK(O34,$O$8:$O$36,0) -> 27 | O34: ='MONITORING '!AI349 -> 455
A35: 28 | B35: ='MONITORING '!B358 -> HERIYANTO | C35: =O35-H35 -> 904 | E35: =C35+D35 -> 904 | F35: 15.1 | G35: =E35*F35/1000 -> 13.6504 | J35: =H35*I35/1000 -> 0 | K35: =G35+J35 -> 13.6504 | L35: =VLOOKUP(K35,$R$8:$S$13,2) -> 0 | N35: =RANK(O35,$O$8:$O$36,0) -> 26 | O35: ='MONITORING '!AI362 -> 904
A36: 29 | B36: ='MONITORING '!B371 -> ADI SUSANTO | C36: =O36-H36 -> 31 | E36: =C36+D36 -> 31 | F36: 15.1 | G36: =E36*F36/1000+0.13 -> 0.5981 | J36: =H36*I36/1000 -> 0 | K36: =G36+J36 -> 0.5981 | L36: =VLOOKUP(K36,$R$8:$S$13,2) -> 0 | N36: =RANK(O36,$O$8:$O$36,0) -> 29 | O36: ='MONITORING '!AI375 -> 31
A37: 30 | B37: ='MONITORING '!B384 -> 0 | C37: =O37-H37 -> 0 | E37: =C37+D37 -> 0 | G37: =E37*F37/1000 -> 0 | J37: =H37*I37/1000 -> 0 | K37: =G37+J37 -> 0 | L37: =VLOOKUP(K37,$R$8:$S$13,2) -> 0 | N37: =RANK(O37,$O$8:$O$36,0) -> #N/A | O37: ='MONITORING '!AI388 -> 0
A38: 31 | B38: ='MONITORING '!B397 -> 0 | E38: =C38+D38 -> 0 | G38: =E38*F38/1000 -> 0 | J38: =H38*I38/1000 -> 0 | K38: =G38+J38 -> 0 | L38: =VLOOKUP(K38,$R$8:$S$13,2) -> 0 | N38: =RANK(O38,$O$8:$O$36,0) -> #N/A | O38: ='MONITORING '!AI401 -> 0
A39: 32 | B39: ='MONITORING '!B410 -> 0 | C39: =O39-H39 -> 0 | E39: =C39+D39 -> 0 | G39: =E39*F39/1000 -> 0 | J39: =H39*I39/1000 -> 0 | K39: =G39+J39 -> 0 | L39: =VLOOKUP(K39,$R$8:$S$13,2) -> 0 | N39: =RANK(O39,$O$8:$O$36,0) -> #N/A | O39: ='MONITORING '!AI414 -> 0
A40: 33 | B40: ='MONITORING '!B423 -> 0 | E40: =C40+D40 -> 0 | G40: =E40*F40/1000 -> 0 | J40: =H40*I40/1000 -> 0 | K40: =G40+J40 -> 0 | L40: =VLOOKUP(K40,$R$8:$S$13,2) -> 0 | N40: =RANK(O40,$O$8:$O$36,0) -> #N/A | O40: ='MONITORING '!AI427 -> 0
A41: 34 | B41: ='MONITORING '!B436 -> 0 | E41: =C41+D41 -> 0 | G41: =E41*F41/1000 -> 0 | J41: =H41*I41/1000 -> 0 | K41: =G41+J41 -> 0 | L41: =VLOOKUP(K41,$R$8:$S$13,2) -> 0 | N41: =RANK(O41,$O$8:$O$36,0) -> #N/A | O41: ='MONITORING '!AI440 -> 0 | AA41: =836.28-836.37 -> -0.09
A42: 35 | B42: ='MONITORING '!B449 -> 0 | C42: =O42-H42 -> 0 | E42: =C42+D42 -> 0 | G42: =E42*F42/1000 -> 0 | J42: =H42*I42/1000 -> 0 | K42: =G42+J42 -> 0 | L42: =VLOOKUP(K42,$R$8:$S$13,2) -> 0 | N42: =RANK(O42,$O$8:$O$36,0) -> #N/A | O42: ='MONITORING '!AI453 -> 0 | W42: 730278
A43: TOTAL | C43: =SUM(C8:C42) -> 48354 | D43: =SUM(D8:D42) -> 0 | E43: =SUM(E8:E42) -> 48354 | G43: =SUM(G8:G42) -> 730.2754 | H43: =SUM(H8:H42) -> 0 | I43: =SUM(I8:I42) -> 0 | J43: =SUM(J8:J42) -> 0 | K43: =SUM(K8:K42) -> 730.2754 | L43: =SUM(L8:L42) -> 3600000 | O43: =SUM(O8:O42) -> 48354 | W43: =E43 -> 48354
E44: =O43 -> 48354 | G44: 730.28 | O44: ='MONITORING '!AI515 -> 48354 | W44: 730278
A45: KET | B45: INSENTIVE → 25,00-30,00 TON : Rp 150.000,- | E45: =E43-E44 -> 0 | G45: =G43-G44 -> -0.0046 | O45: =O43-O44 -> 0 | W45: =W44/W43 -> 15.102742
B46: INSENTIVE → 30,01-45,00 TON : Rp 300.000,-
B47: INSENTIVE → 45,01-55,00 TON : Rp 750.000,- | W47: =K43-828.4 -> -98.1246
B48: INSENTIVE → 55,01-65,00 TON : Rp 950.000,-
B49: INSENTIVE → 65,01-75 TON : Rp1.150.000
A50: Air Ruak, 31 Mei 2025
B51: Diperiksa oleh, | C51: Diketahui Oleh, | K51: Disetujui Oleh,
B56: Nurhuda Bima Sakti | C56: Fedian Syahfutra | K56: Chandra Dinata Pribadi
B57: Askep ARE B2 | C57: Manager ARE A/ B1/B2 | K57: Senior Manager ARE

Sheet MONITORING 
A1: PT. REBINMAS JAYA
A3: MONITORING HASIL PANEN
A4: BULAN : MEI 2025 | E4: 129220 | F4: 129220 | T4: 129220 | AH4: 121333.33
A5: NO. | B5: ITEM | C5: TGL MASUK KERJA | D5: T A N G G A L | AI5: TOTAL | AJ5: HARGA PREMI | AK5: TOTAL PREMI
D6: 1 | E6: 2 | F6: 3 | G6: 4 | H6: 5 | I6: 6 | J6: 7 | K6: 8 | L6: 9 | M6: 10 | N6: 11 | O6: 12 | P6: 13 | Q6: 14 | R6: 15 | S6: 16 | T6: 17 | U6: 18 | V6: 19 | W6: 20 | X6: 21 | Y6: 22 | Z6: 23 | AA6: 24 | AB6: 25 | AC6: 26 | AD6: 27 | AE6: 28 | AF6: 29 | AG6: 30 | AH6: 31 | AM6: POKOK
A7: 1 | B7: JUMIN | C7: 08-12-2014 | E7: 1 | F7: 1 | H7: 1 | I7: 1 | J7: 1 | K7: 1 | L7: 1 | M7: 1 | P7: 1 | Q7: 1 | R7: 1 | S7: 1 | T7: 1 | V7: 1 | W7: 1 | X7: 1 | Y7: 1 | Z7: 1 | AA7: 1 | AC7: 1 | AD7: 1 | AE7: 1 | AG7: 1 | AH7: 1 | AI7: =SUM(D7:AH7) -> 24
B8: BLOCK | E8: P9802 | F8: P9802 P9803 | H8: P0901 | J8: P0808 P9801 | K8: P0811 | L8: P9802 | M8: P9803 | P8: P0901 | Q8: P0902 | R8: P0806 | S8: P0807 | T8: P0808 | V8: P9802 | W8: P0901 P0902 P9803 | X8: P0806 P0902 | Y8: P0806 P0807 P9801 | Z8: P0808 P0811 | AA8: P9802 | AC8: P9802 P9803 | AD8: P0901 P0902 | AE8: P0806 P0902 | AG8: P0806 | AH8: P0808 P9801
B9: ANCAK | E9: 29/30/27/28 | F9: 30/29 | H9: 25/29/30 | J9: 29/30 | K9: 29 | L9: 29/30 | M9: 29/30 | P9: 29 | Q9: 29/30 | R9: 29 | S9: 29/30 | T9: 29 | V9: 29/30 | W9: 29 | X9: 29/30 | Y9: 29/30 | Z9: 29/30 | AA9: 30 | AC9: 29 | AD9: 29/30 | AE9: 29/30 | AG9: 29/30 | AH9: 29
B10: BASIC | E10: 90 | F10: 90 | H10: 103 | J10: 103 | K10: 103 | L10: 90 | M10: 90 | P10: 103 | Q10: 114 | R10: 114 | S10: 103 | T10: 103 | V10: 90 | W10: 103 | X10: 114 | Y10: 114 | Z10: 103 | AA10: 90 | AC10: 90 | AD10: 103 | AE10: 114 | AG10: 114 | AH10: 103 | AI10: =SUM(D10:AH10) -> 2344
B11: JANJANG | E11: 150 | F11: 75 | H11: 190 | J11: 58 | K11: 62 | L11: 37 | M11: 57 | P11: 74 | Q11: 101 | R11: 79 | S11: =212+13 -> 225 | T11: =74+2 -> 76 | V11: 166 | W11: 100 | X11: =102+3+5 -> 110 | Y11: =80+1+6 -> 87 | Z11: 56 | AA11: =39+6 -> 45 | AC11: =65+3 -> 68 | AD11: =68+2 -> 70 | AE11: 121 | AG11: =178+11 -> 189 | AH11: 56 | AI11: =SUM(D11:AH11) -> 2252 | AL11: 1648 | AM11: =AI11-AL11 -> 604
B12: PREMI (BASIS 90) | E12: =E11-E10 -> 60 | V12: =V11-V10 -> 76 | AI12: =SUM(D12:AH12) -> 136 | AJ12: 1409 | AK12: =AI12*AJ12 -> 191624
B13: PREMI (BASIS 103) | H13: =H11-H10 -> 87 | S13: =S11-S10 -> 122 | AI13: =SUM(D13:AH13) -> 209 | AJ13: 1322 | AK13: =AI13*AJ13 -> 276298
B14: PREMI (BASIS 114) | AE14: =AE11-AE10 -> 7 | AG14: =AG11-AG10 -> 75 | AI14: =SUM(D14:AH14) -> 82 | AJ14: 1233 | AK14: =AI14*AJ14 -> 101106
B15: PREMI (BASIS 154) | AI15: =SUM(D15:AH15) -> 0 | AJ15: 1043 | AK15: =AI15*AJ15 -> 0
B16: PREMI (BASIS ) | AI16: =SUM(D16:AH16) -> 0 | AK16: =AI16*AJ16 -> 0
B17: TOTAL PREMI | AI17: =SUM(D17:AH17) -> 0 | AK17: =SUM(AK12:AK16) -> 569028
B18: BRONDOL | E18: 15 | F18: 6 | H18: 27 | J18: 4 | K18: 5 | L18: 5 | M18: 9 | P18: 9 | Q18: 6 | R18: 6 | S18: 21 | T18: 11 | V18: 23 | W18: 10 | X18: 6 | Y18: 18 | Z18: 14 | AA18: 8 | AC18: 9 | AD18: 12 | AE18: 10 | AG18: 27 | AH18: 12 | AI18: =SUM(D18:AH18) -> 273 | AJ18: 1750 | AK18: =AI18*AJ18 -> 477750 | AL18: 233 | AM18: =AI18-AL18 -> 40
B19: KOREKSI | AI19: =SUM(D19:AH19) -> 0 | AK19: =AI19 -> 0
A20: 2 | B20: HENDRI SUSILO | C20: 23-09-2019 | E20: 1 | F20: 1 | H20: 1 | I20: 1 | J20: 1 | K20: 1 | L20: 1 | M20: 1 | P20: 1 | Q20: 1 | R20: 1 | S20: 1 | T20: 1 | V20: 1 | W20: 1 | X20: 1 | Y20: 1 | Z20: 1 | AA20: 1 | AC20: 1 | AD20: 1 | AE20: 1 | AG20: 1 | AH20: 1 | AI20: =SUM(D20:AH20) -> 24
B21: BLOCK | E21: P0811 | F21: P9803 | H21: P0901 P0902 | I21: P0807 | J21: P0808 P9801 | K21: P0811 | L21: P9802 | M21: P9803 | P21: P0901 P0902 | Q21: P0902 | R21: P0807 | S21: P0807 P0808 P9801 | T21: P0811 | V21: P9802 | W21: P0901 P9802 | X21: P0806 P0902 | Y21: P0806 P0807 P9801 | Z21: P0808 P0811 | AA21: P0811 P9802 | AC21: P9802 P9803 | AD21: P0901 P0902 | AE21: P0806 P0902 | AG21: P0806 P0807 P9801 | AH21: P0808 P0811
B22: ANCAK | E22: 1/2 | F22: 2 | H22: 1/2 | I22: 2/1 | J22: 2/1 | K22: 2 | L22: 1/2 | M22: 1/2 | P22: 2/13 | Q22: 1/2 | R22: 2/1 | S22: 2 | T22: 2 | V22: 2/1 | W22: 1/2 | X22: 1/2 | Y22: 1/2 | Z22: 1/2 | AA22: 1/2 | AC22: 2 | AD22: 2 | AE22: 1/2 | AG22: 2/1 | AH22: 2
B23: BASIC | E23: 103 | F23: 90 | H23: 103 | I23: 103 | J23: 103 | K23: 13 | L23: 90 | M23: 90 | P23: 103 | Q23: 114 | R23: 103 | S23: 103 | T23: 103 | V23: 90 | W23: 103 | X23: 114 | Y23: 114 | Z23: 103 | AA23: 103 | AC23: 90 | AD23: 103 | AE23: 114 | AG23: 114 | AH23: 103 | AI23: =SUM(D23:AH23) -> 2372
B24: JANJANG | E24: 150 | F24: 40 | H24: 83 | I24: 127 | J24: 127 | K24: 40 | L24: 33 | M24: 28 | P24: 53 | Q24: 162 | R24: 128 | S24: 55 | T24: 40 | V24: 130 | W24: 57 | X24: 60 | Y24: =99+2 -> 101 | Z24: 73 | AA24: 19 | AC24: 49 | AD24: =42+2 -> 44 | AE24: 105 | AG24: 109 | AH24: 53 | AI24: =SUM(D24:AH24) -> 1866 | AL24: 4439 | AM24: =AI24-AL24 -> -2573
B25: PREMI (BASIS 90) | V25: =V24-V23 -> 40 | AI25: =SUM(D25:AH25) -> 40 | AJ25: 1409 | AK25: =AI25*AJ25 -> 56360
B26: PREMI (BASIS 103) | E26: =E24-E23 -> 47 | I26: =I24-I23 -> 24 | J26: =J24-J23 -> 24 | R26: =R24-R23 -> 25 | AI26: =SUM(D26:AH26) -> 120 | AJ26: 1322 | AK26: =AI26*AJ26 -> 158640
B27: PREMI (BASIS 114) | Q27: =Q24-Q23 -> 48 | AI27: =SUM(D27:AH27) -> 48 | AJ27: 1233 | AK27: =AI27*AJ27 -> 59184
B28: PREMI (BASIS 154) | AI28: =SUM(D28:AH28) -> 0 | AJ28: 1043 | AK28: =AI28*AJ28 -> 0
B29: PREMI (BASIS ) | AI29: =SUM(D29:AH29) -> 0 | AK29: =AI29*AJ29 -> 0
B30: TOTAL PREMI | AI30: =SUM(D30:AH30) -> 0 | AK30: =SUM(AK25:AK29) -> 274184
B31: BRONDOL | E31: 9 | F31: 2 | H31: 4 | I31: 9 | J31: 4 | K31: 3 | L31: 4 | M31: 3 | P31: 4 | Q31: 7 | R31: 8 | S31: 3 | T31: 3 | V31: 9 | W31: 3 | X31: 2 | Y31: 4 | Z31: 4 | AA31: 1 | AC31: 3 | AD31: 3 | AE31: 5 | AG31: 6 | AH31: 3 | AI31: =SUM(D31:AH31) -> 106 | AJ31: 1750 | AK31: =AI31*AJ31 -> 185500 | AL31: 469 | AM31: =AI31-AL31 -> -363
B32: KOREKSI | AI32: =SUM(D32:AH32) -> 0 | AK32: =AI32 -> 0
A33: 3 | B33: HERMANSAH | C33: 17-09-2019 | E33: 1 | F33: 1 | H33: 1 | I33: 1 | J33: 1 | K33: 1 | L33: 1 | M33: 1 | P33: 1 | Q33: 1 | R33: 1 | S33: 1 | T33: 1 | V33: 1 | W33: 1 | X33: 1 | Y33: 1 | Z33: 1 | AA33: 1 | AC33: 1 | AD33: 1 | AE33: 1 | AG33: 1 | AH33: 1 | AI33: =SUM(D33:AH33) -> 24
B34: BLOCK | E34: P9802 | F34: P9802 | H34: P9802 | I34: P0902 | J34: P0808 | K34: P0811 | L34: P9802 | M34: P9803 | P34: P0901 P0902 | Q34: P0902 | R34: P0807 | S34: P9801 | T34: P0811 | V34: P9802 | W34: P0901 P0902 P9802 | X34: P0806 | Y34: P0806 P0807 P9801 | Z34: P0808 P0811 | AA34: P0811 P9802 | AC34: P9802 P9803 | AD34: P0901 P0902 | AE34: P0806 P0902 | AG34: P0807 P9801 | AH34: P0808
B35: ANCAK | E35: 13/14 | F35: 2/13/14 | H35: 13/14/1 | I35: 13/25 | J35: 13/14 | K35: 13/14 | L35: 13/14 | M35: 14/12/13 | P35: 13 | Q35: 13/15 | R35: 13 | S35: 13/1 | T35: 13 | V35: 13 | W35: 4/13 | X35: 5/13/1 | Y35: 15/1/3/14 | Z35: 13/9/14 | AA35: 9/13/14 | AC35: 13/14 | AD35: 13/9 | AE35: 9/13/14 | AG35: 1/13 | AH35: 13
B36: BASIC | E36: 90 | F36: 90 | H36: 90 | I36: 114 | J36: 103 | K36: 103 | L36: 90 | M36: 90 | P36: 103 | Q36: 114 | R36: 103 | S36: 90 | T36: 103 | V36: 90 | W36: 103 | X36: 114 | Y36: 114 | Z36: 114 | AA36: 103 | AC36: 90 | AD36: 103 | AE36: 114 | AG36: 103 | AH36: 103 | AI36: =SUM(D36:AH36) -> 2434
B37: JANJANG | E37: 223 | F37: 84 | H37: 150 | I37: 120 | J37: 123 | K37: 66 | L37: 62 | M37: 24 | P37: 63 | Q37: 156 | R37: 108 | S37: =113+2 -> 115 | T37: 78 | V37: 142 | W37: 78 | X37: =161+8 -> 169 | Y37: 73 | Z37: 44 | AA37: 32 | AC37: 71 | AD37: =53+1 -> 54 | AE37: =58+10 -> 68 | AG37: 83 | AH37: 48 | AI37: =SUM(D37:AH37) -> 2234 | AL37: =2967 -> 2967 | AM37: =AI37-AL37 -> -733
B38: PREMI (BASIS 90) | E38: =E37-E36 -> 133 | H38: =H37-H36 -> 60 | S38: =S37-S36 -> 25 | V38: =V37-V36 -> 52 | AI38: =SUM(D38:AH38) -> 270 | AJ38: 1409 | AK38: =AI38*AJ38 -> 380430
B39: PREMI (BASIS 103) | J39: =J37-J36 -> 20 | R39: =R37-R36 -> 5 | AI39: =SUM(D39:AH39) -> 25 | AJ39: 1322 | AK39: =AI39*AJ39 -> 33050
B40: PREMI (BASIS 114) | I40: =I37-I36 -> 6 | Q40: =Q37-Q36 -> 42 | X40: =X37-X36 -> 55 | AI40: =SUM(D40:AH40) -> 103 | AJ40: 1233 | AK40: =AI40*AJ40 -> 126999
B41: PREMI (BASIS 154) | AI41: =SUM(D41:AH41) -> 0 | AJ41: 1043 | AK41: =AI41*AJ41 -> 0
B42: PREMI (BASIS ) | AI42: =SUM(D42:AH42) -> 0 | AK42: =AI42*AJ42 -> 0
B43: TOTAL PREMI | AI43: =SUM(D43:AH43) -> 0 | AK43: =SUM(AK38:AK42) -> 540479
B44: BRONDOL | E44: 16 | F44: 10 | H44: 12 | I44: 9 | J44: 12 | K44: 5 | L44: 6 | M44: 1 | P44: 4 | Q44: 11 | R44: 7 | S44: 12 | T44: 7 | V44: 12 | W44: 4 | X44: 10 | Y44: 6 | Z44: 3 | AA44: 5 | AC44: 9 | AD44: 6 | AE44: 3 | AG44: 10 | AH44: 9 | AI44: =SUM(D44:AH44) -> 189 | AJ44: 1750 | AK44: =AI44*AJ44 -> 330750 | AL44: 367 | AM44: =AI44-AL44 -> -178
B45: KOREKSI | AI45: =SUM(D45:AH45) -> 0 | AK45: =AI45 -> 0
A46: 4 | B46: JUMADIL AWAL | C46: 11-05-2023 | E46: 1 | F46: 1 | H46: 1 | I46: 1 | J46: 1 | K46: 1 | L46: 1 | M46: 1 | P46: 1 | Q46: 1 | R46: 1 | S46: 1 | T46: 1 | V46: 1 | W46: 1 | X46: 1 | Y46: 1 | Z46: 1 | AA46: 1 | AC46: 1 | AD46: 1 | AE46: 1 | AG46: 1 | AH46: 1 | AI46: =SUM(D46:AH46) -> 24
B47: BLOCK | E47: P0811 P9800 | F47: P9802 P9803 | H47: P0901 | I47: P0806 P0807 | J47: P0807 P0808 P9801 | K47: P0811 | L47: P9802 | M47: P9803 | P47: P0901 | Q47: P0806 | R47: P0806 P0807 | S47: P0807 P9801 | T47: P0808 P0811 | V47: P0811 P9802 P9803 | W47: P0901 P0902 | X47: P0806 P0902 | Y47: P0806 P0807 | Z47: P0808 P0811 P9801 | AA47: P0811 P9802 | AC47: P9802 P9803 | AD47: P0901 P0902 | AE47: P0806 P0902 | AG47: P0807 | AH47: P0808 P9801
B48: ANCAK | E48: 18 | F48: 18/1 | H48: 4/5/18 | I48: 18/25 | J48: 18/25 | K48: 1/8 | L48: 18 | M48: 18 | P48: 8/18 | Q48: 18 | R48: 18 | S48: 25/18 | T48: 18 | V48: 18/25 | W48: 3/18 | X48: 5/18 | Y48: 18/25 | Z48: 18/1 | AA48: 18 | AC48: 18/25/19 | AD48: 18 | AE48: 14/18 | AG48: 18/25 | AH48: 18
B49: BASIC | E49: 103 | F49: 90 | H49: 103 | I49: 114 | J49: 103 | K49: 103 | L49: 90 | M49: 90 | P49: 103 | Q49: 114 | R49: 114 | S49: 103 | T49: 103 | V49: 103 | W49: 103 | X49: 114 | Y49: 114 | Z49: 103 | AA49: 103 | AC49: 90 | AD49: 103 | AE49: 114 | AG49: 103 | AH49: 103 | AI49: =SUM(D49:AH49) -> 2486
B50: JANJANG | E50: 81 | F50: 59 | H50: 90 | I50: 80 | J50: 89 | K50: 43 | L50: 60 | M50: 30 | P50: 149 | Q50: 125 | R50: 103 | S50: =63+3 -> 66 | T50: =64+3 -> 67 | V50: 97 | W50: 75 | X50: 37 | Y50: =65+4 -> 69 | Z50: =67+3 -> 70 | AA50: =49+3 -> 52 | AC50: 32 | AD50: 41 | AE50: =58+2 -> 60 | AG50: =59+3 -> 62 | AH50: 62 | AI50: =SUM(D50:AH50) -> 1699
B51: PREMI (BASIS 90) | AI51: =SUM(D51:AH51) -> 0 | AJ51: 1409 | AK51: =AI51*AJ51 -> 0
B52: PREMI (BASIS 103) | P52: =P50-P49 -> 46 | AI52: =SUM(D52:AH52) -> 46 | AJ52: 1322 | AK52: =AI52*AJ52 -> 60812
B53: PREMI (BASIS 114) | Q53: =Q50-Q49 -> 11 | AI53: =SUM(D53:AH53) -> 11 | AJ53: 1233 | AK53: =AI53*AJ53 -> 13563
B54: PREMI (BASIS 154) | AI54: =SUM(D54:AH54) -> 0 | AJ54: 1043 | AK54: =AI54*AJ54 -> 0
B55: PREMI (BASIS ) | AI55: =SUM(D55:AH55) -> 0 | AK55: =AI55*AJ55 -> 0
B56: TOTAL PREMI | AI56: =SUM(D56:AH56) -> 0 | AK56: =SUM(AK51:AK55) -> 74375
B57: BRONDOL | E57: 13 | F57: 9 | H57: 12 | I57: 5 | J57: 8 | K57: 2 | L57: 6 | M57: 4 | P57: 14 | Q57: 10 | R57: 10 | S57: 8 | T57: 7 | V57: 9 | W57: 3 | X57: 3 | Y57: 8 | Z57: 7 | AA57: 4 | AC57: 6 | AD57: 6 | AE57: 7 | AG57: 7 | AH57: 8 | AI57: =SUM(D57:AH57) -> 176 | AJ57: 1750 | AK57: =AI57*AJ57 -> 308000
B58: KOREKSI | I58: 38539 | Y58: 51008 | AI58: =SUM(D58:AH58) -> 89547 | AK58: =AI58 -> 89547
A59: 5 | B59: NASRUDIN (SAHNUN) | C59: 13-11-2008 | E59: 1 | F59: 1 | H59: 1 | I59: 1 | J59: 1 | K59: 1 | L59: 1 | M59: 1 | P59: 1 | Q59: 1 | R59: 1 | S59: 1 | T59: 1 | V59: 1 | W59: 1 | X59: 1 | Y59: 1 | Z59: 1 | AA59: 1 | AC59: 1 | AD59: 1 | AE59: 1 | AG59: 1 | AH59: 1 | AI59: =SUM(D59:AH59) -> 24
B60: BLOCK | E60: P0811 | F60: P9803 | H60: P0901 | I60: P0806 P0807 P9801 | J60: P0811 P9801 | K60: P0811 | L60: P9802 | M60: P9803 | P60: P0901 P0902 | Q60: P0902 | R60: P0806 P0807 | S60: P0808 P9801 | T60: P0808 P0811 | V60: P9801 | W60: P0901 P0902 | X60: P0806 | Y60: P0806 P0807 | Z60: P0808 P0811 P9801 | AA60: P0811 P9802 | AC60: P9802 P9803 | AD60: P0901 P0902 | AE60: P0806 P0902 | AG60: P0806 P0807 | AH60: P0808 P9801
B61: ANCAK | E61: 17 | F61: 17 | H61: 17/3 | I61: 17 | J61: 17 | K61: 17 | L61: 17/25 | M61: 17 | P61: 17 | Q61: 27/28/30 | R61: 1/17/18 | S61: 17 | T61: 17 | V61: 17/18 | W61: 17/3 | X61: 1/17 | Y61: 17 | Z61: 17 | AA61: 17/25 | AC61: 17/25 | AD61: 17 | AE61: 17 | AG61: 1/17/25 | AH61: 17
B62: BASIC | E62: 103 | F62: 90 | H62: 103 | I62: 114 | J62: 103 | K62: 103 | L62: 90 | M62: 90 | P62: 103 | Q62: 114 | R62: 114 | S62: 103 | T62: 103 | V62: 90 | W62: 103 | X62: 114 | Y62: 114 | Z62: 103 | AA62: 103 | AC62: 90 | AD62: 103 | AE62: 114 | AG62: 114 | AH62: 103 | AI62: =SUM(D62:AH62) -> 2484
B63: JANJANG | E63: 127 | F63: 22 | H63: 129 | I63: 80 | J63: 86 | K63: 38 | L63: 35 | M63: 18 | P63: 95 | Q63: 146 | R63: 86 | S63: 83 | T63: =84+2 -> 86 | V63: 104 | W63: 43 | X63: 54 | Y63: 56 | Z63: 56 | AA63: =44+2 -> 46 | AC63: 40 | AD63: =47+2 -> 49 | AE63: =54+2 -> 56 | AG63: =71+2 -> 73 | AH63: 61 | AI63: =SUM(D63:AH63) -> 1669
B64: PREMI (BASIS 90) | V64: =V63-V62 -> 14 | AI64: =SUM(D64:AH64) -> 14 | AJ64: 1409 | AK64: =AI64*AJ64 -> 19726
B65: PREMI (BASIS 103) | E65: =E63-E62 -> 24 | H65: =H63-H62 -> 26 | AI65: =SUM(D65:AH65) -> 50 | AJ65: 1322 | AK65: =AI65*AJ65 -> 66100
B66: PREMI (BASIS 114) | Q66: =Q63-Q62 -> 32 | AI66: =SUM(D66:AH66) -> 32 | AJ66: 1233 | AK66: =AI66*AJ66 -> 39456
B67: PREMI (BASIS 154) | AI67: =SUM(D67:AH67) -> 0 | AJ67: 1043 | AK67: =AI67*AJ67 -> 0
B68: PREMI (BASIS ) | AI68: =SUM(D68:AH68) -> 0 | AK68: =AI68*AJ68 -> 0
B69: TOTAL PREMI | AI69: =SUM(D69:AH69) -> 0 | AK69: =SUM(AK64:AK68) -> 125282
B70: BRONDOL | E70: 14 | F70: 3 | H70: 14 | I70: 6 | J70: 4 | K70: 2 | L70: 6 | M70: 3 | P70: 5 | Q70: 11 | R70: 5 | S70: 7 | T70: 9 | V70: 18 | W70: 2 | X70: 3 | Y70: 6 | Z70: 6 | AA70: 5 | AC70: 3 | AD70: 7 | AE70: 7 | AG70: 12 | AH70: 8 | AI70: =SUM(D70:AH70) -> 166 | AJ70: 1750 | AK70: =AI70*AJ70 -> 290500
B71: KOREKSI | AI71: =SUM(D71:AH71) -> 0 | AK71: =AI71 -> 0
A72: 6 | B72: NASRUDIN (INAK DENI) | E72: 1 | F72: 1 | H72: 1 | I72: 1 | J72: 1 | K72: 1 | L72: 1 | M72: 1 | P72: 1 | Q72: 1 | R72: 1 | S72: 1 | T72: 1 | V72: 1 | W72: 1 | X72: 1 | Y72: 1 | Z72: 1 | AA72: 1 | AC72: 1 | AD72: 1 | AE72: 1 | AG72: 1 | AH72: 1 | AI72: =SUM(D72:AH72) -> 24
B73: BLOCK | E73: P0811 | F73: P9803 | H73: P0902 | I73: P0807 | J73: P0808 P9801 | K73: P0811 | L73: P9802 | M73: P9803 | P73: P090 P0902 | Q73: P0902 | R73: P0807 | S73: P0808 | T73: P0811 | V73: P9802 | W73: P0901 | X73: P0806 P0902 | Y73: P0807 | Z73: P0808 P0811 | AA73: P9802 | AC73: P9802 P9803 | AD73: P0901 P0902 | AE73: P0806 P0902 | AG73: P0806 | AH73: P0808 P9801
B74: ANCAK | E74: 27 | F74: 25/26/27 | H74: /27/28/25/30 | I74: 27/28 | J74: 27 | K74: 28/27 | L74: 27/30 | M74: 27/30 | P74: 27/30 | Q74: 27/28/30 | R74: 27 | S74: 27/28 | T74: 27 | V74: 27/30 | W74: 27/28 | X74: 27 | Y74: 9/27/28 | Z74: 27/20 | AA74: 27/28 | AC74: 27 | AD74: 27/28/25 | AE74: 27/25/28/630 | AG74: 27/28 | AH74: 27/28
B75: BASIC | E75: 103 | F75: 90 | H75: 114 | I75: 103 | J75: 103 | K75: 103 | L75: 90 | M75: 90 | P75: 103 | Q75: 114 | R75: 103 | S75: 103 | T75: 103 | V75: 90 | W75: 103 | X75: 114 | Y75: 103 | Z75: 103 | AA75: 90 | AC75: 90 | AD75: 103 | AE75: 114 | AG75: 114 | AH75: 103 | AI75: =SUM(D75:AH75) -> 2449
B76: JANJANG | E76: 69 | F76: 66 | H76: 181 | I76: 80 | J76: 55 | K76: 54 | L76: 25 | M76: 41 | P76: 63 | Q76: 195 | R76: 71 | S76: =151+10 -> 161 | T76: 127 | V76: 182 | W76: 87 | X76: =58+2 -> 60 | Y76: 142 | Z76: 71 | AA76: =26+4+2 -> 32 | AC76: =44+5 -> 49 | AD76: 48 | AE76: =81+2+6 -> 89 | AG76: =159+3 -> 162 | AH76: =79+2 -> 81 | AI76: =SUM(D76:AH76) -> 2191
B77: PREMI (BASIS 90) | V77: =V76-V75 -> 92 | AI77: =SUM(D77:AH77) -> 92 | AJ77: 1409 | AK77: =AI77*AJ77 -> 129628
B78: PREMI (BASIS 103) | S78: =S76-S75 -> 58 | T78: =T76-T75 -> 24 | Y78: =Y76-Y75 -> 39 | AI78: =SUM(D78:AH78) -> 121 | AJ78: 1322 | AK78: =AI78*AJ78 -> 159962
B79: PREMI (BASIS 114) | H79: =H76-H75 -> 67 | Q79: =Q76-Q75 -> 81 | AG79: =AG76-AG75 -> 48 | AI79: =SUM(D79:AH79) -> 196 | AJ79: 1233 | AK79: =AI79*AJ79 -> 241668
B80: PREMI (BASIS 154) | AI80: =SUM(D80:AH80) -> 0 | AJ80: 1043 | AK80: =AI80*AJ80 -> 0
B81: PREMI (BASIS ) | AI81: =SUM(D81:AH81) -> 0 | AK81: =AI81*AJ81 -> 0
B82: TOTAL PREMI | AI82: =SUM(D82:AH82) -> 0 | AK82: =SUM(AK77:AK81) -> 531258
B83: BRONDOL | E83: 4 | F83: 5 | H83: 14 | I83: 3 | J83: 3 | K83: 1 | L83: 4 | M83: 4 | P83: 3 | Q83: 9 | R83: 6 | S83: 13 | T83: 9 | V83: 15 | W83: 5 | X83: 3 | Y83: 9 | Z83: 4 | AA83: 3 | AC83: 4 | AD83: 4 | AE83: 3 | AG83: 10 | AH83: 7 | AI83: =SUM(D83:AH83) -> 145 | AJ83: 1750 | AK83: =AI83*AJ83 -> 253750
B84: KOREKSI | AI84: =SUM(D84:AH84) -> 0 | AK84: =AI84 -> 0
A85: 7 | B85: SUDIRMAN | E85: 1 | F85: 1 | H85: 1 | I85: 1 | J85: 1 | K85: 1 | L85: 1 | M85: 1 | P85: 1 | Q85: 1 | R85: 1 | S85: 1 | T85: 1 | V85: 1 | W85: 1 | X85: 1 | Y85: 1 | Z85: 1 | AA85: 1 | AC85: 1 | AD85: 1 | AE85: 1 | AG85: 1 | AH85: 1 | AI85: =SUM(D85:AH85) -> 24
B86: BLOCK | E86: P0811 | F86: P9802 P9803 | H86: P0901 | I86: P0807 | J86: P0808 | K86: P0811 | L86: P9802 | M86: P9802 P9803 | P86: P0901 P0902 | Q86: P0806 | R86: P0806 P0807 | S86: P0808 P9801 | T86: P0811 | V86: P9802 | W86: P0901 P0902 | X86: P0806 P0902 | Y86: P0806 P0807 P9801 | Z86: P0808 P0811 | AA86: P0811 P9802 | AC86: P9802 P9803 | AD86: P0901 P0902 | AE86: P0806 P0902 | AG86: P9801 | AH86: P0808
B87: ANCAK | E87: 15 | F87: 15 | H87: 3/4/15/25 | I87: 15 | J87: 15/25/30 | K87: 15 | L87: 6/15 | M87: 11/15 | P87: 15 | Q87: 15/11 | R87: 16 | S87: 15/30 | T87: 11/15 | V87: 15 | W87: 15 | X87: 9/15 | Y87: 15/25/30 | Z87: 15/11 | AA87: 15/11 | AC87: 1/15 | AD87: 11/15 | AE87: 11/15 | AG87: 15/30/25 | AH87: 15
B88: BASIC | E88: 103 | F88: 90 | H88: 103 | I88: 103 | J88: 103 | K88: 103 | L88: 90 | M88: 90 | P88: 103 | Q88: 114 | R88: 114 | S88: 103 | T88: 103 | V88: 90 | W88: 103 | X88: 114 | Y88: 114 | Z88: 103 | AA88: 103 | AC88: 90 | AD88: 103 | AE88: 114 | AG88: 90 | AH88: 103 | AI88: =SUM(D88:AH88) -> 2449
B89: JANJANG | E89: 152 | F89: 77 | H89: 188 | I89: 152 | J89: 127 | K89: 27 | L89: 42 | M89: 44 | P89: 54 | Q89: 140 | R89: 102 | S89: =107+5 -> 112 | T89: =126+2 -> 128 | V89: 123 | W89: 39 | X89: =92+3+4 -> 99 | Y89: 106 | Z89: 89 | AA89: 46 | AC89: 51 | AD89: =60+4 -> 64 | AE89: =98+10 -> 108 | AG89: =191+2 -> 193 | AH89: 45 | AI89: =SUM(D89:AH89) -> 2308 | AL89: 4598 | AM89: =AI89-AL89 -> -2290
B90: PREMI (BASIS 90) | V90: =V89-V88 -> 33 | AG90: =AG89-AG88 -> 103 | AI90: =SUM(D90:AH90) -> 136 | AJ90: 1409 | AK90: =AI90*AJ90 -> 191624
B91: PREMI (BASIS 103) | E91: =E89-E88 -> 49 | H91: =H89-H88 -> 85 | I91: =I89-I88 -> 49 | J91: =J89-J88 -> 24 | S91: =S89-S88 -> 9 | T91: =T89-T88 -> 25 | AI91: =SUM(D91:AH91) -> 241 | AJ91: 1322 | AK91: =AI91*AJ91 -> 318602
B92: PREMI (BASIS 114) | Q92: =Q89-Q88 -> 26 | AI92: =SUM(D92:AH92) -> 26 | AJ92: 1233 | AK92: =AI92*AJ92 -> 32058
B93: PREMI (BASIS 154) | AI93: =SUM(D93:AH93) -> 0 | AJ93: 1043 | AK93: =AI93*AJ93 -> 0
B94: PREMI (BASIS ) | AI94: =SUM(D94:AH94) -> 0 | AK94: =AI94*AJ94 -> 0
B95: TOTAL PREMI | AI95: =SUM(D95:AH95) -> 0 | AK95: =SUM(AK90:AK94) -> 542284
B96: BRONDOL | E96: 19 | F96: 9 | H96: 26 | I96: 13 | J96: 10 | K96: 1 | L96: 7 | M96: 6 | P96: 4 | Q96: 16 | R96: 8 | S96: 19 | T96: 15 | V96: 15 | W96: 2 | X96: 10 | Y96: 10 | Z96: 9 | AA96: 6 | AC96: 6 | AD96: 6 | AE96: 13 | AG96: 28 | AH96: 7 | AI96: =SUM(D96:AH96) -> 265 | AJ96: 1750 | AK96: =AI96*AJ96 -> 463750
B97: KOREKSI | Y97: 9068 | AI97: =SUM(D97:AH97) -> 9068 | AK97: =AI97 -> 9068
A98: 8 | B98: JAYA KUSUMA | E98: 1 | F98: 1 | H98: 1 | I98: 1 | J98: 1 | K98: 1 | L98: 1 | M98: 1 | P98: 1 | Q98: 1 | R98: 1 | S98: 1 | T98: 1 | V98: 1 | W98: 1 | X98: 1 | Y98: 1 | Z98: 1 | AA98: 1 | AC98: 1 | AD98: 1 | AE98: 1 | AG98: 1 | AH98: 1 | AI98: =SUM(D98:AH98) -> 24
B99: BLOCK | E99: P0811 P9802 | F99: P9802 | H99: P0901 | I99: P0807 | J99: P0808 | K99: P0811 | L99: P9802 | M99: P9803 | P99: P0901 P0902 | Q99: P0902 | R99: P0806 | S99: P0807 | T99: P0808 | V99: P9802 | W99: P0901 P0902 | X99: P0902 | Y99: P0806 P0807 | Z99: P0808 P0811 P9801 | AA99: P0811 P9802 | AC99: P9802 P9803 | AD99: P0901 P0902 | AE99: P0806 P0902 | AG99: P0807 | AH99: P0808 P9801
B100: ANCAK | E100: 1/12 | F100: 12 | H100: 12/11 | I100: 12 | J100: 12 | K100: 12 | L100: 1/11/12 | M100: 1/12/13 | P100: 8/18 | Q100: 11/12 | R100: 12 | S100: 12 | T100: 11/12 | V100: 12/1 | W100: 12/11 | X100: 12/8/11 | Y100: 11/2 | Z100: 12 | AA100: 12 | AC100: 12/1 | AD100: 12 | AE100: 12/11 | AG100: 12/9 | AH100: 12
B101: BASIC | E101: 103 | F101: 90 | H101: 103 | I101: 103 | J101: 103 | K101: 103 | L101: 90 | M101: 90 | P101: 103 | Q101: 114 | R101: 114 | S101: 103 | T101: 103 | V101: 90 | W101: 90 | X101: 114 | Y101: 114 | Z101: 103 | AA101: 103 | AC101: 90 | AD101: 103 | AE101: 114 | AG101: 103 | AH101: 103 | AI101: =SUM(D101:AH101) -> 2449
...

Sheet HK PANEN
A1: ABSENSI
A2: KARYAWAN PANEN BHT AIR BANGEK
A3: BULAN : MEI 2025
A4: NO | B4: KARYAWAN | C4: TANGGAL | AH4: TOTAL HK | AI4: JUMLAH CUTI/LIBUR | AP4: JUMLAH | AQ4: CTH | AR4: ALPA
C6: 1 | D6: 2 | E6: 3 | F6: 4 | G6: 5 | H6: 6 | I6: 7 | J6: 8 | K6: 9 | L6: 10 | M6: 11 | N6: 12 | O6: 13 | P6: 14 | Q6: 15 | R6: 16 | S6: 17 | T6: 18 | U6: 19 | V6: 20 | W6: 21 | X6: 22 | Y6: 23 | Z6: 24 | AA6: 25 | AB6: 26 | AC6: 27 | AD6: 28 | AE6: 29 | AF6: 30 | AG6: 31 | AI6: THN | AJ6: SKT | AK6: HAID | AL6: MG | AM6: NAS | AN6: H/M | AO6: IZIN
A7: 1 | B7: AFRIWANTONI | C7: NAS | D7: =COUNTIF(ABSEN!B:B,"AFRIWANTONI ( Yusna Yetti )") -> 1 | E7: =COUNTIF(ABSEN!C:C,"AFRIWANTONI ( Yusna Yetti )") -> 1 | F7: MG | G7: =COUNTIF(ABSEN!E:E,"AFRIWANTONI ( Yusna Yetti )") -> 1 | H7: =COUNTIF(ABSEN!F:F,"AFRIWANTONI ( Yusna Yetti )") -> 1 | I7: CT | J7: =COUNTIF(ABSEN!H:H,"AFRIWANTONI ( Yusna Yetti )") -> 1 | K7: CT | L7: =COUNTIF(ABSEN!J:J,"AFRIWANTONI ( Yusna Yetti )") -> 1 | M7: MG | N7: NAS | O7: S | P7: S | Q7: S | R7: S | S7: =COUNTIF(ABSEN!Q:Q,"AFRIWANTONI ( Yusna Yetti )") -> 1 | T7: MG | U7: =COUNTIF(ABSEN!S:S,"AFRIWANTONI ( Yusna Yetti )") -> 1 | V7: =COUNTIF(ABSEN!T:T,"AFRIWANTONI ( Yusna Yetti )") -> 1 | W7: =COUNTIF(ABSEN!U:U,"AFRIWANTONI ( Yusna Yetti )") -> 1 | X7: =COUNTIF(ABSEN!V:V,"AFRIWANTONI ( Yusna Yetti )") -> 1 | Y7: =COUNTIF(ABSEN!W:W,"AFRIWANTONI ( Yusna Yetti )") -> 1 | Z7: =COUNTIF(ABSEN!X:X,"AFRIWANTONI ( Yusna Yetti )") -> 1 | AA7: MG | AB7: CT | AC7: =COUNTIF(ABSEN!AA:AA,"AFRIWANTONI ( Yusna Yetti )") -> 1 | AD7: =COUNTIF(ABSEN!AB:AB,"AFRIWANTONI ( Yusna Yetti )") -> 1 | AE7: NAS | AF7: =COUNTIF(ABSEN!AD:AD,"AFRIWANTONI ( Yusna Yetti )") -> 1 | AG7: =COUNTIF(ABSEN!AE:AE,"AFRIWANTONI ( Yusna Yetti )") -> 1 | AH7: =SUM(C7:AG7) -> 17 | AI7: =COUNTIF(C7:AG7,"CT") -> 3 | AJ7: =COUNTIF(C7:AG7,"S") -> 4 | AK7: =COUNTIF(C7:AG7,"H1") -> 0 | AL7: =COUNTIF(C7:AG7,"MG") -> 4 | AM7: =COUNTIF(C7:AG7,"NAS") -> 3 | AN7: =COUNTIF(C7:AG7,"H2") -> 0 | AO7: =COUNTIF(C7:AG7,"P1") -> 0 | AP7: =+AH7+AI7+AJ7+AK7+AL7+AM7+AN7+AO7 -> 31 | AQ7: =COUNTIF(C7:AG7,"CTH") -> 0 | AR7: =COUNTIF(C7:AG7,"A") -> 0 | AT7: =AP7-AS7 -> 31
A8: 2 | B8: ROZI SUSANTO | C8: NAS | D8: =COUNTIF(ABSEN!B:B,"ROZI SUSANTO ( SARMINAH )") -> 1 | E8: =COUNTIF(ABSEN!C:C,"ROZI SUSANTO ( SARMINAH )") -> 1 | F8: MG | G8: =COUNTIF(ABSEN!E:E,"ROZI SUSANTO ( SARMINAH )") -> 1 | H8: =COUNTIF(ABSEN!F:F,"ROZI SUSANTO ( SARMINAH )") -> 1 | I8: =COUNTIF(ABSEN!G:G,"ROZI SUSANTO ( SARMINAH )") -> 1 | J8: =COUNTIF(ABSEN!H:H,"ROZI SUSANTO ( SARMINAH )") -> 1 | K8: =COUNTIF(ABSEN!I:I,"ROZI SUSANTO ( SARMINAH )") -> 1 | L8: =COUNTIF(ABSEN!J:J,"ROZI SUSANTO ( SARMINAH )") -> 1 | M8: MG | N8: NAS | O8: =COUNTIF(ABSEN!M:M,"ROZI SUSANTO ( SARMINAH )") -> 1 | P8: =COUNTIF(ABSEN!N:N,"ROZI SUSANTO ( SARMINAH )") -> 1 | Q8: CT | R8: =COUNTIF(ABSEN!P:P,"ROZI SUSANTO ( SARMINAH )") -> 1 | S8: =COUNTIF(ABSEN!Q:Q,"ROZI SUSANTO ( SARMINAH )") -> 1 | T8: MG | U8: =COUNTIF(ABSEN!S:S,"ROZI SUSANTO ( SARMINAH )") -> 1 | V8: =COUNTIF(ABSEN!T:T,"ROZI SUSANTO ( SARMINAH )") -> 1 | W8: =COUNTIF(ABSEN!U:U,"ROZI SUSANTO ( SARMINAH )") -> 1 | X8: =COUNTIF(ABSEN!V:V,"ROZI SUSANTO ( SARMINAH )") -> 1 | Y8: =COUNTIF(ABSEN!W:W,"ROZI SUSANTO ( SARMINAH )") -> 1 | Z8: =COUNTIF(ABSEN!X:X,"ROZI SUSANTO ( SARMINAH )") -> 1 | AA8: MG | AB8: =COUNTIF(ABSEN!Z:Z,"ROZI SUSANTO ( SARMINAH )") -> 1 | AC8: S | AD8: S | AE8: NAS | AF8: =COUNTIF(ABSEN!AD:AD,"ROZI SUSANTO ( SARMINAH )") -> 1 | AG8: =COUNTIF(ABSEN!AE:AE,"ROZI SUSANTO ( SARMINAH )") -> 1 | AH8: =SUM(C8:AG8) -> 21 | AI8: =COUNTIF(C8:AG8,"CT") -> 1 | AJ8: =COUNTIF(C8:AG8,"S") -> 2 | AK8: =COUNTIF(C8:AG8,"H1") -> 0 | AL8: =COUNTIF(C8:AG8,"MG") -> 4 | AM8: =COUNTIF(C8:AG8,"NAS") -> 3 | AN8: =COUNTIF(C8:AG8,"H2") -> 0 | AO8: =COUNTIF(C8:AG8,"P1") -> 0 | AP8: =+AH8+AI8+AJ8+AK8+AL8+AM8+AN8+AO8 -> 31 | AQ8: =COUNTIF(C8:AG8,"CTH") -> 0 | AR8: =COUNTIF(C8:AG8,"A") -> 0 | AT8: =AP8-AS8 -> 31
A9: 3 | B9: SAZELA | C9: NAS | D9: =COUNTIF(ABSEN!B:B,"SAZELA ( MASTINA )") -> 1 | E9: =COUNTIF(ABSEN!C:C,"SAZELA ( MASTINA )") -> 1 | F9: MG | G9: =COUNTIF(ABSEN!E:E,"SAZELA ( MASTINA )") -> 1 | H9: =COUNTIF(ABSEN!F:F,"SAZELA ( MASTINA )") -> 1 | I9: =COUNTIF(ABSEN!G:G,"SAZELA ( MASTINA )") -> 1 | J9: =COUNTIF(ABSEN!H:H,"SAZELA ( MASTINA )") -> 1 | K9: S | L9: S | M9: MG | N9: NAS | O9: =COUNTIF(ABSEN!M:M,"SAZELA ( MASTINA )") -> 1 | P9: =COUNTIF(ABSEN!N:N,"SAZELA ( MASTINA )") -> 1 | Q9: =COUNTIF(ABSEN!O:O,"SAZELA ( MASTINA )") -> 1 | R9: =COUNTIF(ABSEN!P:P,"SAZELA ( MASTINA )") -> 1 | S9: =COUNTIF(ABSEN!Q:Q,"SAZELA ( MASTINA )") -> 1 | T9: MG | U9: H1 | V9: H1 | W9: =COUNTIF(ABSEN!U:U,"SAZELA ( MASTINA )") -> 1 | X9: =COUNTIF(ABSEN!V:V,"SAZELA ( MASTINA )") -> 1 | Y9: =COUNTIF(ABSEN!W:W,"SAZELA ( MASTINA )") -> 1 | Z9: =COUNTIF(ABSEN!X:X,"SAZELA ( MASTINA )") -> 1 | AA9: MG | AB9: =COUNTIF(ABSEN!Z:Z,"SAZELA ( MASTINA )") -> 1 | AC9: =COUNTIF(ABSEN!AA:AA,"SAZELA ( MASTINA )") -> 1 | AD9: =COUNTIF(ABSEN!AB:AB,"SAZELA ( MASTINA )") -> 1 | AE9: NAS | AF9: 1 | AG9: =COUNTIF(ABSEN!AE:AE,"SAZELA ( MASTINA )") -> 1 | AH9: =SUM(C9:AG9) -> 20 | AI9: =COUNTIF(C9:AG9,"CT") -> 0 | AJ9: =COUNTIF(C9:AG9,"S") -> 2 | AK9: =COUNTIF(C9:AG9,"H1") -> 2 | AL9: =COUNTIF(C9:AG9,"MG") -> 4 | AM9: =COUNTIF(C9:AG9,"NAS") -> 3 | AN9: =COUNTIF(C9:AG9,"H2") -> 0 | AO9: =COUNTIF(C9:AG9,"P1") -> 0 | AP9: =+AH9+AI9+AJ9+AK9+AL9+AM9+AN9+AO9 -> 31 | AQ9: =COUNTIF(C9:AG9,"CTH") -> 0 | AR9: =COUNTIF(C9:AG9,"A") -> 0 | AS9: =COUNTIF(C9:AG9,"CTH") -> 0 | AT9: =AP9-AS9 -> 31
A10: 4 | B10: JUMIN | C10: NAS | D10: =COUNTIF(ABSEN!B:B,"JUMIN") -> 1 | E10: =COUNTIF(ABSEN!C:C,"JUMIN") -> 1 | F10: MG | G10: =COUNTIF(ABSEN!E:E,"JUMIN") -> 1 | H10: CT | I10: =COUNTIF(ABSEN!G:G,"JUMIN") -> 1 | J10: =COUNTIF(ABSEN!H:H,"JUMIN") -> 1 | K10: =COUNTIF(ABSEN!I:I,"JUMIN") -> 1 | L10: =COUNTIF(ABSEN!J:J,"JUMIN") -> 1 | M10: MG | N10: NAS | O10: =COUNTIF(ABSEN!M:M,"JUMIN") -> 1 | P10: =COUNTIF(ABSEN!N:N,"JUMIN") -> 1 | Q10: =COUNTIF(ABSEN!O:O,"JUMIN") -> 1 | R10: =COUNTIF(ABSEN!P:P,"JUMIN") -> 1 | S10: =COUNTIF(ABSEN!Q:Q,"JUMIN") -> 1 | T10: MG | U10: =COUNTIF(ABSEN!S:S,"JUMIN") -> 1 | V10: =COUNTIF(ABSEN!T:T,"JUMIN") -> 1 | W10: =COUNTIF(ABSEN!U:U,"JUMIN") -> 1 | X10: =COUNTIF(ABSEN!V:V,"JUMIN") -> 1 | Y10: =COUNTIF(ABSEN!W:W,"JUMIN") -> 1 | Z10: =COUNTIF(ABSEN!X:X,"JUMIN") -> 1 | AA10: MG | AB10: =COUNTIF(ABSEN!Z:Z,"JUMIN") -> 1 | AC10: =COUNTIF(ABSEN!AA:AA,"JUMIN") -> 1 | AD10: =COUNTIF(ABSEN!AB:AB,"JUMIN") -> 1 | AE10: NAS | AF10: =COUNTIF(ABSEN!AD:AD,"JUMIN") -> 1 | AG10: =COUNTIF(ABSEN!AE:AE,"JUMIN") -> 1 | AH10: =SUM(C10:AG10) -> 23 | AI10: =COUNTIF(C10:AG10,"CT") -> 1 | AJ10: =COUNTIF(C10:AG10,"S") -> 0 | AK10: =COUNTIF(C10:AG10,"H1") -> 0 | AL10: =COUNTIF(C10:AG10,"MG") -> 4 | AM10: =COUNTIF(C10:AG10,"NAS") -> 3 | AN10: =COUNTIF(C10:AG10,"H2") -> 0 | AO10: =COUNTIF(C10:AG10,"P1") -> 0 | AP10: =+AH10+AI10+AJ10+AK10+AL10+AM10+AN10+AO10 -> 31 | AQ10: =COUNTIF(C10:AG10,"CTH") -> 0 | AR10: =COUNTIF(C10:AG10,"A") -> 0 | AT10: =AP10-AS10 -> 31
A11: 5 | B11: HENDRI SUSILO | C11: NAS | D11: =COUNTIF(ABSEN!B:B,"HENDRI SUSILO ( PARTINI )") -> 1 | E11: =COUNTIF(ABSEN!C:C,"HENDRI SUSILO ( PARTINI )") -> 1 | F11: MG | G11: =COUNTIF(ABSEN!E:E,"HENDRI SUSILO ( PARTINI )") -> 1 | H11: =COUNTIF(ABSEN!F:F,"HENDRI SUSILO ( PARTINI )") -> 1 | I11: =COUNTIF(ABSEN!G:G,"HENDRI SUSILO ( PARTINI )") -> 1 | J11: =COUNTIF(ABSEN!H:H,"HENDRI SUSILO ( PARTINI )") -> 1 | K11: =COUNTIF(ABSEN!I:I,"HENDRI SUSILO ( PARTINI )") -> 1 | L11: =COUNTIF(ABSEN!J:J,"HENDRI SUSILO ( PARTINI )") -> 1 | M11: MG | N11: NAS | O11: =COUNTIF(ABSEN!M:M,"HENDRI SUSILO ( PARTINI )") -> 1 | P11: =COUNTIF(ABSEN!N:N,"HENDRI SUSILO ( PARTINI )") -> 1 | Q11: =COUNTIF(ABSEN!O:O,"HENDRI SUSILO ( PARTINI )") -> 1 | R11: =COUNTIF(ABSEN!P:P,"HENDRI SUSILO ( PARTINI )") -> 1 | S11: =COUNTIF(ABSEN!Q:Q,"HENDRI SUSILO ( PARTINI )") -> 1 | T11: MG | U11: =COUNTIF(ABSEN!S:S,"HENDRI SUSILO ( PARTINI )") -> 1 | V11: =COUNTIF(ABSEN!T:T,"HENDRI SUSILO ( PARTINI )") -> 1 | W11: =COUNTIF(ABSEN!U:U,"HENDRI SUSILO ( PARTINI )") -> 1 | X11: =COUNTIF(ABSEN!V:V,"HENDRI SUSILO ( PARTINI )") -> 1 | Y11: =COUNTIF(ABSEN!W:W,"HENDRI SUSILO ( PARTINI )") -> 1 | Z11: =COUNTIF(ABSEN!X:X,"HENDRI SUSILO ( PARTINI )") -> 1 | AA11: MG | AB11: =COUNTIF(ABSEN!Z:Z,"HENDRI SUSILO ( PARTINI )") -> 1 | AC11: =COUNTIF(ABSEN!AA:AA,"HENDRI SUSILO ( PARTINI )") -> 1 | AD11: =COUNTIF(ABSEN!AB:AB,"HENDRI SUSILO ( PARTINI )") -> 1 | AE11: NAS | AF11: =COUNTIF(ABSEN!AD:AD,"HENDRI SUSILO ( PARTINI )") -> 1 | AG11: =COUNTIF(ABSEN!AE:AE,"HENDRI SUSILO ( PARTINI )") -> 1 | AH11: =SUM(C11:AG11) -> 24 | AI11: =COUNTIF(C11:AG11,"CT") -> 0 | AJ11: =COUNTIF(C11:AG11,"S") -> 0 | AK11: =COUNTIF(C11:AG11,"H1") -> 0 | AL11: =COUNTIF(C11:AG11,"MG") -> 4 | AM11: =COUNTIF(C11:AG11,"NAS") -> 3 | AN11: =COUNTIF(C11:AG11,"H2") -> 0 | AO11: =COUNTIF(C11:AG11,"P1") -> 0 | AP11: =+AH11+AI11+AJ11+AK11+AL11+AM11+AN11+AO11 -> 31 | AQ11: =COUNTIF(C11:AG11,"CTH") -> 0 | AR11: =COUNTIF(C11:AG11,"A") -> 0 | AT11: =AP11-AS11 -> 31
A12: 6 | B12: HERMANSAH | C12: NAS | D12: =COUNTIF(ABSEN!B:B,"HERMANSYAH ( SINARAH )") -> 1 | E12: =COUNTIF(ABSEN!C:C,"HERMANSYAH ( SINARAH )") -> 1 | F12: MG | G12: =COUNTIF(ABSEN!E:E,"HERMANSYAH ( SINARAH )") -> 1 | H12: =COUNTIF(ABSEN!F:F,"HERMANSYAH ( SINARAH )") -> 1 | I12: =COUNTIF(ABSEN!G:G,"HERMANSYAH ( SINARAH )") -> 1 | J12: =COUNTIF(ABSEN!H:H,"HERMANSYAH ( SINARAH )") -> 1 | K12: =COUNTIF(ABSEN!I:I,"HERMANSYAH ( SINARAH )") -> 1 | L12: =COUNTIF(ABSEN!J:J,"HERMANSYAH ( SINARAH )") -> 1 | M12: MG | N12: NAS | O12: =COUNTIF(ABSEN!M:M,"HERMANSYAH ( SINARAH )") -> 1 | P12: =COUNTIF(ABSEN!N:N,"HERMANSYAH ( SINARAH )") -> 1 | Q12: =COUNTIF(ABSEN!O:O,"HERMANSYAH ( SINARAH )") -> 1 | R12: =COUNTIF(ABSEN!P:P,"HERMANSYAH ( SINARAH )") -> 1 | S12: =COUNTIF(ABSEN!Q:Q,"HERMANSYAH ( SINARAH )") -> 1 | T12: MG | U12: =COUNTIF(ABSEN!S:S,"HERMANSYAH ( SINARAH )") -> 1 | V12: =COUNTIF(ABSEN!T:T,"HERMANSYAH ( SINARAH )") -> 1 | W12: =COUNTIF(ABSEN!U:U,"HERMANSYAH ( SINARAH )") -> 1 | X12: =COUNTIF(ABSEN!V:V,"HERMANSYAH ( SINARAH )") -> 1 | Y12: =COUNTIF(ABSEN!W:W,"HERMANSYAH ( SINARAH )") -> 1 | Z12: =COUNTIF(ABSEN!X:X,"HERMANSYAH ( SINARAH )") -> 1 | AA12: MG | AB12: =COUNTIF(ABSEN!Z:Z,"HERMANSYAH ( SINARAH )") -> 1 | AC12: =COUNTIF(ABSEN!AA:AA,"HERMANSYAH ( SINARAH )") -> 1 | AD12: =COUNTIF(ABSEN!AB:AB,"HERMANSYAH ( SINARAH )") -> 1 | AE12: NAS | AF12: =COUNTIF(ABSEN!AD:AD,"HERMANSYAH ( SINARAH )") -> 1 | AG12: =COUNTIF(ABSEN!AE:AE,"HERMANSYAH ( SINARAH )") -> 1 | AH12: =SUM(C12:AG12) -> 24 | AI12: =COUNTIF(C12:AG12,"CT") -> 0 | AJ12: =COUNTIF(C12:AG12,"S") -> 0 | AK12: =COUNTIF(C12:AG12,"H1") -> 0 | AL12: =COUNTIF(C12:AG12,"MG") -> 4 | AM12: =COUNTIF(C12:AG12,"NAS") -> 3 | AN12: =COUNTIF(C12:AG12,"H2") -> 0 | AO12: =COUNTIF(C12:AG12,"P1") -> 0 | AP12: =+AH12+AI12+AJ12+AK12+AL12+AM12+AN12+AO12 -> 31 | AQ12: =COUNTIF(C12:AG12,"CTH") -> 0 | AR12: =COUNTIF(C12:AG12,"A") -> 0 | AT12: =AP12-AS12 -> 31
A13: 7 | B13: JUMADIL AWAL | C13: NAS | D13: =COUNTIF(ABSEN!B:B,"JUMADIL AWAL (Diasih)") -> 1 | E13: =COUNTIF(ABSEN!C:C,"JUMADIL AWAL (Diasih)") -> 1 | F13: MG | G13: =COUNTIF(ABSEN!E:E,"JUMADIL AWAL (Diasih)") -> 1 | H13: =COUNTIF(ABSEN!F:F,"JUMADIL AWAL (Diasih)") -> 1 | I13: =COUNTIF(ABSEN!G:G,"JUMADIL AWAL (Diasih)") -> 1 | J13: =COUNTIF(ABSEN!H:H,"JUMADIL AWAL (Diasih)") -> 1 | K13: =COUNTIF(ABSEN!I:I,"JUMADIL AWAL (Diasih)") -> 1 | L13: =COUNTIF(ABSEN!J:J,"JUMADIL AWAL (Diasih)") -> 1 | M13: MG | N13: NAS | O13: =COUNTIF(ABSEN!M:M,"JUMADIL AWAL (Diasih)") -> 1 | P13: =COUNTIF(ABSEN!N:N,"JUMADIL AWAL (Diasih)") -> 1 | Q13: =COUNTIF(ABSEN!O:O,"JUMADIL AWAL (Diasih)") -> 1 | R13: =COUNTIF(ABSEN!P:P,"JUMADIL AWAL (Diasih)") -> 1 | S13: =COUNTIF(ABSEN!Q:Q,"JUMADIL AWAL (Diasih)") -> 1 | T13: MG | U13: =COUNTIF(ABSEN!S:S,"JUMADIL AWAL (Diasih)") -> 1 | V13: =COUNTIF(ABSEN!T:T,"JUMADIL AWAL (Diasih)") -> 1 | W13: =COUNTIF(ABSEN!U:U,"JUMADIL AWAL (Diasih)") -> 1 | X13: =COUNTIF(ABSEN!V:V,"JUMADIL AWAL (Diasih)") -> 1 | Y13: =COUNTIF(ABSEN!W:W,"JUMADIL AWAL (Diasih)") -> 1 | Z13: =COUNTIF(ABSEN!X:X,"JUMADIL AWAL (Diasih)") -> 1 | AA13: MG | AB13: =COUNTIF(ABSEN!Z:Z,"JUMADIL AWAL (Diasih)") -> 1 | AC13: =COUNTIF(ABSEN!AA:AA,"JUMADIL AWAL (Diasih)") -> 1 | AD13: =COUNTIF(ABSEN!AB:AB,"JUMADIL AWAL (Diasih)") -> 1 | AE13: NAS | AF13: =COUNTIF(ABSEN!AD:AD,"JUMADIL AWAL (Diasih)") -> 1 | AG13: =COUNTIF(ABSEN!AE:AE,"JUMADIL AWAL (Diasih)") -> 1 | AH13: =SUM(C13:AG13) -> 24 | AI13: =COUNTIF(C13:AG13,"CT") -> 0 | AJ13: =COUNTIF(C13:AG13,"S") -> 0 | AK13: =COUNTIF(C13:AG13,"H1") -> 0 | AL13: =COUNTIF(C13:AG13,"MG") -> 4 | AM13: =COUNTIF(C13:AG13,"NAS") -> 3 | AN13: =COUNTIF(C13:AG13,"H2") -> 0 | AO13: =COUNTIF(C13:AG13,"P1") -> 0 | AP13: =+AH13+AI13+AJ13+AK13+AL13+AM13+AN13+AO13 -> 31 | AQ13: =COUNTIF(C13:AG13,"CTH") -> 0 | AR13: =COUNTIF(C13:AG13,"A") -> 0 | AT13: =AP13-AS13 -> 31
A14: 8 | B14: NASRUDIN (SAHNUN) | C14: NAS | D14: =COUNTIF(ABSEN!B:B,"NASRUDIN (Sahnun)") -> 1 | E14: =COUNTIF(ABSEN!C:C,"NASRUDIN (Sahnun)") -> 1 | F14: MG | G14: =COUNTIF(ABSEN!E:E,"NASRUDIN (Sahnun)") -> 1 | H14: =COUNTIF(ABSEN!F:F,"NASRUDIN (Sahnun)") -> 1 | I14: =COUNTIF(ABSEN!G:G,"NASRUDIN (Sahnun)") -> 1 | J14: =COUNTIF(ABSEN!H:H,"NASRUDIN (Sahnun)") -> 1 | K14: =COUNTIF(ABSEN!I:I,"NASRUDIN (Sahnun)") -> 1 | L14: =COUNTIF(ABSEN!J:J,"NASRUDIN (Sahnun)") -> 1 | M14: MG | N14: NAS | O14: =COUNTIF(ABSEN!M:M,"NASRUDIN (Sahnun)") -> 1 | P14: =COUNTIF(ABSEN!N:N,"NASRUDIN (Sahnun)") -> 1 | Q14: =COUNTIF(ABSEN!O:O,"NASRUDIN (Sahnun)") -> 1 | R14: =COUNTIF(ABSEN!P:P,"NASRUDIN (Sahnun)") -> 1 | S14: =COUNTIF(ABSEN!Q:Q,"NASRUDIN (Sahnun)") -> 1 | T14: MG | U14: =COUNTIF(ABSEN!S:S,"NASRUDIN (Sahnun)") -> 1 | V14: =COUNTIF(ABSEN!T:T,"NASRUDIN (Sahnun)") -> 1 | W14: =COUNTIF(ABSEN!U:U,"NASRUDIN (Sahnun)") -> 1 | X14: =COUNTIF(ABSEN!V:V,"NASRUDIN (Sahnun)") -> 1 | Y14: =COUNTIF(ABSEN!W:W,"NASRUDIN (Sahnun)") -> 1 | Z14: =COUNTIF(ABSEN!X:X,"NASRUDIN (Sahnun)") -> 1 | AA14: MG | AB14: =COUNTIF(ABSEN!Z:Z,"NASRUDIN (Sahnun)") -> 1 | AC14: =COUNTIF(ABSEN!AA:AA,"NASRUDIN (Sahnun)") -> 1 | AD14: =COUNTIF(ABSEN!AB:AB,"NASRUDIN (Sahnun)") -> 1 | AE14: NAS | AF14: =COUNTIF(ABSEN!AD:AD,"NASRUDIN (Sahnun)") -> 1 | AG14: =COUNTIF(ABSEN!AE:AE,"NASRUDIN (Sahnun)") -> 1 | AH14: =SUM(C14:AG14) -> 24 | AI14: =COUNTIF(C14:AG14,"CT") -> 0 | AJ14: =COUNTIF(C14:AG14,"S") -> 0 | AK14: =COUNTIF(C14:AG14,"H1") -> 0 | AL14: =COUNTIF(C14:AG14,"MG") -> 4 | AM14: =COUNTIF(C14:AG14,"NAS") -> 3 | AN14: =COUNTIF(C14:AG14,"H2") -> 0 | AO14: =COUNTIF(C14:AG14,"P1") -> 0 | AP14: =+AH14+AI14+AJ14+AK14+AL14+AM14+AN14+AO14 -> 31 | AQ14: =COUNTIF(C14:AG14,"CTH") -> 0 | AR14: =COUNTIF(C14:AG14,"A") -> 0 | AT14: =AP14-AS14 -> 31
A15: 9 | B15: NASRUDIN (INAK DENI) | C15: NAS | D15: =COUNTIF(ABSEN!B:B,"NASRUDIN (Inak Deni)") -> 1 | E15: =COUNTIF(ABSEN!C:C,"NASRUDIN (Inak Deni)") -> 1 | F15: MG | G15: =COUNTIF(ABSEN!E:E,"NASRUDIN (Inak Deni)") -> 1 | H15: =COUNTIF(ABSEN!F:F,"NASRUDIN (Inak Deni)") -> 1 | I15: =COUNTIF(ABSEN!G:G,"NASRUDIN (Inak Deni)") -> 1 | J15: =COUNTIF(ABSEN!H:H,"NASRUDIN (Inak Deni)") -> 1 | K15: =COUNTIF(ABSEN!I:I,"NASRUDIN (Inak Deni)") -> 1 | L15: =COUNTIF(ABSEN!J:J,"NASRUDIN (Inak Deni)") -> 1 | M15: MG | N15: NAS | O15: =COUNTIF(ABSEN!M:M,"NASRUDIN (Inak Deni)") -> 1 | P15: =COUNTIF(ABSEN!N:N,"NASRUDIN (Inak Deni)") -> 1 | Q15: =COUNTIF(ABSEN!O:O,"NASRUDIN (Inak Deni)") -> 1 | R15: =COUNTIF(ABSEN!P:P,"NASRUDIN (Inak Deni)") -> 1 | S15: =COUNTIF(ABSEN!Q:Q,"NASRUDIN (Inak Deni)") -> 1 | T15: MG | U15: =COUNTIF(ABSEN!S:S,"NASRUDIN (Inak Deni)") -> 1 | V15: =COUNTIF(ABSEN!T:T,"NASRUDIN (Inak Deni)") -> 1 | W15: =COUNTIF(ABSEN!U:U,"NASRUDIN (Inak Deni)") -> 1 | X15: =COUNTIF(ABSEN!V:V,"NASRUDIN (Inak Deni)") -> 1 | Y15: =COUNTIF(ABSEN!W:W,"NASRUDIN (Inak Deni)") -> 1 | Z15: =COUNTIF(ABSEN!X:X,"NASRUDIN (Inak Deni)") -> 1 | AA15: MG | AB15: =COUNTIF(ABSEN!Z:Z,"NASRUDIN (Inak Deni)") -> 1 | AC15: =COUNTIF(ABSEN!AA:AA,"NASRUDIN (Inak Deni)") -> 1 | AD15: =COUNTIF(ABSEN!AB:AB,"NASRUDIN (Inak Deni)") -> 1 | AE15: NAS | AF15: =COUNTIF(ABSEN!AD:AD,"NASRUDIN (Inak Deni)") -> 1 | AG15: =COUNTIF(ABSEN!AE:AE,"NASRUDIN (Inak Deni)") -> 1 | AH15: =SUM(C15:AG15) -> 24 | AI15: =COUNTIF(C15:AG15,"CT") -> 0 | AJ15: =COUNTIF(C15:AG15,"S") -> 0 | AK15: =COUNTIF(C15:AG15,"H1") -> 0 | AL15: =COUNTIF(C15:AG15,"MG") -> 4 | AM15: =COUNTIF(C15:AG15,"NAS") -> 3 | AN15: =COUNTIF(C15:AG15,"H2") -> 0 | AO15: =COUNTIF(C15:AG15,"P1") -> 0 | AP15: =+AH15+AI15+AJ15+AK15+AL15+AM15+AN15+AO15 -> 31 | AQ15: =COUNTIF(C15:AG15,"CTH") -> 0 | AR15: =COUNTIF(C15:AG15,"A") -> 0 | AT15: =AP15-AS15 -> 31
A16: 10 | B16: SUDIRMAN | C16: NAS | D16: =COUNTIF(ABSEN!B:B,"SUDIRMAN (Inaq Muhibin)") -> 1 | E16: =COUNTIF(ABSEN!C:C,"SUDIRMAN (Inaq Muhibin)") -> 1 | F16: MG | G16: =COUNTIF(ABSEN!E:E,"SUDIRMAN (Inaq Muhibin)") -> 1 | H16: =COUNTIF(ABSEN!F:F,"SUDIRMAN (Inaq Muhibin)") -> 1 | I16: =COUNTIF(ABSEN!G:G,"SUDIRMAN (Inaq Muhibin)") -> 1 | J16: =COUNTIF(ABSEN!H:H,"SUDIRMAN (Inaq Muhibin)") -> 1 | K16: =COUNTIF(ABSEN!I:I,"SUDIRMAN (Inaq Muhibin)") -> 1 | L16: =COUNTIF(ABSEN!J:J,"SUDIRMAN (Inaq Muhibin)") -> 1 | M16: MG | N16: NAS | O16: =COUNTIF(ABSEN!M:M,"SUDIRMAN (Inaq Muhibin)") -> 1 | P16: =COUNTIF(ABSEN!N:N,"SUDIRMAN (Inaq Muhibin)") -> 1 | Q16: =COUNTIF(ABSEN!O:O,"SUDIRMAN (Inaq Muhibin)") -> 1 | R16: =COUNTIF(ABSEN!P:P,"SUDIRMAN (Inaq Muhibin)") -> 1 | S16: =COUNTIF(ABSEN!Q:Q,"SUDIRMAN (Inaq Muhibin)") -> 1 | T16: MG | U16: =COUNTIF(ABSEN!S:S,"SUDIRMAN (Inaq Muhibin)") -> 1 | V16: =COUNTIF(ABSEN!T:T,"SUDIRMAN (Inaq Muhibin)") -> 1 | W16: =COUNTIF(ABSEN!U:U,"SUDIRMAN (Inaq Muhibin)") -> 1 | X16: =COUNTIF(ABSEN!V:V,"SUDIRMAN (Inaq Muhibin)") -> 1 | Y16: =COUNTIF(ABSEN!W:W,"SUDIRMAN (Inaq Muhibin)") -> 1 | Z16: =COUNTIF(ABSEN!X:X,"SUDIRMAN (Inaq Muhibin)") -> 1 | AA16: MG | AB16: =COUNTIF(ABSEN!Z:Z,"SUDIRMAN (Inaq Muhibin)") -> 1 | AC16: =COUNTIF(ABSEN!AA:AA,"SUDIRMAN (Inaq Muhibin)") -> 1 | AD16: =COUNTIF(ABSEN!AB:AB,"SUDIRMAN (Inaq Muhibin)") -> 1 | AE16: NAS | AF16: =COUNTIF(ABSEN!AD:AD,"SUDIRMAN (Inaq Muhibin)") -> 1 | AG16: =COUNTIF(ABSEN!AE:AE,"SUDIRMAN (Inaq Muhibin)") -> 1 | AH16: =SUM(C16:AG16) -> 24 | AI16: =COUNTIF(C16:AG16,"CT") -> 0 | AJ16: =COUNTIF(C16:AG16,"S") -> 0 | AK16: =COUNTIF(C16:AG16,"H1") -> 0 | AL16: =COUNTIF(C16:AG16,"MG") -> 4 | AM16: =COUNTIF(C16:AG16,"NAS") -> 3 | AN16: =COUNTIF(C16:AG16,"H2") -> 0 | AO16: =COUNTIF(C16:AG16,"P1") -> 0 | AP16: =+AH16+AI16+AJ16+AK16+AL16+AM16+AN16+AO16 -> 31 | AQ16: =COUNTIF(C16:AG16,"CTH") -> 0 | AR16: =COUNTIF(C16:AG16,"A") -> 0 | AT16: =AP16-AS16 -> 31
A17: 11 | B17: JAYA KUSUMA | C17: NAS | D17: =COUNTIF(ABSEN!B:B,"JAYA KUSUMA (Masi'ah)") -> 1 | E17: =COUNTIF(ABSEN!C:C,"JAYA KUSUMA (Masi'ah)") -> 1 | F17: MG | G17: =COUNTIF(ABSEN!E:E,"JAYA KUSUMA (Masi'ah)") -> 1 | H17: =COUNTIF(ABSEN!F:F,"JAYA KUSUMA (Masi'ah)") -> 1 | I17: =COUNTIF(ABSEN!G:G,"JAYA KUSUMA (Masi'ah)") -> 1 | J17: =COUNTIF(ABSEN!H:H,"JAYA KUSUMA (Masi'ah)") -> 1 | K17: =COUNTIF(ABSEN!I:I,"JAYA KUSUMA (Masi'ah)") -> 1 | L17: =COUNTIF(ABSEN!J:J,"JAYA KUSUMA (Masi'ah)") -> 1 | M17: MG | N17: NAS | O17: =COUNTIF(ABSEN!M:M,"JAYA KUSUMA (Masi'ah)") -> 1 | P17: =COUNTIF(ABSEN!N:N,"JAYA KUSUMA (Masi'ah)") -> 1 | Q17: =COUNTIF(ABSEN!O:O,"JAYA KUSUMA (Masi'ah)") -> 1 | R17: =COUNTIF(ABSEN!P:P,"JAYA KUSUMA (Masi'ah)") -> 1 | S17: =COUNTIF(ABSEN!Q:Q,"JAYA KUSUMA (Masi'ah)") -> 1 | T17: MG | U17: =COUNTIF(ABSEN!S:S,"JAYA KUSUMA (Masi'ah)") -> 1 | V17: =COUNTIF(ABSEN!T:T,"JAYA KUSUMA (Masi'ah)") -> 1 | W17: =COUNTIF(ABSEN!U:U,"JAYA KUSUMA (Masi'ah)") -> 1 | X17: =COUNTIF(ABSEN!V:V,"JAYA KUSUMA (Masi'ah)") -> 1 | Y17: =COUNTIF(ABSEN!W:W,"JAYA KUSUMA (Masi'ah)") -> 1 | Z17: =COUNTIF(ABSEN!X:X,"JAYA KUSUMA (Masi'ah)") -> 1 | AA17: MG | AB17: =COUNTIF(ABSEN!Z:Z,"JAYA KUSUMA (Masi'ah)") -> 1 | AC17: =COUNTIF(ABSEN!AA:AA,"JAYA KUSUMA (Masi'ah)") -> 1 | AD17: =COUNTIF(ABSEN!AB:AB,"JAYA KUSUMA (Masi'ah)") -> 1 | AE17: NAS | AF17: =COUNTIF(ABSEN!AD:AD,"JAYA KUSUMA (Masi'ah)") -> 1 | AG17: =COUNTIF(ABSEN!AE:AE,"JAYA KUSUMA (Masi'ah)") -> 1 | AH17: =SUM(C17:AG17) -> 24 | AI17: =COUNTIF(C17:AG17,"CT") -> 0 | AJ17: =COUNTIF(C17:AG17,"S") -> 0 | AK17: =COUNTIF(C17:AG17,"H1") -> 0 | AL17: =COUNTIF(C17:AG17,"MG") -> 4 | AM17: =COUNTIF(C17:AG17,"NAS") -> 3 | AN17: =COUNTIF(C17:AG17,"H2") -> 0 | AO17: =COUNTIF(C17:AG17,"P1") -> 0 | AP17: =+AH17+AI17+AJ17+AK17+AL17+AM17+AN17+AO17 -> 31 | AQ17: =COUNTIF(C17:AG17,"CTH") -> 0 | AR17: =COUNTIF(C17:AG17,"A") -> 0 | AT17: =AP17-AS17 -> 31
A18: 12 | B18: LALU HERI ISKANDAR | C18: NAS | D18: =COUNTIF(ABSEN!B:B,"LALU HERI ISKANDAR (Sri Harwati)") -> 1 | E18: =COUNTIF(ABSEN!C:C,"LALU HERI ISKANDAR (Sri Harwati)") -> 1 | F18: MG | G18: =COUNTIF(ABSEN!E:E,"LALU HERI ISKANDAR (Sri Harwati)") -> 1 | H18: =COUNTIF(ABSEN!F:F,"LALU HERI ISKANDAR (Sri Harwati)") -> 1 | I18: =COUNTIF(ABSEN!G:G,"LALU HERI ISKANDAR (Sri Harwati)") -> 1 | J18: =COUNTIF(ABSEN!H:H,"LALU HERI ISKANDAR (Sri Harwati)") -> 1 | K18: =COUNTIF(ABSEN!I:I,"LALU HERI ISKANDAR (Sri Harwati)") -> 1 | L18: =COUNTIF(ABSEN!J:J,"LALU HERI ISKANDAR (Sri Harwati)") -> 1 | M18: MG | N18: NAS | O18: =COUNTIF(ABSEN!M:M,"LALU HERI ISKANDAR (Sri Harwati)") -> 1 | P18: =COUNTIF(ABSEN!N:N,"LALU HERI ISKANDAR (Sri Harwati)") -> 1 | Q18: =COUNTIF(ABSEN!O:O,"LALU HERI ISKANDAR (Sri Harwati)") -> 1 | R18: =COUNTIF(ABSEN!P:P,"LALU HERI ISKANDAR (Sri Harwati)") -> 1 | S18: =COUNTIF(ABSEN!Q:Q,"LALU HERI ISKANDAR (Sri Harwati)") -> 1 | T18: MG | U18: =COUNTIF(ABSEN!S:S,"LALU HERI ISKANDAR (Sri Harwati)") -> 1 | V18: =COUNTIF(ABSEN!T:T,"LALU HERI ISKANDAR (Sri Harwati)") -> 1 | W18: =COUNTIF(ABSEN!U:U,"LALU HERI ISKANDAR (Sri Harwati)") -> 1 | X18: =COUNTIF(ABSEN!V:V,"LALU HERI ISKANDAR (Sri Harwati)") -> 1 | Y18: =COUNTIF(ABSEN!W:W,"LALU HERI ISKANDAR (Sri Harwati)") -> 1 | Z18: =COUNTIF(ABSEN!X:X,"LALU HERI ISKANDAR (Sri Harwati)") -> 1 | AA18: MG | AB18: =COUNTIF(ABSEN!Z:Z,"LALU HERI ISKANDAR (Sri Harwati)") -> 1 | AC18: =COUNTIF(ABSEN!AA:AA,"LALU HERI ISKANDAR (Sri Harwati)") -> 1 | AD18: =COUNTIF(ABSEN!AB:AB,"LALU HERI ISKANDAR (Sri Harwati)") -> 1 | AE18: NAS | AF18: =COUNTIF(ABSEN!AD:AD,"LALU HERI ISKANDAR (Sri Harwati)") -> 1 | AG18: =COUNTIF(ABSEN!AE:AE,"LALU HERI ISKANDAR (Sri Harwati)") -> 1 | AH18: =SUM(C18:AG18) -> 24 | AI18: =COUNTIF(C18:AG18,"CT") -> 0 | AJ18: =COUNTIF(C18:AG18,"S") -> 0 | AK18: =COUNTIF(C18:AG18,"H1") -> 0 | AL18: =COUNTIF(C18:AG18,"MG") -> 4 | AM18: =COUNTIF(C18:AG18,"NAS") -> 3 | AN18: =COUNTIF(C18:AG18,"H2") -> 0 | AO18: =COUNTIF(C18:AG18,"P1") -> 0 | AP18: =+AH18+AI18+AJ18+AK18+AL18+AM18+AN18+AO18 -> 31 | AQ18: =COUNTIF(C18:AG18,"CTH") -> 0 | AR18: =COUNTIF(C18:AG18,"A") -> 0 | AT18: =AP18-AS18 -> 31
A19: 13 | B19: ZAINAL | C19: NAS | D19: =COUNTIF(ABSEN!B:B,"ZAINAL (Mahnun)") -> 1 | E19: =COUNTIF(ABSEN!C:C,"ZAINAL (Mahnun)") -> 1 | F19: MG | G19: =COUNTIF(ABSEN!E:E,"ZAINAL (Mahnun)") -> 1 | H19: =COUNTIF(ABSEN!F:F,"ZAINAL (Mahnun)") -> 1 | I19: =COUNTIF(ABSEN!G:G,"ZAINAL (Mahnun)") -> 1 | J19: =COUNTIF(ABSEN!H:H,"ZAINAL (Mahnun)") -> 1 | K19: =COUNTIF(ABSEN!I:I,"ZAINAL (Mahnun)") -> 1 | L19: =COUNTIF(ABSEN!J:J,"ZAINAL (Mahnun)") -> 1 | M19: MG | N19: NAS | O19: =COUNTIF(ABSEN!M:M,"ZAINAL (Mahnun)") -> 1 | P19: =COUNTIF(ABSEN!N:N,"ZAINAL (Mahnun)") -> 1 | Q19: =COUNTIF(ABSEN!O:O,"ZAINAL (Mahnun)") -> 1 | R19: =COUNTIF(ABSEN!P:P,"ZAINAL (Mahnun)") -> 1 | S19: =COUNTIF(ABSEN!Q:Q,"ZAINAL (Mahnun)") -> 1 | T19: MG | U19: =COUNTIF(ABSEN!S:S,"ZAINAL (Mahnun)") -> 1 | V19: =COUNTIF(ABSEN!T:T,"ZAINAL (Mahnun)") -> 1 | W19: =COUNTIF(ABSEN!U:U,"ZAINAL (Mahnun)") -> 1 | X19: =COUNTIF(ABSEN!V:V,"ZAINAL (Mahnun)") -> 1 | Y19: =COUNTIF(ABSEN!W:W,"ZAINAL (Mahnun)") -> 1 | Z19: =COUNTIF(ABSEN!X:X,"ZAINAL (Mahnun)") -> 1 | AA19: MG | AB19: =COUNTIF(ABSEN!Z:Z,"ZAINAL (Mahnun)") -> 1 | AC19: =COUNTIF(ABSEN!AA:AA,"ZAINAL (Mahnun)") -> 1 | AD19: =COUNTIF(ABSEN!AB:AB,"ZAINAL (Mahnun)") -> 1 | AE19: NAS | AF19: =COUNTIF(ABSEN!AD:AD,"ZAINAL (Mahnun)") -> 1 | AG19: =COUNTIF(ABSEN!AE:AE,"ZAINAL (Mahnun)") -> 1 | AH19: =SUM(C19:AG19) -> 24 | AI19: =COUNTIF(C19:AG19,"CT") -> 0 | AJ19: =COUNTIF(C19:AG19,"S") -> 0 | AK19: =COUNTIF(C19:AG19,"H1") -> 0 | AL19: =COUNTIF(C19:AG19,"MG") -> 4 | AM19: =COUNTIF(C19:AG19,"NAS") -> 3 | AN19: =COUNTIF(C19:AG19,"H2") -> 0 | AO19: =COUNTIF(C19:AG19,"P1") -> 0 | AP19: =+AH19+AI19+AJ19+AK19+AL19+AM19+AN19+AO19 -> 31 | AQ19: =COUNTIF(C19:AG19,"CTH") -> 0 | AR19: =COUNTIF(C19:AG19,"A") -> 0 | AT19: =AP19-AS19 -> 31
A20: 14 | B20: MUHAMMAD TAHIR | C20: NAS | D20: S | E20: =COUNTIF(ABSEN!C:C,"MUHAMMAD TAHIR (Sahmin)") -> 1 | F20: MG | G20: =COUNTIF(ABSEN!E:E,"MUHAMMAD TAHIR (Sahmin)") -> 1 | H20: =COUNTIF(ABSEN!F:F,"MUHAMMAD TAHIR (Sahmin)") -> 1 | I20: CT | J20: CT | K20: S | L20: S | M20: MG | N20: NAS | O20: =COUNTIF(ABSEN!M:M,"MUHAMMAD TAHIR (Sahmin)") -> 1 | P20: =COUNTIF(ABSEN!N:N,"MUHAMMAD TAHIR (Sahmin)") -> 1 | Q20: =COUNTIF(ABSEN!O:O,"MUHAMMAD TAHIR (Sahmin)") -> 1 | R20: =COUNTIF(ABSEN!P:P,"MUHAMMAD TAHIR (Sahmin)") -> 1 | S20: =COUNTIF(ABSEN!Q:Q,"MUHAMMAD TAHIR (Sahmin)") -> 1 | T20: MG | U20: =COUNTIF(ABSEN!S:S,"MUHAMMAD TAHIR (Sahmin)") -> 1 | V20: =COUNTIF(ABSEN!T:T,"MUHAMMAD TAHIR (Sahmin)") -> 1 | W20: =COUNTIF(ABSEN!U:U,"MUHAMMAD TAHIR (Sahmin)") -> 1 | X20: =COUNTIF(ABSEN!V:V,"MUHAMMAD TAHIR (Sahmin)") -> 1 | Y20: =COUNTIF(ABSEN!W:W,"MUHAMMAD TAHIR (Sahmin)") -> 1 | Z20: =COUNTIF(ABSEN!X:X,"MUHAMMAD TAHIR (Sahmin)") -> 1 | AA20: MG | AB20: =COUNTIF(ABSEN!Z:Z,"MUHAMMAD TAHIR (Sahmin)") -> 1 | AC20: =COUNTIF(ABSEN!AA:AA,"MUHAMMAD TAHIR (Sahmin)") -> 1 | AD20: =COUNTIF(ABSEN!AB:AB,"MUHAMMAD TAHIR (Sahmin)") -> 1 | AE20: NAS | AF20: =COUNTIF(ABSEN!AD:AD,"MUHAMMAD TAHIR (Sahmin)") -> 1 | AG20: =COUNTIF(ABSEN!AE:AE,"MUHAMMAD TAHIR (Sahmin)") -> 1 | AH20: =SUM(C20:AG20) -> 19 | AI20: =COUNTIF(C20:AG20,"CT") -> 2 | AJ20: =COUNTIF(C20:AG20,"S") -> 3 | AK20: =COUNTIF(C20:AG20,"H1") -> 0 | AL20: =COUNTIF(C20:AG20,"MG") -> 4 | AM20: =COUNTIF(C20:AG20,"NAS") -> 3 | AN20: =COUNTIF(C20:AG20,"H2") -> 0 | AO20: =COUNTIF(C20:AG20,"P1") -> 0 | AP20: =+AH20+AI20+AJ20+AK20+AL20+AM20+AN20+AO20 -> 31 | AQ20: =COUNTIF(C20:AG20,"CTH") -> 0 | AR20: =COUNTIF(C20:AG20,"A") -> 0 | AT20: =AP20-AS20 -> 31
A21: 15 | B21: TATO | C21: NAS | D21: =COUNTIF(ABSEN!B:B,"TATO (MINTEN)") -> 1 | E21: A | F21: MG | G21: =COUNTIF(ABSEN!E:E,"TATO (MINTEN)") -> 1 | H21: =COUNTIF(ABSEN!F:F,"TATO (MINTEN)") -> 1 | I21: =COUNTIF(ABSEN!G:G,"TATO (MINTEN)") -> 1 | J21: =COUNTIF(ABSEN!H:H,"TATO (MINTEN)") -> 1 | K21: =COUNTIF(ABSEN!I:I,"TATO (MINTEN)") -> 1 | L21: =COUNTIF(ABSEN!J:J,"TATO (MINTEN)") -> 1 | M21: MG | N21: NAS | O21: =COUNTIF(ABSEN!M:M,"TATO (MINTEN)") -> 1 | P21: =COUNTIF(ABSEN!N:N,"TATO (MINTEN)") -> 1 | Q21: =COUNTIF(ABSEN!O:O,"TATO (MINTEN)") -> 1 | R21: =COUNTIF(ABSEN!P:P,"TATO (MINTEN)") -> 1 | S21: =COUNTIF(ABSEN!Q:Q,"TATO (MINTEN)") -> 1 | T21: MG | U21: =COUNTIF(ABSEN!S:S,"TATO (MINTEN)") -> 1 | V21: =COUNTIF(ABSEN!T:T,"TATO (MINTEN)") -> 1 | W21: =COUNTIF(ABSEN!U:U,"TATO (MINTEN)") -> 1 | X21: =COUNTIF(ABSEN!V:V,"TATO (MINTEN)") -> 1 | Y21: =COUNTIF(ABSEN!W:W,"TATO (MINTEN)") -> 1 | Z21: =COUNTIF(ABSEN!X:X,"TATO (MINTEN)") -> 1 | AA21: MG | AB21: =COUNTIF(ABSEN!Z:Z,"TATO (MINTEN)") -> 1 | AC21: =COUNTIF(ABSEN!AA:AA,"TATO (MINTEN)") -> 1 | AD21: =COUNTIF(ABSEN!AB:AB,"TATO (MINTEN)") -> 1 | AE21: NAS | AF21: =COUNTIF(ABSEN!AD:AD,"TATO (MINTEN)") -> 1 | AG21: =COUNTIF(ABSEN!AE:AE,"TATO (MINTEN)") -> 1 | AH21: =SUM(C21:AG21) -> 23 | AI21: =COUNTIF(C21:AG21,"CT") -> 0 | AJ21: =COUNTIF(C21:AG21,"S") -> 0 | AK21: =COUNTIF(C21:AG21,"H1") -> 0 | AL21: =COUNTIF(C21:AG21,"MG") -> 4 | AM21: =COUNTIF(C21:AG21,"NAS") -> 3 | AN21: =COUNTIF(C21:AG21,"H2") -> 0 | AO21: =COUNTIF(C21:AG21,"P1") -> 0 | AP21: =+AH21+AI21+AJ21+AK21+AL21+AM21+AN21+AO21 -> 30 | AQ21: =COUNTIF(C21:AG21,"CTH") -> 0 | AR21: =COUNTIF(C21:AG21,"A") -> 1 | AT21: =AP21-AS21 -> 30
A22: 16 | B22: AGUS SURYADI | C22: NAS | D22: =COUNTIF(ABSEN!B:B,"AGUS SURYADI (HAINI)") -> 1 | E22: =COUNTIF(ABSEN!C:C,"AGUS SURYADI (HAINI)") -> 1 | F22: MG | G22: =COUNTIF(ABSEN!E:E,"AGUS SURYADI (HAINI)") -> 1 | H22: =COUNTIF(ABSEN!F:F,"AGUS SURYADI (HAINI)") -> 1 | I22: =COUNTIF(ABSEN!G:G,"AGUS SURYADI (HAINI)") -> 1 | J22: =COUNTIF(ABSEN!H:H,"AGUS SURYADI (HAINI)") -> 1 | K22: =COUNTIF(ABSEN!I:I,"AGUS SURYADI (HAINI)") -> 1 | L22: =COUNTIF(ABSEN!J:J,"AGUS SURYADI (HAINI)") -> 1 | M22: MG | N22: NAS | O22: =COUNTIF(ABSEN!M:M,"AGUS SURYADI (HAINI)") -> 1 | P22: =COUNTIF(ABSEN!N:N,"AGUS SURYADI (HAINI)") -> 1 | Q22: =COUNTIF(ABSEN!O:O,"AGUS SURYADI (HAINI)") -> 1 | R22: =COUNTIF(ABSEN!P:P,"AGUS SURYADI (HAINI)") -> 1 | S22: =COUNTIF(ABSEN!Q:Q,"AGUS SURYADI (HAINI)") -> 1 | T22: MG | U22: =COUNTIF(ABSEN!S:S,"AGUS SURYADI (HAINI)") -> 1 | V22: =COUNTIF(ABSEN!T:T,"AGUS SURYADI (HAINI)") -> 1 | W22: =COUNTIF(ABSEN!U:U,"AGUS SURYADI (HAINI)") -> 1 | X22: =COUNTIF(ABSEN!V:V,"AGUS SURYADI (HAINI)") -> 1 | Y22: =COUNTIF(ABSEN!W:W,"AGUS SURYADI (HAINI)") -> 1 | Z22: =COUNTIF(ABSEN!X:X,"AGUS SURYADI (HAINI)") -> 1 | AA22: MG | AB22: =COUNTIF(ABSEN!Z:Z,"AGUS SURYADI (HAINI)") -> 1 | AC22: =COUNTIF(ABSEN!AA:AA,"AGUS SURYADI (HAINI)") -> 1 | AD22: =COUNTIF(ABSEN!AB:AB,"AGUS SURYADI (HAINI)") -> 1 | AE22: NAS | AF22: =COUNTIF(ABSEN!AD:AD,"AGUS SURYADI (HAINI)") -> 1 | AG22: =COUNTIF(ABSEN!AE:AE,"AGUS SURYADI (HAINI)") -> 1 | AH22: =SUM(C22:AG22) -> 24 | AI22: =COUNTIF(C22:AG22,"CT") -> 0 | AJ22: =COUNTIF(C22:AG22,"S") -> 0 | AK22: =COUNTIF(C22:AG22,"H1") -> 0 | AL22: =COUNTIF(C22:AG22,"MG") -> 4 | AM22: =COUNTIF(C22:AG22,"NAS") -> 3 | AN22: =COUNTIF(C22:AG22,"H2") -> 0 | AO22: =COUNTIF(C22:AG22,"P1") -> 0 | AP22: =+AH22+AI22+AJ22+AK22+AL22+AM22+AN22+AO22 -> 31 | AQ22: =COUNTIF(C22:AG22,"CTH") -> 0 | AR22: =COUNTIF(C22:AG22,"A") -> 0 | AT22: =AP22-AS22 -> 31
A23: 17 | B23: ALMAN | C23: NAS | D23: =COUNTIF(ABSEN!B:B,"ALMAN ( Inaq Alman )") -> 1 | E23: =COUNTIF(ABSEN!C:C,"ALMAN ( Inaq Alman )") -> 1 | F23: MG | G23: =COUNTIF(ABSEN!E:E,"ALMAN ( Inaq Alman )") -> 1 | H23: =COUNTIF(ABSEN!F:F,"ALMAN ( Inaq Alman )") -> 1 | I23: =COUNTIF(ABSEN!G:G,"ALMAN ( Inaq Alman )") -> 1 | J23: =COUNTIF(ABSEN!H:H,"ALMAN ( Inaq Alman )") -> 1 | K23: =COUNTIF(ABSEN!I:I,"ALMAN ( Inaq Alman )") -> 1 | L23: =COUNTIF(ABSEN!J:J,"ALMAN ( Inaq Alman )") -> 1 | M23: MG | N23: NAS | O23: =COUNTIF(ABSEN!M:M,"ALMAN ( Inaq Alman )") -> 1 | P23: =COUNTIF(ABSEN!N:N,"ALMAN ( Inaq Alman )") -> 1 | Q23: =COUNTIF(ABSEN!O:O,"ALMAN ( Inaq Alman )") -> 1 | R23: =COUNTIF(ABSEN!P:P,"ALMAN ( Inaq Alman )") -> 1 | S23: =COUNTIF(ABSEN!Q:Q,"ALMAN ( Inaq Alman )") -> 1 | T23: MG | U23: =COUNTIF(ABSEN!S:S,"ALMAN ( Inaq Alman )") -> 1 | V23: =COUNTIF(ABSEN!T:T,"ALMAN ( Inaq Alman )") -> 1 | W23: =COUNTIF(ABSEN!U:U,"ALMAN ( Inaq Alman )") -> 1 | X23: =COUNTIF(ABSEN!V:V,"ALMAN ( Inaq Alman )") -> 1 | Y23: =COUNTIF(ABSEN!W:W,"ALMAN ( Inaq Alman )") -> 1 | Z23: =COUNTIF(ABSEN!X:X,"ALMAN ( Inaq Alman )") -> 1 | AA23: MG | AB23: =COUNTIF(ABSEN!Z:Z,"ALMAN ( Inaq Alman )") -> 1 | AC23: =COUNTIF(ABSEN!AA:AA,"ALMAN ( Inaq Alman )") -> 1 | AD23: =COUNTIF(ABSEN!AB:AB,"ALMAN ( Inaq Alman )") -> 1 | AE23: NAS | AF23: =COUNTIF(ABSEN!AD:AD,"ALMAN ( Inaq Alman )") -> 1 | AG23: =COUNTIF(ABSEN!AE:AE,"ALMAN ( Inaq Alman )") -> 1 | AH23: =SUM(C23:AG23) -> 24 | AI23: =COUNTIF(C23:AG23,"CT") -> 0 | AJ23: =COUNTIF(C23:AG23,"S") -> 0 | AK23: =COUNTIF(C23:AG23,"H1") -> 0 | AL23: =COUNTIF(C23:AG23,"MG") -> 4 | AM23: =COUNTIF(C23:AG23,"NAS") -> 3 | AN23: =COUNTIF(C23:AG23,"H2") -> 0 | AO23: =COUNTIF(C23:AG23,"P1") -> 0 | AP23: =+AH23+AI23+AJ23+AK23+AL23+AM23+AN23+AO23 -> 31 | AQ23: =COUNTIF(C23:AG23,"CTH") -> 0 | AR23: =COUNTIF(C23:AG23,"A") -> 0 | AT23: =AP23-AS23 -> 31
A24: 18 | B24: HERI SUTANTO | C24: NAS | D24: S | E24: =COUNTIF(ABSEN!C:C,"HERI SUTANTO (MUSRI)") -> 1 | F24: MG | G24: =COUNTIF(ABSEN!E:E,"HERI SUTANTO (MUSRI)") -> 1 | H24: =COUNTIF(ABSEN!F:F,"HERI SUTANTO (MUSRI)") -> 1 | I24: =COUNTIF(ABSEN!G:G,"HERI SUTANTO (MUSRI)") -> 1 | J24: CT | K24: =COUNTIF(ABSEN!I:I,"HERI SUTANTO (MUSRI)") -> 1 | L24: =COUNTIF(ABSEN!J:J,"HERI SUTANTO (MUSRI)") -> 1 | M24: MG | N24: NAS | O24: =COUNTIF(ABSEN!M:M,"HERI SUTANTO (MUSRI)") -> 1 | P24: =COUNTIF(ABSEN!N:N,"HERI SUTANTO (MUSRI)") -> 1 | Q24: =COUNTIF(ABSEN!O:O,"HERI SUTANTO (MUSRI)") -> 1 | R24: =COUNTIF(ABSEN!P:P,"HERI SUTANTO (MUSRI)") -> 1 | S24: =COUNTIF(ABSEN!Q:Q,"HERI SUTANTO (MUSRI)") -> 1 | T24: MG | U24: =COUNTIF(ABSEN!S:S,"HERI SUTANTO (MUSRI)") -> 1 | V24: =COUNTIF(ABSEN!T:T,"HERI SUTANTO (MUSRI)") -> 1 | W24: =COUNTIF(ABSEN!U:U,"HERI SUTANTO (MUSRI)") -> 1 | X24: A | Y24: =COUNTIF(ABSEN!W:W,"HERI SUTANTO (MUSRI)") -> 1 | Z24: =COUNTIF(ABSEN!X:X,"HERI SUTANTO (MUSRI)") -> 1 | AA24: MG | AB24: =COUNTIF(ABSEN!Z:Z,"HERI SUTANTO (MUSRI)") -> 1 | AC24: A | AD24: =COUNTIF(ABSEN!AB:AB,"HERI SUTANTO (MUSRI)") -> 1 | AE24: NAS | AF24: =COUNTIF(ABSEN!AD:AD,"HERI SUTANTO (MUSRI)") -> 1 | AG24: =COUNTIF(ABSEN!AE:AE,"HERI SUTANTO (MUSRI)") -> 1 | AH24: =SUM(C24:AG24) -> 20 | AI24: =COUNTIF(C24:AG24,"CT") -> 1 | AJ24: =COUNTIF(C24:AG24,"S") -> 1 | AK24: =COUNTIF(C24:AG24,"H1") -> 0 | AL24: =COUNTIF(C24:AG24,"MG") -> 4 | AM24: =COUNTIF(C24:AG24,"NAS") -> 3 | AN24: =COUNTIF(C24:AG24,"H2") -> 0 | AO24: =COUNTIF(C24:AG24,"P1") -> 0 | AP24: =+AH24+AI24+AJ24+AK24+AL24+AM24+AN24+AO24 -> 29 | AQ24: =COUNTIF(C24:AG24,"CTH") -> 0 | AR24: =COUNTIF(C24:AG24,"A") -> 2 | AT24: =AP24-AS24 -> 29
A25: 19 | B25: SUPRIYONO | C25: NAS | D25: =COUNTIF(ABSEN!B:B,"SUPRIYONO (TURAH)") -> 1 | E25: =COUNTIF(ABSEN!C:C,"SUPRIYONO (TURAH)") -> 1 | F25: MG | G25: =COUNTIF(ABSEN!E:E,"SUPRIYONO (TURAH)") -> 1 | H25: =COUNTIF(ABSEN!F:F,"SUPRIYONO (TURAH)") -> 1 | I25: =COUNTIF(ABSEN!G:G,"SUPRIYONO (TURAH)") -> 1 | J25: =COUNTIF(ABSEN!H:H,"SUPRIYONO (TURAH)") -> 1 | K25: =COUNTIF(ABSEN!I:I,"SUPRIYONO (TURAH)") -> 1 | L25: =COUNTIF(ABSEN!J:J,"SUPRIYONO (TURAH)") -> 1 | M25: MG | N25: NAS | O25: =COUNTIF(ABSEN!M:M,"SUPRIYONO (TURAH)") -> 1 | P25: A | Q25: =COUNTIF(ABSEN!O:O,"SUPRIYONO (TURAH)") -> 1 | R25: =COUNTIF(ABSEN!P:P,"SUPRIYONO (TURAH)") -> 1 | S25: =COUNTIF(ABSEN!Q:Q,"SUPRIYONO (TURAH)") -> 1 | T25: MG | U25: =COUNTIF(ABSEN!S:S,"SUPRIYONO (TURAH)") -> 1 | V25: A | W25: A | X25: A | Y25: =COUNTIF(ABSEN!W:W,"SUPRIYONO (TURAH)") -> 0 | Z25: =COUNTIF(ABSEN!X:X,"SUPRIYONO (TURAH)") -> 0 | AB25: =COUNTIF(ABSEN!Z:Z,"SUPRIYONO (TURAH)") -> 0 | AC25: =COUNTIF(ABSEN!AA:AA,"SUPRIYONO (TURAH)") -> 0 | AD25: =COUNTIF(ABSEN!AB:AB,"SUPRIYONO (TURAH)") -> 0 | AF25: =COUNTIF(ABSEN!AD:AD,"SUPRIYONO (TURAH)") -> 0 | AG25: =COUNTIF(ABSEN!AE:AE,"SUPRIYONO (TURAH)") -> 0 | AH25: =SUM(C25:AG25) -> 13 | AI25: =COUNTIF(C25:AG25,"CT") -> 0 | AJ25: =COUNTIF(C25:AG25,"S") -> 0 | AK25: =COUNTIF(C25:AG25,"H1") -> 0 | AL25: =COUNTIF(C25:AG25,"MG") -> 3 | AM25: =COUNTIF(C25:AG25,"NAS") -> 2 | AN25: =COUNTIF(C25:AG25,"H2") -> 0 | AO25: =COUNTIF(C25:AG25,"P1") -> 0 | AP25: =+AH25+AI25+AJ25+AK25+AL25+AM25+AN25+AO25 -> 18 | AQ25: =COUNTIF(C25:AG25,"CTH") -> 0 | AR25: =COUNTIF(C25:AG25,"A") -> 4 | AT25: =AP25-AS25 -> 18 | AW25: TIKET POTONG GAJI | AX25: =3219520+1262000 -> 4481520 | AY25: =AX25/2 -> 2240760 | AZ25: =AY25/3 -> 746920
A26: 20 | B26: AWALUDIN | C26: NAS | D26: =COUNTIF(ABSEN!B:B,"AWALUDIN (INUN)") -> 1 | E26: =COUNTIF(ABSEN!C:C,"AWALUDIN (INUN)") -> 1 | F26: MG | G26: =COUNTIF(ABSEN!E:E,"AWALUDIN (INUN)") -> 1 | H26: =COUNTIF(ABSEN!F:F,"AWALUDIN (INUN)") -> 1 | I26: =COUNTIF(ABSEN!G:G,"AWALUDIN (INUN)") -> 1 | J26: =COUNTIF(ABSEN!H:H,"AWALUDIN (INUN)") -> 1 | K26: =COUNTIF(ABSEN!I:I,"AWALUDIN (INUN)") -> 1 | L26: =COUNTIF(ABSEN!J:J,"AWALUDIN (INUN)") -> 1 | M26: MG | N26: NAS | O26: =COUNTIF(ABSEN!M:M,"AWALUDIN (INUN)") -> 1 | P26: =COUNTIF(ABSEN!N:N,"AWALUDIN (INUN)") -> 1 | Q26: =COUNTIF(ABSEN!O:O,"AWALUDIN (INUN)") -> 1 | R26: =COUNTIF(ABSEN!P:P,"AWALUDIN (INUN)") -> 1 | S26: =COUNTIF(ABSEN!Q:Q,"AWALUDIN (INUN)") -> 1 | T26: MG | U26: =COUNTIF(ABSEN!S:S,"AWALUDIN (INUN)") -> 1 | V26: =COUNTIF(ABSEN!T:T,"AWALUDIN (INUN)") -> 1 | W26: =COUNTIF(ABSEN!U:U,"AWALUDIN (INUN)") -> 1 | X26: =COUNTIF(ABSEN!V:V,"AWALUDIN (INUN)") -> 1 | Y26: =COUNTIF(ABSEN!W:W,"AWALUDIN (INUN)") -> 1 | Z26: =COUNTIF(ABSEN!X:X,"AWALUDIN (INUN)") -> 1 | AA26: MG | AB26: =COUNTIF(ABSEN!Z:Z,"AWALUDIN (INUN)") -> 1 | AC26: =COUNTIF(ABSEN!AA:AA,"AWALUDIN (INUN)") -> 1 | AD26: =COUNTIF(ABSEN!AB:AB,"AWALUDIN (INUN)") -> 1 | AE26: NAS | AF26: =COUNTIF(ABSEN!AD:AD,"AWALUDIN (INUN)") -> 1 | AG26: =COUNTIF(ABSEN!AE:AE,"AWALUDIN (INUN)") -> 1 | AH26: =SUM(C26:AG26) -> 24 | AI26: =COUNTIF(C26:AG26,"CT") -> 0 | AJ26: =COUNTIF(C26:AG26,"S") -> 0 | AK26: =COUNTIF(C26:AG26,"H1") -> 0 | AL26: =COUNTIF(C26:AG26,"MG") -> 4 | AM26: =COUNTIF(C26:AG26,"NAS") -> 3 | AN26: =COUNTIF(C26:AG26,"H2") -> 0 | AO26: =COUNTIF(C26:AG26,"P1") -> 0 | AP26: =+AH26+AI26+AJ26+AK26+AL26+AM26+AN26+AO26 -> 31 | AQ26: =COUNTIF(C26:AG26,"CTH") -> 0 | AR26: =COUNTIF(C26:AG26,"A") -> 0
A27: 21 | B27: AHYAR RASIDI | C27: NAS | D27: =COUNTIF(ABSEN!B:B,"AHYAR RASIDI (NURHAENI)") -> 1 | E27: =COUNTIF(ABSEN!C:C,"AHYAR RASIDI (NURHAENI)") -> 1 | F27: MG | G27: =COUNTIF(ABSEN!E:E,"AHYAR RASIDI (NURHAENI)") -> 1 | H27: =COUNTIF(ABSEN!F:F,"AHYAR RASIDI (NURHAENI)") -> 1 | I27: =COUNTIF(ABSEN!G:G,"AHYAR RASIDI (NURHAENI)") -> 1 | J27: =COUNTIF(ABSEN!H:H,"AHYAR RASIDI (NURHAENI)") -> 1 | K27: =COUNTIF(ABSEN!I:I,"AHYAR RASIDI (NURHAENI)") -> 1 | L27: =COUNTIF(ABSEN!J:J,"AHYAR RASIDI (NURHAENI)") -> 1 | M27: MG | N27: NAS | O27: =COUNTIF(ABSEN!M:M,"AHYAR RASIDI (NURHAENI)") -> 1 | P27: =COUNTIF(ABSEN!N:N,"AHYAR RASIDI (NURHAENI)") -> 1 | Q27: =COUNTIF(ABSEN!O:O,"AHYAR RASIDI (NURHAENI)") -> 1 | R27: =COUNTIF(ABSEN!P:P,"AHYAR RASIDI (NURHAENI)") -> 1 | S27: =COUNTIF(ABSEN!Q:Q,"AHYAR RASIDI (NURHAENI)") -> 1 | T27: MG | U27: =COUNTIF(ABSEN!S:S,"AHYAR RASIDI (NURHAENI)") -> 1 | V27: =COUNTIF(ABSEN!T:T,"AHYAR RASIDI (NURHAENI)") -> 1 | W27: =COUNTIF(ABSEN!U:U,"AHYAR RASIDI (NURHAENI)") -> 1 | X27: =COUNTIF(ABSEN!V:V,"AHYAR RASIDI (NURHAENI)") -> 1 | Y27: =COUNTIF(ABSEN!W:W,"AHYAR RASIDI (NURHAENI)") -> 1 | Z27: =COUNTIF(ABSEN!X:X,"AHYAR RASIDI (NURHAENI)") -> 1 | AA27: MG | AB27: =COUNTIF(ABSEN!Z:Z,"AHYAR RASIDI (NURHAENI)") -> 1 | AC27: =COUNTIF(ABSEN!AA:AA,"AHYAR RASIDI (NURHAENI)") -> 1 | AD27: =COUNTIF(ABSEN!AB:AB,"AHYAR RASIDI (NURHAENI)") -> 1 | AE27: NAS | AF27: =COUNTIF(ABSEN!AD:AD,"AHYAR RASIDI (NURHAENI)") -> 1 | AG27: =COUNTIF(ABSEN!AE:AE,"AHYAR RASIDI (NURHAENI)") -> 1 | AH27: =SUM(C27:AG27) -> 24 | AI27: =COUNTIF(C27:AG27,"CT") -> 0 | AJ27: =COUNTIF(C27:AG27,"S") -> 0 | AK27: =COUNTIF(C27:AG27,"H1") -> 0 | AL27: =COUNTIF(C27:AG27,"MG") -> 4 | AM27: =COUNTIF(C27:AG27,"NAS") -> 3 | AN27: =COUNTIF(C27:AG27,"H2") -> 0 | AO27: =COUNTIF(C27:AG27,"P1") -> 0 | AP27: =+AH27+AI27+AJ27+AK27+AL27+AM27+AN27+AO27 -> 31 | AQ27: =COUNTIF(C27:AG27,"CTH") -> 0 | AR27: =COUNTIF(C27:AG27,"A") -> 0 | AT27: =AP27-AS27 -> 31 | AW27: AHYAR RASIDI | AX27: 746920 | AY27: 746920 | AZ27: 746920 | BA27: =SUM(AX27:AZ27) -> 2240760
A28: 22 | B28: PAUZIWADI | C28: NAS | D28: =COUNTIF(ABSEN!B:B,"PAUZIWADI (SAHNUN)") -> 1 | E28: =COUNTIF(ABSEN!C:C,"PAUZIWADI (SAHNUN)") -> 1 | F28: MG | G28: =COUNTIF(ABSEN!E:E,"PAUZIWADI (SAHNUN)") -> 1 | H28: =COUNTIF(ABSEN!F:F,"PAUZIWADI (SAHNUN)") -> 1 | I28: =COUNTIF(ABSEN!G:G,"PAUZIWADI (SAHNUN)") -> 1 | J28: =COUNTIF(ABSEN!H:H,"PAUZIWADI (SAHNUN)") -> 1 | K28: =COUNTIF(ABSEN!I:I,"PAUZIWADI (SAHNUN)") -> 1 | L28: =COUNTIF(ABSEN!J:J,"PAUZIWADI (SAHNUN)") -> 1 | M28: MG | N28: NAS | O28: =COUNTIF(ABSEN!M:M,"PAUZIWADI (SAHNUN)") -> 1 | P28: =COUNTIF(ABSEN!N:N,"PAUZIWADI (SAHNUN)") -> 1 | Q28: =COUNTIF(ABSEN!O:O,"PAUZIWADI (SAHNUN)") -> 1 | R28: =COUNTIF(ABSEN!P:P,"PAUZIWADI (SAHNUN)") -> 1 | S28: =COUNTIF(ABSEN!Q:Q,"PAUZIWADI (SAHNUN)") -> 1 | T28: MG | U28: =COUNTIF(ABSEN!S:S,"PAUZIWADI (SAHNUN)") -> 1 | V28: =COUNTIF(ABSEN!T:T,"PAUZIWADI (SAHNUN)") -> 1 | W28: =COUNTIF(ABSEN!U:U,"PAUZIWADI (SAHNUN)") -> 1 | X28: =COUNTIF(ABSEN!V:V,"PAUZIWADI (SAHNUN)") -> 1 | Y28: =COUNTIF(ABSEN!W:W,"PAUZIWADI (SAHNUN)") -> 1 | Z28: =COUNTIF(ABSEN!X:X,"PAUZIWADI (SAHNUN)") -> 1 | AA28: MG | AB28: =COUNTIF(ABSEN!Z:Z,"PAUZIWADI (SAHNUN)") -> 1 | AC28: =COUNTIF(ABSEN!AA:AA,"PAUZIWADI (SAHNUN)") -> 1 | AD28: =COUNTIF(ABSEN!AB:AB,"PAUZIWADI (SAHNUN)") -> 1 | AE28: NAS | AF28: =COUNTIF(ABSEN!AD:AD,"PAUZIWADI (SAHNUN)") -> 1 | AG28: =COUNTIF(ABSEN!AE:AE,"PAUZIWADI (SAHNUN)") -> 1 | AH28: =SUM(C28:AG28) -> 24 | AI28: =COUNTIF(C28:AG28,"CT") -> 0 | AJ28: =COUNTIF(C28:AG28,"S") -> 0 | AK28: =COUNTIF(C28:AG28,"H1") -> 0 | AL28: =COUNTIF(C28:AG28,"MG") -> 4 | AM28: =COUNTIF(C28:AG28,"NAS") -> 3 | AN28: =COUNTIF(C28:AG28,"H2") -> 0 | AO28: =COUNTIF(C28:AG28,"P1") -> 0 | AP28: =+AH28+AI28+AJ28+AK28+AL28+AM28+AN28+AO28 -> 31 | AQ28: =COUNTIF(C28:AG28,"CTH") -> 0 | AR28: =COUNTIF(C28:AG28,"A") -> 0 | AT28: =AP28-AS28 -> 31 | AW28: PAUZIWADI | AX28: 746920 | AY28: 746920 | AZ28: 746920 | BA28: =SUM(AX28:AZ28) -> 2240760
B29: TOTAL | C29: =SUM(C7:C28) -> 0 | D29: =SUM(D7:D28) -> 20 | E29: =SUM(E7:E28) -> 21 | F29: =SUM(F7:F28) -> 0 | G29: =SUM(G7:G28) -> 22 | H29: =SUM(H7:H28) -> 21 | I29: =SUM(I7:I28) -> 20 | J29: =SUM(J7:J28) -> 20 | ... AT29: =SUM(AT7:AT28) -> 635
B30: CUTI TAHUN | C30: =COUNTIF(C7:C28,"CT") -> 0 | D30: =COUNTIF(D7:D28,"CT") -> 0 | E30: =COUNTIF(E7:E28,"CT") -> 0 | F30: =COUNTIF(F7:F28,"CT") -> 0 | G30: =COUNTIF(G7:G28,"CT") -> 0 | H30: =COUNTIF(H7:H28,"CT") -> 1 | I30: =COUNTIF(I7:I28,"CT") -> 2 | J30: =COUNTIF(J7:J28,"CT") -> 2 | ... AG30: =COUNTIF(AG7:AG28,"CT") -> 0 | AH30: =SUM(C30:AG30) -> 8
B31: SAKIT | C31: =COUNTIF(C7:C28,"S") -> 0 | D31: =COUNTIF(D7:D28,"S") -> 2 | E31: =COUNTIF(E7:E28,"S") -> 0 | F31: =COUNTIF(F7:F28,"S") -> 0 | G31: =COUNTIF(G7:G28,"S") -> 0 | H31: =COUNTIF(H7:H28,"S") -> 0 | I31: =COUNTIF(I7:I28,"S") -> 0 | J31: =COUNTIF(J7:J28,"S") -> 0 | ... AG31: =COUNTIF(AG7:AG28,"S") -> 0 | AH31: =SUM(C31:AG31) -> 12
B32: MINGGU | C32: =COUNTIF(C7:C28,"MG") -> 0 | D32: =COUNTIF(D7:D28,"MG") -> 0 | E32: =COUNTIF(E7:E28,"MG") -> 0 | F32: =COUNTIF(F7:F28,"MG") -> 22 | G32: =COUNTIF(G7:G28,"MG") -> 0 | H32: =COUNTIF(H7:H28,"MG") -> 0 | I32: =COUNTIF(I7:I28,"MG") -> 0 | J32: =COUNTIF(J7:J28,"MG") -> 0 | ... AG32: =COUNTIF(AG7:AG28,"MG") -> 0 | AH32: =SUM(C32:AG32) -> 87
B33: NASIONAL | C33: =COUNTIF(C7:C28,"NAS") -> 22 | D33: =COUNTIF(D7:D28,"NAS") -> 0 | E33: =COUNTIF(E7:E28,"NAS") -> 0 | F33: =COUNTIF(F7:F28,"NAS") -> 0 | G33: =COUNTIF(G7:G28,"NAS") -> 0 | H33: =COUNTIF(H7:H28,"NAS") -> 0 | I33: =COUNTIF(I7:I28,"NAS") -> 0 | J33: =COUNTIF(J7:J28,"NAS") -> 0 | ... AG33: =COUNTIF(AG7:AG28,"NAS") -> 0 | AH33: =SUM(C33:AG33) -> 65 | AW33: =50+50+48+48 -> 196
B34: CUTI IZIN P1 | C34: =COUNTIF(C7:C28,"P1") -> 0 | D34: =COUNTIF(D7:D28,"P1") -> 0 | E34: =COUNTIF(E7:E28,"P1") -> 0 | F34: =COUNTIF(F7:F28,"P1") -> 0 | G34: =COUNTIF(G7:G28,"P1") -> 0 | H34: =COUNTIF(H7:H28,"P1") -> 0 | I34: =COUNTIF(I7:I28,"P1") -> 0 | J34: =COUNTIF(J7:J28,"P1") -> 0 | ... AG34: =COUNTIF(AG7:AG28,"P1") -> 0 | AH34: =SUM(C34:AG34) -> 0
B35: CUTI IZIN P2 | C35: =COUNTIF(C7:C28,"P2") -> 0 | D35: =COUNTIF(D7:D28,"P2") -> 0 | E35: =COUNTIF(E7:E28,"P2") -> 0 | F35: =COUNTIF(F7:F28,"P2") -> 0 | G35: =COUNTIF(G7:G28,"P2") -> 0 | H35: =COUNTIF(H7:H28,"P2") -> 0 | I35: =COUNTIF(I7:I28,"P2") -> 0 | J35: =COUNTIF(J7:J28,"P2") -> 0 | ... AG35: =COUNTIF(AG7:AG28,"P2") -> 0 | AH35: =SUM(C35:AG35) -> 0
B36: CUTI IZIN P3 | C36: =COUNTIF(C7:C28,"P3") -> 0 | D36: =COUNTIF(D7:D28,"P3") -> 0 | E36: =COUNTIF(E7:E28,"P3") -> 0 | F36: =COUNTIF(F7:F28,"P3") -> 0 | G36: =COUNTIF(G7:G28,"P3") -> 0 | H36: =COUNTIF(H7:H28,"P3") -> 0 | I36: =COUNTIF(I7:I28,"P3") -> 0 | J36: =COUNTIF(J7:J28,"P3") -> 0 | ... AG36: =COUNTIF(AG7:AG28,"P3") -> 0 | AH36: =SUM(C36:AG36) -> 0
B37: ALPA | C37: =COUNTIF(C7:C28,"A") -> 0 | D37: =COUNTIF(D7:D28,"A") -> 0 | E37: =COUNTIF(E7:E28,"A") -> 1 | F37: =COUNTIF(F7:F28,"A") -> 0 | G37: =COUNTIF(G7:G28,"A") -> 0 | H37: =COUNTIF(H7:H28,"A") -> 0 | I37: =COUNTIF(I7:I28,"A") -> 0 | J37: =COUNTIF(J7:J28,"A") -> 0 | ... AG37: =COUNTIF(AG7:AG28,"A") -> 0 | AH37: =SUM(C37:AG37) -> 7
B38: CTH | C38: =COUNTIF(C7:C28,"CTH") -> 0 | D38: =COUNTIF(D7:D28,"CTH") -> 0 | E38: =COUNTIF(E7:E28,"CTH") -> 0 | F38: =COUNTIF(F7:F28,"CTH") -> 0 | G38: =COUNTIF(G7:G28,"CTH") -> 0 | H38: =COUNTIF(H7:H28,"CTH") -> 0 | I38: =COUNTIF(I7:I28,"CTH") -> 0 | J38: =COUNTIF(J7:J28,"CTH") -> 0 | ... AG38: =COUNTIF(AG7:AG28,"CTH") -> 0 | AH38: =SUM(C38:AG38) -> 0
B39: GRAND TOTAL | C39: =SUM(C29:C38) -> 22 | D39: =SUM(D29:D38) -> 22 | E39: =SUM(E29:E38) -> 22 | F39: =SUM(F29:F38) -> 22 | G39: =SUM(G29:G38) -> 22 | H39: =SUM(H29:H38) -> 22 | I39: =SUM(I29:I38) -> 22 | J39: =SUM(J29:J38) -> 22 | ... AH39: =SUM(AH29:AH38) -> 671
A42: ABSENSI
A43: KARYAWAN PANEN BHL AIR BANGEK
A44: BULAN : MEI 2025
A45: NO | B45: KARYAWAN | C45: TANGGAL | AH45: TOTAL HK | AI45: JUMLAH CUTI/LIBUR | AP45: JUMLAH | AQ45: CTH | AR45: ALPA
C47: 1 | D47: 2 | E47: 3 | F47: 4 | G47: 5 | H47: 6 | I47: 7 | J47: 8 | K47: 9 | L47: 10 | M47: 11 | N47: 12 | O47: 13 | P47: 14 | Q47: 15 | R47: 16 | S47: 17 | T47: 18 | U47: 19 | V47: 20 | W47: 21 | X47: 22 | Y47: 23 | Z47: 24 | AA47: 25 | AB47: 26 | AC47: 27 | AD47: 28 | AE47: 29 | AF47: 30 | AG47: 31 | AI47: THN | AJ47: SKT | AK47: HAID | AL47: MG | AM47: NAS | AN47: H/M | AO47: IZIN
A48: 1 | B48: AGUS SATRIAWAN | C48: NAS | D48: =COUNTIF(ABSEN!B:B,"AGUS SATRIAWAN (SUMARNI)") -> 1 | E48: =COUNTIF(ABSEN!C:C,"AGUS SATRIAWAN (SUMARNI)") -> 1 | F48: MG | G48: =COUNTIF(ABSEN!E:E,"AGUS SATRIAWAN (SUMARNI)") -> 1 | H48: =COUNTIF(ABSEN!F:F,"AGUS SATRIAWAN (SUMARNI)") -> 1 | I48: =COUNTIF(ABSEN!G:G,"AGUS SATRIAWAN (SUMARNI)") -> 1 | J48: =COUNTIF(ABSEN!H:H,"AGUS SATRIAWAN (SUMARNI)") -> 1 | K48: =COUNTIF(ABSEN!I:I,"AGUS SATRIAWAN (SUMARNI)") -> 1 | L48: =COUNTIF(ABSEN!J:J,"AGUS SATRIAWAN (SUMARNI)") -> 1 | M48: MG | N48: NAS | O48: =COUNTIF(ABSEN!M:M,"AGUS SATRIAWAN (SUMARNI)") -> 1 | P48: =COUNTIF(ABSEN!N:N,"AGUS SATRIAWAN (SUMARNI)") -> 1 | Q48: =COUNTIF(ABSEN!O:O,"AGUS SATRIAWAN (SUMARNI)") -> 1 | R48: =COUNTIF(ABSEN!P:P,"AGUS SATRIAWAN (SUMARNI)") -> 1 | S48: =COUNTIF(ABSEN!Q:Q,"AGUS SATRIAWAN (SUMARNI)") -> 1 | T48: MG | U48: =COUNTIF(ABSEN!S:S,"AGUS SATRIAWAN (SUMARNI)") -> 1 | V48: =COUNTIF(ABSEN!T:T,"AGUS SATRIAWAN (SUMARNI)") -> 1 | W48: =COUNTIF(ABSEN!U:U,"AGUS SATRIAWAN (SUMARNI)") -> 1 | X48: =COUNTIF(ABSEN!V:V,"AGUS SATRIAWAN (SUMARNI)") -> 1 | Y48: =COUNTIF(ABSEN!W:W,"AGUS SATRIAWAN (SUMARNI)") -> 1 | Z48: =COUNTIF(ABSEN!X:X,"AGUS SATRIAWAN (SUMARNI)") -> 1 | AA48: MG | AB48: =COUNTIF(ABSEN!Z:Z,"AGUS SATRIAWAN (SUMARNI)") -> 1 | AC48: =COUNTIF(ABSEN!AA:AA,"AGUS SATRIAWAN (SUMARNI)") -> 1 | AD48: =COUNTIF(ABSEN!AB:AB,"AGUS SATRIAWAN (SUMARNI)") -> 1 | AE48: NAS | AF48: =COUNTIF(ABSEN!AD:AD,"AGUS SATRIAWAN (SUMARNI)") -> 1 | AG48: =COUNTIF(ABSEN!AE:AE,"AGUS SATRIAWAN (SUMARNI)") -> 1 | AH48: =SUM(C48:AG48) -> 24 | AI48: =COUNTIF(C48:AG48,"CT") -> 0 | AJ48: =COUNTIF(C48:AG48,"S") -> 0 | AK48: =COUNTIF(C48:AG48,"H1") -> 0 | AL48: =COUNTIF(C48:AG48,"MG") -> 4 | AM48: =COUNTIF(C48:AG48,"NAS") -> 3 | AN48: =COUNTIF(C48:AG48,"H2") -> 0 | AO48: =COUNTIF(C48:AG48,"P1") -> 0 | AP48: =+AH48+AI48+AJ48+AK48+AL48+AM48+AN48+AO48 -> 31 | AQ48: =COUNTIF(C48:AG48,"CTH") -> 0 | AR48: =COUNTIF(C48:AG48,"A") -> 0
A49: 2 | B49: ZAINUL | C49: NAS | D49: =COUNTIF(ABSEN!B:B,"ZAINUL (SUMARNI)") -> 1 | E49: =COUNTIF(ABSEN!C:C,"ZAINUL (SUMARNI)") -> 1 | F49: MG | G49: =COUNTIF(ABSEN!E:E,"ZAINUL (SUMARNI)") -> 1 | H49: =COUNTIF(ABSEN!F:F,"ZAINUL (SUMARNI)") -> 1 | I49: =COUNTIF(ABSEN!G:G,"ZAINUL (SUMARNI)") -> 1 | J49: =COUNTIF(ABSEN!H:H,"ZAINUL (SUMARNI)") -> 1 | K49: =COUNTIF(ABSEN!I:I,"ZAINUL (SUMARNI)") -> 1 | L49: =COUNTIF(ABSEN!J:J,"ZAINUL (SUMARNI)") -> 1 | M49: MG | N49: NAS | O49: =COUNTIF(ABSEN!M:M,"ZAINUL (SUMARNI)") -> 1 | P49: =COUNTIF(ABSEN!N:N,"ZAINUL (SUMARNI)") -> 1 | Q49: =COUNTIF(ABSEN!O:O,"ZAINUL (SUMARNI)") -> 1 | R49: =COUNTIF(ABSEN!P:P,"ZAINUL (SUMARNI)") -> 1 | S49: =COUNTIF(ABSEN!Q:Q,"ZAINUL (SUMARNI)") -> 1 | T49: MG | U49: =COUNTIF(ABSEN!S:S,"ZAINUL (SUMARNI)") -> 1 | V49: =COUNTIF(ABSEN!T:T,"ZAINUL (SUMARNI)") -> 1 | W49: =COUNTIF(ABSEN!U:U,"ZAINUL (SUMARNI)") -> 1 | X49: =COUNTIF(ABSEN!V:V,"ZAINUL (SUMARNI)") -> 1 | Y49: =COUNTIF(ABSEN!W:W,"ZAINUL (SUMARNI)") -> 1 | Z49: =COUNTIF(ABSEN!X:X,"ZAINUL (SUMARNI)") -> 1 | AA49: MG | AB49: =COUNTIF(ABSEN!Z:Z,"ZAINUL (SUMARNI)") -> 1 | AC49: =COUNTIF(ABSEN!AA:AA,"ZAINUL (SUMARNI)") -> 1 | AD49: =COUNTIF(ABSEN!AB:AB,"ZAINUL (SUMARNI)") -> 1 | AE49: NAS | AF49: =COUNTIF(ABSEN!AD:AD,"ZAINUL (SUMARNI)") -> 1 | AG49: =COUNTIF(ABSEN!AE:AE,"ZAINUL (SUMARNI)") -> 1 | AH49: =SUM(C49:AG49) -> 24 | AI49: =COUNTIF(C49:AG49,"CT") -> 0 | AJ49: =COUNTIF(C49:AG49,"S") -> 0 | AK49: =COUNTIF(C49:AG49,"H1") -> 0 | AL49: =COUNTIF(C49:AG49,"MG") -> 4 | AM49: =COUNTIF(C49:AG49,"NAS") -> 3 | AN49: =COUNTIF(C49:AG49,"H2") -> 0 | AO49: =COUNTIF(C49:AG49,"P1") -> 0 | AP49: =+AH49+AI49+AJ49+AK49+AL49+AM49+AN49+AO49 -> 31 | AQ49: =COUNTIF(C49:AG49,"CTH") -> 0 | AR49: =COUNTIF(C49:AG49,"A") -> 0
A50: 3 | B50: M. EZAN FAHRI | C50: NAS | D50: =COUNTIF(ABSEN!B:B,"M. EZAN FARIZI (MARLINA)") -> 1 | E50: =COUNTIF(ABSEN!C:C,"M. EZAN FARIZI (MARLINA)") -> 1 | F50: MG | G50: =COUNTIF(ABSEN!E:E,"M. EZAN FARIZI (MARLINA)") -> 1 | H50: =COUNTIF(ABSEN!F:F,"M. EZAN FARIZI (MARLINA)") -> 1 | I50: =COUNTIF(ABSEN!G:G,"M. EZAN FARIZI (MARLINA)") -> 1 | J50: =COUNTIF(ABSEN!H:H,"M. EZAN FARIZI (MARLINA)") -> 1 | K50: =COUNTIF(ABSEN!I:I,"M. EZAN FARIZI (MARLINA)") -> 1 | L50: =COUNTIF(ABSEN!J:J,"M. EZAN FARIZI (MARLINA)") -> 1 | M50: MG | N50: NAS | O50: =COUNTIF(ABSEN!M:M,"M. EZAN FARIZI (MARLINA)") -> 1 | P50: =COUNTIF(ABSEN!N:N,"M. EZAN FARIZI (MARLINA)") -> 1 | Q50: =COUNTIF(ABSEN!O:O,"M. EZAN FARIZI (MARLINA)") -> 1 | R50: =COUNTIF(ABSEN!P:P,"M. EZAN FARIZI (MARLINA)") -> 1 | S50: =COUNTIF(ABSEN!Q:Q,"M. EZAN FARIZI (MARLINA)") -> 1 | T50: MG | U50: =COUNTIF(ABSEN!S:S,"M. EZAN FARIZI (MARLINA)") -> 1 | V50: =COUNTIF(ABSEN!T:T,"M. EZAN FARIZI (MARLINA)") -> 1 | W50: CTH | X50: CTH | Y50: =COUNTIF(ABSEN!W:W,"M. EZAN FARIZI (MARLINA)") -> 1 | Z50: =COUNTIF(ABSEN!X:X,"M. EZAN FARIZI (MARLINA)") -> 1 | AA50: MG | AB50: =COUNTIF(ABSEN!Z:Z,"M. EZAN FARIZI (MARLINA)") -> 1 | AC50: =COUNTIF(ABSEN!AA:AA,"M. EZAN FARIZI (MARLINA)") -> 1 | AD50: =COUNTIF(ABSEN!AB:AB,"M. EZAN FARIZI (MARLINA)") -> 1 | AE50: NAS | AF50: =COUNTIF(ABSEN!AD:AD,"M. EZAN FARIZI (MARLINA)") -> 1 | AG50: S | AH50: =SUM(C50:AG50) -> 21 | AI50: =COUNTIF(C50:AG50,"CT") -> 0 | AJ50: =COUNTIF(C50:AG50,"S") -> 1 | AK50: =COUNTIF(C50:AG50,"H1") -> 0 | AL50: =COUNTIF(C50:AG50,"MG") -> 4 | AM50: =COUNTIF(C50:AG50,"NAS") -> 3 | AN50: =COUNTIF(C50:AG50,"H2") -> 0 | AO50: =COUNTIF(C50:AG50,"P1") -> 0 | AP50: =+AH50+AI50+AJ50+AK50+AL50+AM50+AN50+AO50 -> 29 | AQ50: =COUNTIF(C50:AG50,"CTH") -> 2 | AR50: =COUNTIF(C50:AG50,"A") -> 0
A51: 4 | B51: TAHARUDIN | C51: NAS | D51: =COUNTIF(ABSEN!B:B,"TAHARUDIN (MAHNUN)") -> 1 | E51: =COUNTIF(ABSEN!C:C,"TAHARUDIN (MAHNUN)") -> 1 | F51: MG | G51: =COUNTIF(ABSEN!E:E,"TAHARUDIN (MAHNUN)") -> 1 | H51: =COUNTIF(ABSEN!F:F,"TAHARUDIN (MAHNUN)") -> 1 | I51: =COUNTIF(ABSEN!G:G,"TAHARUDIN (MAHNUN)") -> 1 | J51: =COUNTIF(ABSEN!H:H,"TAHARUDIN (MAHNUN)") -> 1 | K51: =COUNTIF(ABSEN!I:I,"TAHARUDIN (MAHNUN)") -> 1 | L51: =COUNTIF(ABSEN!J:J,"TAHARUDIN (MAHNUN)") -> 1 | M51: MG | N51: NAS | O51: =COUNTIF(ABSEN!M:M,"TAHARUDIN (MAHNUN)") -> 1 | P51: =COUNTIF(ABSEN!N:N,"TAHARUDIN (MAHNUN)") -> 1 | Q51: =COUNTIF(ABSEN!O:O,"TAHARUDIN (MAHNUN)") -> 1 | R51: =COUNTIF(ABSEN!P:P,"TAHARUDIN (MAHNUN)") -> 1 | S51: =COUNTIF(ABSEN!Q:Q,"TAHARUDIN (MAHNUN)") -> 1 | T51: MG | U51: =COUNTIF(ABSEN!S:S,"TAHARUDIN (MAHNUN)") -> 1 | V51: =COUNTIF(ABSEN!T:T,"TAHARUDIN (MAHNUN)") -> 1 | W51: =COUNTIF(ABSEN!U:U,"TAHARUDIN (MAHNUN)") -> 1 | X51: =COUNTIF(ABSEN!V:V,"TAHARUDIN (MAHNUN)") -> 1 | Y51: =COUNTIF(ABSEN!W:W,"TAHARUDIN (MAHNUN)") -> 1 | Z51: =COUNTIF(ABSEN!X:X,"TAHARUDIN (MAHNUN)") -> 1 | AA51: MG | AB51: =COUNTIF(ABSEN!Z:Z,"TAHARUDIN (MAHNUN)") -> 1 | AC51: =COUNTIF(ABSEN!AA:AA,"TAHARUDIN (MAHNUN)") -> 1 | AD51: =COUNTIF(ABSEN!AB:AB,"TAHARUDIN (MAHNUN)") -> 1 | AE51: NAS | AF51: =COUNTIF(ABSEN!AD:AD,"TAHARUDIN (MAHNUN)") -> 1 | AG51: =COUNTIF(ABSEN!AE:AE,"TAHARUDIN (MAHNUN)") -> 1 | AH51: =SUM(C51:AG51) -> 24 | AI51: =COUNTIF(C51:AG51,"CT") -> 0 | AJ51: =COUNTIF(C51:AG51,"S") -> 0 | AK51: =COUNTIF(C51:AG51,"H1") -> 0 | AL51: =COUNTIF(C51:AG51,"MG") -> 4 | AM51: =COUNTIF(C51:AG51,"NAS") -> 3 | AN51: =COUNTIF(C51:AG51,"H2") -> 0 | AO51: =COUNTIF(C51:AG51,"P1") -> 0 | AP51: =+AH51+AI51+AJ51+AK51+AL51+AM51+AN51+AO51 -> 31 | AQ51: =COUNTIF(C51:AG51,"CTH") -> 0 | AR51: =COUNTIF(C51:AG51,"A") -> 0
A52: 5 | B52: ANDREAN AGUSTIN HADI | D52: =COUNTIF(ABSEN!B:B,"ANDREAN AGUSTIN HADI") -> 1 | E52: =COUNTIF(ABSEN!C:C,"ANDREAN AGUSTIN HADI") -> 1 | F52: MG | G52: =COUNTIF(ABSEN!E:E,"ANDREAN AGUSTIN HADI") -> 1 | H52: =COUNTIF(ABSEN!F:F,"ANDREAN AGUSTIN HADI") -> 1 | I52: =COUNTIF(ABSEN!G:G,"ANDREAN AGUSTIN HADI") -> 1 | J52: =COUNTIF(ABSEN!H:H,"ANDREAN AGUSTIN HADI") -> 1 | K52: =COUNTIF(ABSEN!I:I,"ANDREAN AGUSTIN HADI") -> 1 | L52: =COUNTIF(ABSEN!J:J,"ANDREAN AGUSTIN HADI (NAPISAH)") -> 1 | M52: MG | N52: NAS | O52: =COUNTIF(ABSEN!M:M,"AGUS SATRIAWAN (SUMARNI)") -> 1 | P52: =COUNTIF(ABSEN!N:N,"AGUS SATRIAWAN (SUMARNI)") -> 1 | Q52: =COUNTIF(ABSEN!O:O,"AGUS SATRIAWAN (SUMARNI)") -> 1 | R52: =COUNTIF(ABSEN!P:P,"AGUS SATRIAWAN (SUMARNI)") -> 1 | S52: =COUNTIF(ABSEN!Q:Q,"AGUS SATRIAWAN (SUMARNI)") -> 1 | T52: MG | U52: =COUNTIF(ABSEN!S:S,"AGUS SATRIAWAN (SUMARNI)") -> 1 | V52: =COUNTIF(ABSEN!T:T,"AGUS SATRIAWAN (SUMARNI)") -> 1 | W52: =COUNTIF(ABSEN!U:U,"AGUS SATRIAWAN (SUMARNI)") -> 1 | X52: =COUNTIF(ABSEN!V:V,"AGUS SATRIAWAN (SUMARNI)") -> 1 | Y52: =COUNTIF(ABSEN!W:W,"AGUS SATRIAWAN (SUMARNI)") -> 1 | Z52: =COUNTIF(ABSEN!X:X,"AGUS SATRIAWAN (SUMARNI)") -> 1 | AA52: MG | AB52: =COUNTIF(ABSEN!Z:Z,"AGUS SATRIAWAN (SUMARNI)") -> 1 | AC52: =COUNTIF(ABSEN!AA:AA,"AGUS SATRIAWAN (SUMARNI)") -> 1 | AD52: =COUNTIF(ABSEN!AB:AB,"AGUS SATRIAWAN (SUMARNI)") -> 1 | AE52: NAS | AF52: =COUNTIF(ABSEN!AD:AD,"AGUS SATRIAWAN (SUMARNI)") -> 1 | AG52: =COUNTIF(ABSEN!AE:AE,"AGUS SATRIAWAN (SUMARNI)") -> 1 | AH52: =SUM(C52:AG52) -> 24 | AI52: =COUNTIF(C52:AG52,"CT") -> 0 | AJ52: =COUNTIF(C52:AG52,"S") -> 0 | AK52: =COUNTIF(C52:AG52,"H1") -> 0 | AL52: =COUNTIF(C52:AG52,"MG") -> 4 | AM52: =COUNTIF(C52:AG52,"NAS") -> 2 | AN52: =COUNTIF(C52:AG52,"H2") -> 0 | AO52: =COUNTIF(C52:AG52,"P1") -> 0 | AP52: =+AH52+AI52+AJ52+AK52+AL52+AM52+AN52+AO52 -> 30 | AQ52: =COUNTIF(C52:AG52,"CTH") -> 0 | AR52: =COUNTIF(C52:AG52,"A") -> 0
A53: 6 | B53: HAMDI | D53: =COUNTIF(ABSEN!B:B,"HAMDI") -> 1 | E53: =COUNTIF(ABSEN!C:C,"HAMDI") -> 1 | F53: MG | G53: =COUNTIF(ABSEN!E:E,"HAMDI") -> 1 | H53: =COUNTIF(ABSEN!F:F,"HAMDI") -> 1 | I53: =COUNTIF(ABSEN!G:G,"HAMDI") -> 1 | J53: =COUNTIF(ABSEN!H:H,"HAMDI") -> 1 | K53: =COUNTIF(ABSEN!I:I,"HAMDI") -> 1 | L53: =COUNTIF(ABSEN!J:J,"HAMDI (NURMAH)") -> 1 | M53: MG | N53: NAS | O53: =COUNTIF(ABSEN!M:M,"HAMDI (NURMAH)") -> 1 | P53: =COUNTIF(ABSEN!N:N,"HAMDI (NURMAH)") -> 1 | Q53: =COUNTIF(ABSEN!O:O,"HAMDI (NURMAH)") -> 1 | R53: =COUNTIF(ABSEN!P:P,"HAMDI (NURMAH)") -> 1 | S53: =COUNTIF(ABSEN!Q:Q,"HAMDI (NURMAH)") -> 1 | T53: MG | U53: =COUNTIF(ABSEN!S:S,"HAMDI (NURMAH)") -> 1 | V53: =COUNTIF(ABSEN!T:T,"HAMDI (NURMAH)") -> 1 | W53: =COUNTIF(ABSEN!U:U,"HAMDI (NURMAH)") -> 1 | X53: =COUNTIF(ABSEN!V:V,"HAMDI (NURMAH)") -> 1 | Y53: =COUNTIF(ABSEN!W:W,"HAMDI (NURMAH)") -> 1 | Z53: =COUNTIF(ABSEN!X:X,"HAMDI (NURMAH)") -> 1 | AA53: MG | AB53: =COUNTIF(ABSEN!Z:Z,"HAMDI (NURMAH)") -> 1 | AC53: =COUNTIF(ABSEN!AA:AA,"HAMDI (NURMAH)") -> 1 | AD53: =COUNTIF(ABSEN!AB:AB,"HAMDI (NURMAH)") -> 1 | AE53: NAS | AF53: =COUNTIF(ABSEN!AD:AD,"HAMDI (NURMAH)") -> 1 | AG53: =COUNTIF(ABSEN!AE:AE,"HAMDI (NURMAH)") -> 1 | AH53: =SUM(C53:AG53) -> 24 | AI53: =COUNTIF(C53:AG53,"CT") -> 0 | AJ53: =COUNTIF(C53:AG53,"S") -> 0 | AK53: =COUNTIF(C53:AG53,"H1") -> 0 | AL53: =COUNTIF(C53:AG53,"MG") -> 4 | AM53: =COUNTIF(C53:AG53,"NAS") -> 2 | AN53: =COUNTIF(C53:AG53,"H2") -> 0 | AO53: =COUNTIF(C53:AG53,"P1") -> 0 | AP53: =+AH53+AI53+AJ53+AK53+AL53+AM53+AN53+AO53 -> 30 | AQ53: =COUNTIF(C53:AG53,"CTH") -> 0 | AR53: =COUNTIF(C53:AG53,"A") -> 0
A54: 7 | B54: SOPIAN HADI | D54: =COUNTIF(ABSEN!B:B,"SOPIAN HADI") -> 1 | E54: =COUNTIF(ABSEN!C:C,"SOPIAN HADI") -> 1 | F54: MG | G54: =COUNTIF(ABSEN!E:E,"SOPIAN HADI") -> 1 | H54: =COUNTIF(ABSEN!F:F,"SOPIAN HADI") -> 1 | I54: =COUNTIF(ABSEN!G:G,"SOPIAN HADI") -> 1 | J54: =COUNTIF(ABSEN!H:H,"SOPIAN HADI") -> 1 | K54: =COUNTIF(ABSEN!I:I,"SOPIAN HADI") -> 1 | L54: =COUNTIF(ABSEN!J:J,"SOPIAN HADI (SINARAH)") -> 1 | M54: MG | N54: NAS | O54: A | P54: =COUNTIF(ABSEN!N:N,"SOPIAN HADI (SINARAH)") -> 1 | Q54: =COUNTIF(ABSEN!O:O,"SOPIAN HADI (SINARAH)") -> 1 | R54: =COUNTIF(ABSEN!P:P,"SOPIAN HADI (SINARAH)") -> 1 | S54: A | U54: =COUNTIF(ABSEN!S:S,"SOPIAN HADI (SINARAH)") -> 1 | V54: =COUNTIF(ABSEN!T:T,"SOPIAN HADI (SINARAH)") -> 1 | W54: =COUNTIF(ABSEN!U:U,"SOPIAN HADI (SINARAH)") -> 1 | X54: =COUNTIF(ABSEN!V:V,"SOPIAN HADI (SINARAH)") -> 0 | Y54: =COUNTIF(ABSEN!W:W,"SOPIAN HADI (SINARAH)") -> 0 | Z54: =COUNTIF(ABSEN!X:X,"SOPIAN HADI (SINARAH)") -> 0 | AB54: =COUNTIF(ABSEN!Z:Z,"SOPIAN HADI (SINARAH)") -> 0 | AC54: =COUNTIF(ABSEN!AA:AA,"SOPIAN HADI (SINARAH)") -> 0 | AD54: =COUNTIF(ABSEN!AB:AB,"SOPIAN HADI (SINARAH)") -> 0 | AF54: =COUNTIF(ABSEN!AD:AD,"SOPIAN HADI (SINARAH)") -> 0 | AG54: =COUNTIF(ABSEN!AE:AE,"SOPIAN HADI (SINARAH)") -> 0 | AH54: =SUM(C54:AG54) -> 14 | AI54: =COUNTIF(C54:AG54,"CT") -> 0 | AJ54: =COUNTIF(C54:AG54,"S") -> 0 | AK54: =COUNTIF(C54:AG54,"H1") -> 0 | AL54: =COUNTIF(C54:AG54,"MG") -> 2 | AM54: =COUNTIF(C54:AG54,"NAS") -> 1 | AN54: =COUNTIF(C54:AG54,"H2") -> 0 | AO54: =COUNTIF(C54:AG54,"P1") -> 0 | AP54: =+AH54+AI54+AJ54+AK54+AL54+AM54+AN54+AO54 -> 17 | AQ54: =COUNTIF(C54:AG54,"CTH") -> 0 | AR54: =COUNTIF(C54:AG54,"A") -> 2 | AT54: =AP54-AS54 -> 17 | AW54: PAUZIWADI | AX54: 746920 | AY54: 746920 | AZ54: 746920 | BA54: =SUM(AX54:AZ54) -> 2240760
A55: 8 | B55: MASRON | D55: =COUNTIF(ABSEN!B:B,"MASRON") -> 0 | E55: =COUNTIF(ABSEN!C:C,"MASRON") -> 0 | G55: =COUNTIF(ABSEN!E:E,"MASRON") -> 0 | H55: =COUNTIF(ABSEN!F:F,"MASRON") -> 0 | I55: =COUNTIF(ABSEN!G:G,"MASRON") -> 0 | J55: =COUNTIF(ABSEN!H:H,"MASRON") -> 0 | K55: =COUNTIF(ABSEN!I:I,"MASRON") -> 0 | L55: =COUNTIF(ABSEN!J:J,"MASRON") -> 0 | O55: =COUNTIF(ABSEN!M:M,"MASRON") -> 0 | P55: =COUNTIF(ABSEN!N:N,"MASRON") -> 0 | Q55: =COUNTIF(ABSEN!O:O,"MASRON") -> 0 | R55: =COUNTIF(ABSEN!P:P,"MASRON") -> 0 | S55: =COUNTIF(ABSEN!Q:Q,"MASRON") -> 0 | U55: =COUNTIF(ABSEN!S:S,"MASRON") -> 0 | V55: =COUNTIF(ABSEN!T:T,"MASRON") -> 0 | W55: =COUNTIF(ABSEN!U:U,"MASRON (SAKMAH)") -> 0 | X55: =COUNTIF(ABSEN!V:V,"MASRON (SAKMAH)") -> 1 | Y55: =COUNTIF(ABSEN!W:W,"MASRON (SAKMAH)") -> 1 | Z55: =COUNTIF(ABSEN!X:X,"MASRON (SAKMAH)") -> 1 | AA55: MG | AB55: =COUNTIF(ABSEN!Z:Z,"MASRON (SAKMAH)") -> 1 | AC55: =COUNTIF(ABSEN!AA:AA,"MASRON (SAKMAH)") -> 1 | AD55: =COUNTIF(ABSEN!AB:AB,"MASRON (SAKMAH)") -> 1 | AE55: NAS | AF55: =COUNTIF(ABSEN!AD:AD,"MASRON (SAKMAH)") -> 1 | AG55: =COUNTIF(ABSEN!AE:AE,"MASRON (SAKMAH)") -> 1 | AH55: =SUM(C55:AG55) -> 8 | AI55: =COUNTIF(C55:AG55,"CT") -> 0 | AJ55: =COUNTIF(C55:AG55,"S") -> 0 | AK55: =COUNTIF(C55:AG55,"H1") -> 0 | AL55: =COUNTIF(C55:AG55,"MG") -> 1 | AM55: =COUNTIF(C55:AG55,"NAS") -> 1 | AN55: =COUNTIF(C55:AG55,"H2") -> 0 | AO55: =COUNTIF(C55:AG55,"P1") -> 0 | AP55: =+AH55+AI55+AJ55+AK55+AL55+AM55+AN55+AO55 -> 10 | AQ55: =COUNTIF(C55:AG55,"CTH") -> 0 | AR55: =COUNTIF(C55:AG55,"A") -> 0 | AT55: =AP55-AS55 -> 10 | AW55: PAUZIWADI | AX55: 746920 | AY55: 746920 | AZ55: 746920 | BA55: =SUM(AX55:AZ55) -> 2240760
B56: TOTAL | C56: =SUM(C48:C55) -> 0 | D56: =SUM(D48:D55) -> 7 | E56: =SUM(E48:E55) -> 7 | F56: =SUM(F48:F55) -> 0 | G56: =SUM(G48:G55) -> 7 | H56: =SUM(H48:H55) -> 7 | I56: =SUM(I48:I55) -> 7 | J56: =SUM(J48:J55) -> 7 | ... AR56: =SUM(AR48:AR55) -> 2 | AT56: =SUM(AT21:AT55) -> 863 | AX56: =SUM(AX48:AX55) -> 1493840 | AY56: =SUM(AY48:AY55) -> 1493840 | AZ56: =SUM(AZ48:AZ55) -> 1493840 | BA56: =SUM(BA48:BA55) -> 4481520
B57: CUTI TAHUN | C57: =COUNTIF(C48:C55,"CT") -> 0 | D57: =COUNTIF(D48:D55,"CT") -> 0 | E57: =COUNTIF(E48:E55,"CT") -> 0 | F57: =COUNTIF(F48:F55,"CT") -> 0 | G57: =COUNTIF(G48:G55,"CT") -> 0 | H57: =COUNTIF(H48:H55,"CT") -> 0 | I57: =COUNTIF(I48:I55,"CT") -> 0 | J57: =COUNTIF(J48:J55,"CT") -> 0 | ... AG57: =COUNTIF(AG48:AG55,"CT") -> 0 | AH57: =SUM(C57:AG57) -> 0 | BA57: =#REF!-BA56 -> #REF!
B58: SAKIT | C58: =COUNTIF(C48:C55,"S") -> 0 | D58: =COUNTIF(D48:D55,"S") -> 0 | E58: =COUNTIF(E48:E55,"S") -> 0 | F58: =COUNTIF(F48:F55,"S") -> 0 | G58: =COUNTIF(G48:G55,"S") -> 0 | H58: =COUNTIF(H48:H55,"S") -> 0 | I58: =COUNTIF(I48:I55,"S") -> 0 | J58: =COUNTIF(J48:J55,"S") -> 0 | ... AG58: =COUNTIF(AG48:AG55,"S") -> 1 | AH58: =SUM(C58:AG58) -> 1
B59: MINGGU | C59: =COUNTIF(C48:C55,"MG") -> 0 | D59: =COUNTIF(D48:D55,"MG") -> 0 | E59: =COUNTIF(E48:E55,"MG") -> 0 | F59: =COUNTIF(F48:F55,"MG") -> 7 | G59: =COUNTIF(G48:G55,"MG") -> 0 | H59: =COUNTIF(H48:H55,"MG") -> 0 | I59: =COUNTIF(I48:I55,"MG") -> 0 | J59: =COUNTIF(J48:J55,"MG") -> 0 | ... AG59: =COUNTIF(AG48:AG55,"MG") -> 0 | AH59: =SUM(C59:AG59) -> 27 | AL59: TOTAL HK BHT+ BHL : | AP59: =AP29+AP56 -> 875 | AS59: =AS56+AS29 -> 0 | AT59: =AT56+AT29 -> 1498
B60: NASIONAL | C60: =COUNTIF(C48:C55,"NAS") -> 4 | D60: =COUNTIF(D48:D55,"NAS") -> 0 | E60: =COUNTIF(E48:E55,"NAS") -> 0 | F60: =COUNTIF(F48:F55,"NAS") -> 0 | G60: =COUNTIF(G48:G55,"NAS") -> 0 | H60: =COUNTIF(H48:H55,"NAS") -> 0 | I60: =COUNTIF(I48:I55,"NAS") -> 0 | J60: =COUNTIF(J48:J55,"NAS") -> 0 | ... AG60: =COUNTIF(AG48:AG55,"NAS") -> 0 | AH60: =SUM(C60:AG60) -> 18 | AM60: TOTAL IFES : | AP60: 875
B61: CUTI IZIN P1 | C61: =COUNTIF(C48:C55,"P1") -> 0 | D61: =COUNTIF(D48:D55,"P1") -> 0 | E61: =COUNTIF(E48:E55,"P1") -> 0 | F61: =COUNTIF(F48:F55,"P1") -> 0 | G61: =COUNTIF(G48:G55,"P1") -> 0 | H61: =COUNTIF(H48:H55,"P1") -> 0 | I61: =COUNTIF(I48:I55,"P1") -> 0 | J61: =COUNTIF(J48:J55,"P1") -> 0 | ... AG61: =COUNTIF(AG48:AG55,"P1") -> 0 | AH61: =SUM(C61:AG61) -> 0 | AL61: HK DI ARE C :
B62: CUTI IZIN P2 | C62: =COUNTIF(C48:C55,"P2") -> 0 | D62: =COUNTIF(D48:D55,"P2") -> 0 | E62: =COUNTIF(E48:E55,"P2") -> 0 | F62: =COUNTIF(F48:F55,"P2") -> 0 | G62: =COUNTIF(G48:G55,"P2") -> 0 | H62: =COUNTIF(H48:H55,"P2") -> 0 | I62: =COUNTIF(I48:I55,"P2") -> 0 | J62: =COUNTIF(J48:J55,"P2") -> 0 | ... AG62: =COUNTIF(AG48:AG55,"P2") -> 0 | AH62: =SUM(C62:AG62) -> 0 | AL62: HK DI ARE B1 :
B63: CUTI IZIN P3 | C63: =COUNTIF(C48:C55,"P3") -> 0 | D63: =COUNTIF(D48:D55,"P3") -> 0 | E63: =COUNTIF(E48:E55,"P3") -> 0 | F63: =COUNTIF(F48:F55,"P3") -> 0 | G63: =COUNTIF(G48:G55,"P3") -> 0 | H63: =COUNTIF(H48:H55,"P3") -> 0 | I63: =COUNTIF(I48:I55,"P3") -> 0 | J63: =COUNTIF(J48:J55,"P3") -> 0 | ... AG63: =COUNTIF(AG48:AG55,"P3") -> 0 | AH63: =SUM(C63:AG63) -> 0 | AL63: SELISISH : | AP63: =AP59-AP60-AP61-AP62 -> 0
B64: ALPA | C64: =COUNTIF(C48:C55,"A") -> 0 | D64: =COUNTIF(D48:D55,"A") -> 0 | E64: =COUNTIF(E48:E55,"A") -> 0 | F64: =COUNTIF(F48:F55,"A") -> 0 | G64: =COUNTIF(G48:G55,"A") -> 0 | H64: =COUNTIF(H48:H55,"A") -> 0 | I64: =COUNTIF(I48:I55,"A") -> 0 | J64: =COUNTIF(J48:J55,"A") -> 0 | ... AG64: =COUNTIF(AG48:AG55,"A") -> 0 | AH64: =SUM(C64:AG64) -> 2
B65: CTH | C65: =COUNTIF(C48:C55,"CTH") -> 0 | D65: =COUNTIF(D48:D55,"CTH") -> 0 | E65: =COUNTIF(E48:E55,"CTH") -> 0 | F65: =COUNTIF(F48:F55,"CTH") -> 0 | G65: =COUNTIF(G48:G55,"CTH") -> 0 | H65: =COUNTIF(H48:H55,"CTH") -> 0 | I65: =COUNTIF(I48:I55,"CTH") -> 0 | J65: =COUNTIF(J48:J55,"CTH") -> 0 | ... AG65: =COUNTIF(AG48:AG55,"CTH") -> 0 | AH65: =SUM(C65:AG65) -> 2
B66: GRAND TOTAL | C66: =SUM(C56:C65) -> 4 | D66: =SUM(D56:D65) -> 7 | E66: =SUM(E56:E65) -> 7 | F66: =SUM(F56:F65) -> 7 | G66: =SUM(G56:G65) -> 7 | H66: =SUM(H56:H65) -> 7 | I66: =SUM(I56:I65) -> 7 | J66: =SUM(J56:J65) -> 7 | ... AH66: =SUM(AH56:AH65) -> 213

Sheet HK UP KEEP, OP 
A1: ABSENSI
A2: KARYAWAN UPKEEP AIR BANGEK | AN2: PATRIARKI
A3: BULAN : MEI 2025
A4: NO | B4: KARYAWAN | C4: TANGGAL | AH4: TOTAL HK | AI4: JUMLAH CUTI/LIBUR | AR4: JUMLAH | AS4: CTH | AT4: ALPA
C6: 1 | D6: 2 | E6: 3 | F6: 4 | G6: 5 | H6: 6 | I6: 7 | J6: 8 | K6: 9 | L6: 10 | M6: 11 | N6: 12 | O6: 13 | P6: 14 | Q6: 15 | R6: 16 | S6: 17 | T6: 18 | U6: 19 | V6: 20 | W6: 21 | X6: 22 | Y6: 23 | Z6: 24 | AA6: 25 | AB6: 26 | AC6: 27 | AD6: 28 | AE6: 29 | AF6: 30 | AG6: 31 | AI6: THN | AJ6: SKT | AK6: HAID | AL6: MG | AM6: NAS | AN6: H/M | AO6: IZIN P1 | AP6: IZIN P2 | AQ6: IZIN P3
A7: 1 | B7: KARYADI | C7: NAS | D7: CT | E7: A | F7: MG | G7: =COUNTIF(ABSEN!E:E,"KARYADI ( PONDOK )") -> 1 | H7: =COUNTIF(ABSEN!F:F,"KARYADI ( PONDOK )") -> 1 | I7: =COUNTIF(ABSEN!G:G,"KARYADI ( PONDOK )") -> 1 | J7: =COUNTIF(ABSEN!H:H,"KARYADI ( PONDOK )") -> 1 | K7: =COUNTIF(ABSEN!I:I,"KARYADI ( PONDOK )") -> 1 | L7: =COUNTIF(ABSEN!J:J,"KARYADI ( PONDOK )") -> 1 | M7: NAS | N7: MG | O7: =COUNTIF(ABSEN!M:M,"KARYADI ( PONDOK )") -> 1 | P7: =COUNTIF(ABSEN!N:N,"KARYADI ( PONDOK )") -> 1 | Q7: =COUNTIF(ABSEN!O:O,"KARYADI ( PONDOK )") -> 1 | R7: A | S7: =COUNTIF(ABSEN!Q:Q,"KARYADI ( PONDOK )") -> 1 | T7: MG | U7: =COUNTIF(ABSEN!S:S,"KARYADI ( PONDOK )") -> 1 | V7: =COUNTIF(ABSEN!T:T,"KARYADI ( PONDOK )") -> 1 | W7: =COUNTIF(ABSEN!U:U,"KARYADI ( PONDOK )") -> 1 | X7: CT | Y7: S | Z7: CTH | AA7: MG | AB7: =COUNTIF(ABSEN!Z:Z,"KARYADI ( PONDOK )") -> 1 | AC7: =COUNTIF(ABSEN!AA:AA,"KARYADI ( PONDOK )") -> 1 | AD7: =COUNTIF(ABSEN!AB:AB,"KARYADI ( PONDOK )") -> 1 | AE7: NAS | AF7: S | AG7: CTH | AH7: =SUM(C7:AG7) -> 16 | AI7: =COUNTIF(C7:AG7,"CT") -> 2 | AJ7: =COUNTIF(C7:AG7,"S") -> 2 | AK7: =COUNTIF(C7:AG7,"H1") -> 0 | AL7: =COUNTIF(C7:AG7,"MG") -> 4 | AM7: =COUNTIF(C7:AG7,"NAS") -> 3 | AN7: =COUNTIF(C7:AG7,"H2") -> 0 | AO7: =COUNTIF(B7:AF7,"P1") -> 0 | AP7: =COUNTIF(B7:AF7,"P2") -> 0 | AQ7: =COUNTIF(C7:AG7,"P3") -> 0 | AR7: =SUM(AH7:AQ7) -> 27 | AS7: =COUNTIF(C7:AG7,"CTH") -> 2 | AT7: =COUNTIF(C7:AG7,"A") -> 2
A8: 2 | B8: SARINA | C8: NAS | D8: =COUNTIF(ABSEN!B:B,"SARINA ( SRIYATI )") -> 1 | E8: =COUNTIF(ABSEN!C:C,"SARINA ( SRIYATI )") -> 1 | F8: MG | G8: =COUNTIF(ABSEN!E:E,"SARINA ( SRIYATI )") -> 1 | H8: =COUNTIF(ABSEN!F:F,"SARINA ( SRIYATI )") -> 1 | I8: =COUNTIF(ABSEN!G:G,"SARINA ( SRIYATI )") -> 1 | J8: =COUNTIF(ABSEN!H:H,"SARINA ( SRIYATI )") -> 1 | K8: CT | L8: =COUNTIF(ABSEN!J:J,"SARINA ( SRIYATI )") -> 1 | M8: NAS | N8: MG | O8: A | P8: H1 | Q8: H1 | R8: =COUNTIF(ABSEN!P:P,"SARINA ( SRIYATI )") -> 1 | S8: =COUNTIF(ABSEN!Q:Q,"SARINA ( SRIYATI )") -> 1 | T8: MG | U8: =COUNTIF(ABSEN!S:S,"SARINA ( SRIYATI )") -> 1 | V8: =COUNTIF(ABSEN!T:T,"SARINA ( SRIYATI )") -> 1 | W8: CTH | X8: CTH | Y8: CTH | Z8: CT | AA8: MG | AB8: =COUNTIF(ABSEN!Z:Z,"SARINA ( SRIYATI )") -> 1 | AC8: =COUNTIF(ABSEN!AA:AA,"SARINA ( SRIYATI )") -> 1 | AD8: =COUNTIF(ABSEN!AB:AB,"SARINA ( SRIYATI )") -> 1 | AE8: NAS | AF8: =COUNTIF(ABSEN!AD:AD,"SARINA ( SRIYATI )") -> 1 | AG8: =COUNTIF(ABSEN!AE:AE,"SARINA ( SRIYATI )") -> 1 | AH8: =SUM(C8:AG8) -> 16 | AI8: =COUNTIF(C8:AG8,"CT") -> 2 | AJ8: =COUNTIF(C8:AG8,"S") -> 0 | AK8: =COUNTIF(C8:AG8,"H1") -> 2 | AL8: =COUNTIF(C8:AG8,"MG") -> 4 | AM8: =COUNTIF(C8:AG8,"NAS") -> 3 | AN8: =COUNTIF(C8:AG8,"H2") -> 0 | AO8: =COUNTIF(B8:AF8,"P1") -> 0 | AP8: =COUNTIF(B8:AF8,"P2") -> 0 | AQ8: =COUNTIF(C8:AG8,"P3") -> 0 | AR8: =SUM(AH8:AQ8) -> 27 | AS8: =COUNTIF(C8:AG8,"CTH") -> 3 | AT8: =COUNTIF(C8:AG8,"A") -> 1
A9: 3 | B9: SUPRIYANI | C9: NAS | D9: =COUNTIF(ABSEN!B:B,"SUPRIYANI ( SUMIATI )") -> 1 | E9: =COUNTIF(ABSEN!C:C,"SUPRIYANI ( SUMIATI )") -> 1 | F9: MG | G9: =COUNTIF(ABSEN!E:E,"SUPRIYANI ( SUMIATI )") -> 1 | H9: =COUNTIF(ABSEN!F:F,"SUPRIYANI ( SUMIATI )") -> 1 | I9: =COUNTIF(ABSEN!G:G,"SUPRIYANI ( SUMIATI )") -> 1 | J9: =COUNTIF(ABSEN!H:H,"SUPRIYANI ( SUMIATI )") -> 1 | K9: =COUNTIF(ABSEN!I:I,"SUPRIYANI ( SUMIATI )") -> 1 | L9: =COUNTIF(ABSEN!J:J,"SUPRIYANI ( SUMIATI )") -> 1 | M9: NAS | N9: MG | O9: =COUNTIF(ABSEN!M:M,"SUPRIYANI ( SUMIATI )") -> 1 | P9: =COUNTIF(ABSEN!N:N,"SUPRIYANI ( SUMIATI )") -> 1 | Q9: =COUNTIF(ABSEN!O:O,"SUPRIYANI ( SUMIATI )") -> 1 | R9: =COUNTIF(ABSEN!P:P,"SUPRIYANI ( SUMIATI )") -> 1 | S9: =COUNTIF(ABSEN!Q:Q,"SUPRIYANI ( SUMIATI )") -> 1 | T9: MG | U9: =COUNTIF(ABSEN!S:S,"SUPRIYANI ( SUMIATI )") -> 1 | V9: =COUNTIF(ABSEN!T:T,"SUPRIYANI ( SUMIATI )") -> 1 | W9: =COUNTIF(ABSEN!U:U,"SUPRIYANI ( SUMIATI )") -> 1 | X9: =COUNTIF(ABSEN!V:V,"SUPRIYANI ( SUMIATI )") -> 1 | Y9: =COUNTIF(ABSEN!W:W,"SUPRIYANI ( SUMIATI )") -> 1 | Z9: =COUNTIF(ABSEN!X:X,"SUPRIYANI ( SUMIATI )") -> 1 | AA9: MG | AB9: =COUNTIF(ABSEN!Z:Z,"SUPRIYANI ( SUMIATI )") -> 1 | AC9: =COUNTIF(ABSEN!AA:AA,"SUPRIYANI ( SUMIATI )") -> 1 | AD9: =COUNTIF(ABSEN!AB:AB,"SUPRIYANI ( SUMIATI )") -> 1 | AE9: NAS | AF9: =COUNTIF(ABSEN!AD:AD,"SUPRIYANI ( SUMIATI )") -> 1 | AG9: =COUNTIF(ABSEN!AE:AE,"SUPRIYANI ( SUMIATI )") -> 1 | AH9: =SUM(C9:AG9) -> 24 | AI9: =COUNTIF(C9:AG9,"CT") -> 0 | AJ9: =COUNTIF(C9:AG9,"S") -> 0 | AK9: =COUNTIF(C9:AG9,"H1") -> 0 | AL9: =COUNTIF(C9:AG9,"MG") -> 4 | AM9: =COUNTIF(C9:AG9,"NAS") -> 3 | AN9: =COUNTIF(C9:AG9,"H2") -> 0 | AO9: =COUNTIF(B9:AF9,"P1") -> 0 | AP9: =COUNTIF(B9:AF9,"P2") -> 0 | AQ9: =COUNTIF(C9:AG9,"P3") -> 0 | AR9: =SUM(AH9:AQ9) -> 31 | AS9: =COUNTIF(C9:AG9,"CTH") -> 0 | AT9: =COUNTIF(C9:AG9,"A") -> 0
A10: 4 | B10: HELMIADI | C10: NAS | D10: =COUNTIF(ABSEN!B:B,"HELMIADI ( HAYATI )") -> 1 | E10: =COUNTIF(ABSEN!C:C,"HELMIADI ( HAYATI )") -> 1 | F10: MG | G10: =COUNTIF(ABSEN!E:E,"HELMIADI ( HAYATI )") -> 1 | H10: =COUNTIF(ABSEN!F:F,"HELMIADI ( HAYATI )") -> 1 | I10: =COUNTIF(ABSEN!G:G,"HELMIADI ( HAYATI )") -> 1 | J10: =COUNTIF(ABSEN!H:H,"HELMIADI ( HAYATI )") -> 1 | K10: =COUNTIF(ABSEN!I:I,"HELMIADI ( HAYATI )") -> 1 | L10: =COUNTIF(ABSEN!J:J,"HELMIADI ( HAYATI )") -> 1 | M10: NAS | N10: MG | O10: =COUNTIF(ABSEN!M:M,"HELMIADI ( HAYATI )") -> 1 | P10: =COUNTIF(ABSEN!N:N,"HELMIADI ( HAYATI )") -> 1 | Q10: =COUNTIF(ABSEN!O:O,"HELMIADI ( HAYATI )") -> 1 | R10: =COUNTIF(ABSEN!P:P,"HELMIADI ( HAYATI )") -> 1 | S10: =COUNTIF(ABSEN!Q:Q,"HELMIADI ( HAYATI )") -> 1 | T10: MG | U10: =COUNTIF(ABSEN!S:S,"HELMIADI ( HAYATI )") -> 1 | V10: =COUNTIF(ABSEN!T:T,"HELMIADI ( HAYATI )") -> 1 | W10: =COUNTIF(ABSEN!U:U,"HELMIADI ( HAYATI )") -> 1 | X10: =COUNTIF(ABSEN!V:V,"HELMIADI ( HAYATI )") -> 1 | Y10: =COUNTIF(ABSEN!W:W,"HELMIADI ( HAYATI )") -> 1 | Z10: =COUNTIF(ABSEN!X:X,"HELMIADI ( HAYATI )") -> 1 | AA10: MG | AB10: =COUNTIF(ABSEN!Z:Z,"HELMIADI ( HAYATI )") -> 1 | AC10: =COUNTIF(ABSEN!AA:AA,"HELMIADI ( HAYATI )") -> 1 | AD10: =COUNTIF(ABSEN!AB:AB,"HELMIADI ( HAYATI )") -> 1 | AE10: NAS | AF10: =COUNTIF(ABSEN!AD:AD,"HELMIADI ( HAYATI )") -> 1 | AG10: =COUNTIF(ABSEN!AE:AE,"HELMIADI ( HAYATI )") -> 1 | AH10: =SUM(C10:AG10) -> 24 | AI10: =COUNTIF(C10:AG10,"CT") -> 0 | AJ10: =COUNTIF(C10:AG10,"S") -> 0 | AK10: =COUNTIF(C10:AG10,"H1") -> 0 | AL10: =COUNTIF(C10:AG10,"MG") -> 4 | AM10: =COUNTIF(C10:AG10,"NAS") -> 3 | AN10: =COUNTIF(C10:AG10,"H2") -> 0 | AO10: =COUNTIF(B10:AF10,"P1") -> 0 | AP10: =COUNTIF(B10:AF10,"P2") -> 0 | AQ10: =COUNTIF(C10:AG10,"P3") -> 0 | AR10: =SUM(AH10:AQ10) -> 31 | AS10: =COUNTIF(C10:AG10,"CTH") -> 0 | AT10: =COUNTIF(C10:AG10,"A") -> 0
A11: 5 | B11: RHIZA KURNIA | C11: NAS | D11: =COUNTIF(ABSEN!B:B,"RHIZA KURNIA ( LISDA )") -> 1 | E11: S | F11: MG | G11: =COUNTIF(ABSEN!E:E,"RHIZA KURNIA ( LISDA )") -> 1 | H11: =COUNTIF(ABSEN!F:F,"RHIZA KURNIA ( LISDA )") -> 1 | I11: S | J11: =COUNTIF(ABSEN!H:H,"RHIZA KURNIA ( LISDA )") -> 1 | K11: =COUNTIF(ABSEN!I:I,"RHIZA KURNIA ( LISDA )") -> 1 | L11: S | M11: NAS | N11: MG | O11: =COUNTIF(ABSEN!M:M,"RHIZA KURNIA ( LISDA )") -> 1 | P11: S | Q11: =COUNTIF(ABSEN!O:O,"RHIZA KURNIA ( LISDA )") -> 1 | R11: =COUNTIF(ABSEN!P:P,"RHIZA KURNIA ( LISDA )") -> 1 | S11: S | T11: MG | U11: =COUNTIF(ABSEN!S:S,"RHIZA KURNIA ( LISDA )") -> 1 | V11: S | W11: S | X11: =COUNTIF(ABSEN!V:V,"RHIZA KURNIA ( LISDA )") -> 1 | Y11: =COUNTIF(ABSEN!W:W,"RHIZA KURNIA ( LISDA )") -> 1 | Z11: S | AA11: MG | AB11: =COUNTIF(ABSEN!Z:Z,"RHIZA KURNIA ( LISDA )") -> 1 | AC11: =COUNTIF(ABSEN!AA:AA,"RHIZA KURNIA ( LISDA )") -> 1 | AD11: S | AE11: NAS | AF11: S | AG11: S | AH11: =SUM(C11:AG11) -> 13 | AI11: =COUNTIF(C11:AG11,"CT") -> 0 | AJ11: =COUNTIF(C11:AG11,"S") -> 11 | AK11: =COUNTIF(C11:AG11,"H1") -> 0 | AL11: =COUNTIF(C11:AG11,"MG") -> 4 | AM11: =COUNTIF(C11:AG11,"NAS") -> 3 | AN11: =COUNTIF(C11:AG11,"H2") -> 0 | AO11: =COUNTIF(B11:AF11,"P1") -> 0 | AP11: =COUNTIF(B11:AF11,"P2") -> 0 | AQ11: =COUNTIF(C11:AG11,"P3") -> 0 | AR11: =SUM(AH11:AQ11) -> 31 | AS11: =COUNTIF(C11:AG11,"CTH") -> 0 | AT11: =COUNTIF(C11:AG11,"A") -> 0
A12: 6 | B12: HENDRI | C12: NAS | D12: =COUNTIF(ABSEN!B:B,"HENDRI ( UNAYAH )") -> 1 | E12: =COUNTIF(ABSEN!C:C,"HENDRI ( UNAYAH )") -> 1 | F12: MG | G12: =COUNTIF(ABSEN!E:E,"HENDRI ( UNAYAH )") -> 1 | H12: =COUNTIF(ABSEN!F:F,"HENDRI ( UNAYAH )") -> 1 | I12: =COUNTIF(ABSEN!G:G,"HENDRI ( UNAYAH )") -> 1 | J12: =COUNTIF(ABSEN!H:H,"HENDRI ( UNAYAH )") -> 1 | K12: =COUNTIF(ABSEN!I:I,"HENDRI ( UNAYAH )") -> 1 | L12: =COUNTIF(ABSEN!J:J,"HENDRI ( UNAYAH )") -> 1 | M12: NAS | N12: MG | O12: =COUNTIF(ABSEN!M:M,"HENDRI ( UNAYAH )") -> 1 | P12: =COUNTIF(ABSEN!N:N,"HENDRI ( UNAYAH )") -> 1 | Q12: =COUNTIF(ABSEN!O:O,"HENDRI ( UNAYAH )") -> 1 | R12: =COUNTIF(ABSEN!P:P,"HENDRI ( UNAYAH )") -> 1 | S12: =COUNTIF(ABSEN!Q:Q,"HENDRI ( UNAYAH )") -> 1 | T12: MG | U12: =COUNTIF(ABSEN!S:S,"HENDRI ( UNAYAH )") -> 1 | V12: =COUNTIF(ABSEN!T:T,"HENDRI ( UNAYAH )") -> 1 | W12: =COUNTIF(ABSEN!U:U,"HENDRI ( UNAYAH )") -> 1 | X12: =COUNTIF(ABSEN!V:V,"HENDRI ( UNAYAH )") -> 1 | Y12: =COUNTIF(ABSEN!W:W,"HENDRI ( UNAYAH )") -> 1 | Z12: =COUNTIF(ABSEN!X:X,"HENDRI ( UNAYAH )") -> 1 | AA12: MG | AB12: =COUNTIF(ABSEN!Z:Z,"HENDRI ( UNAYAH )") -> 1 | AC12: =COUNTIF(ABSEN!AA:AA,"HENDRI ( UNAYAH )") -> 1 | AD12: =COUNTIF(ABSEN!AB:AB,"HENDRI ( UNAYAH )") -> 1 | AE12: NAS | AF12: =COUNTIF(ABSEN!AD:AD,"HENDRI ( UNAYAH )") -> 1 | AG12: =COUNTIF(ABSEN!AE:AE,"HENDRI ( UNAYAH )") -> 1 | AH12: =SUM(C12:AG12) -> 24 | AI12: =COUNTIF(C12:AG12,"CT") -> 0 | AJ12: =COUNTIF(C12:AG12,"S") -> 0 | AK12: =COUNTIF(C12:AG12,"H1") -> 0 | AL12: =COUNTIF(C12:AG12,"MG") -> 4 | AM12: =COUNTIF(C12:AG12,"NAS") -> 3 | AN12: =COUNTIF(C12:AG12,"H2") -> 0 | AO12: =COUNTIF(B12:AF12,"P1") -> 0 | AP12: =COUNTIF(B12:AF12,"P2") -> 0 | AQ12: =COUNTIF(C12:AG12,"P3") -> 0 | AR12: =SUM(AH12:AQ12) -> 31 | AS12: =COUNTIF(C12:AG12,"CTH") -> 0 | AT12: =COUNTIF(C12:AG12,"A") -> 0
A13: 7 | B13: SOLIKAN | C13: NAS | D13: =COUNTIF(ABSEN!B:B,"SOLIKAN ( TUPON )") -> 1 | E13: =COUNTIF(ABSEN!C:C,"SOLIKAN ( TUPON )") -> 1 | F13: MG | G13: CT | H13: =COUNTIF(ABSEN!F:F,"SOLIKAN ( TUPON )") -> 1 | I13: =COUNTIF(ABSEN!G:G,"SOLIKAN ( TUPON )") -> 1 | J13: =COUNTIF(ABSEN!H:H,"SOLIKAN ( TUPON )") -> 1 | K13: S | L13: =COUNTIF(ABSEN!J:J,"SOLIKAN ( TUPON )") -> 1 | M13: NAS | N13: MG | O13: =COUNTIF(ABSEN!M:M,"SOLIKAN ( TUPON )") -> 1 | P13: =COUNTIF(ABSEN!N:N,"SOLIKAN ( TUPON )") -> 1 | Q13: =COUNTIF(ABSEN!O:O,"SOLIKAN ( TUPON )") -> 1 | R13: =COUNTIF(ABSEN!P:P,"SOLIKAN ( TUPON )") -> 1 | S13: =COUNTIF(ABSEN!Q:Q,"SOLIKAN ( TUPON )") -> 1 | T13: MG | U13: =COUNTIF(ABSEN!S:S,"SOLIKAN ( TUPON )") -> 1 | V13: =COUNTIF(ABSEN!T:T,"SOLIKAN ( TUPON )") -> 1 | W13: =COUNTIF(ABSEN!U:U,"SOLIKAN ( TUPON )") -> 1 | X13: =COUNTIF(ABSEN!V:V,"SOLIKAN ( TUPON )") -> 1 | Y13: =COUNTIF(ABSEN!W:W,"SOLIKAN ( TUPON )") -> 1 | Z13: =COUNTIF(ABSEN!X:X,"SOLIKAN ( TUPON )") -> 1 | AA13: MG | AB13: CT | AC13: S | AD13: =COUNTIF(ABSEN!AB:AB,"SOLIKAN ( TUPON )") -> 1 | AE13: NAS | AF13: =COUNTIF(ABSEN!AD:AD,"SOLIKAN ( TUPON )") -> 1 | AG13: =COUNTIF(ABSEN!AE:AE,"SOLIKAN ( TUPON )") -> 1 | AH13: =SUM(C13:AG13) -> 20 | AI13: =COUNTIF(C13:AG13,"CT") -> 2 | AJ13: =COUNTIF(C13:AG13,"S") -> 2 | AK13: =COUNTIF(C13:AG13,"H1") -> 0 | AL13: =COUNTIF(C13:AG13,"MG") -> 4 | AM13: =COUNTIF(C13:AG13,"NAS") -> 3 | AN13: =COUNTIF(C13:AG13,"H2") -> 0 | AO13: =COUNTIF(B13:AF13,"P1") -> 0 | AP13: =COUNTIF(B13:AF13,"P2") -> 0 | AQ13: =COUNTIF(C13:AG13,"P3") -> 0 | AR13: =SUM(AH13:AQ13) -> 31 | AS13: =COUNTIF(C13:AG13,"CTH") -> 0 | AT13: =COUNTIF(C13:AG13,"A") -> 0
A14: 8 | B14: ERLANDI EDI SUYANTO | C14: NAS | D14: =COUNTIF(ABSEN!B:B,"ERLANDI EDI SUYANTO ( ASMA )") -> 1 | E14: CT | F14: MG | G14: =COUNTIF(ABSEN!E:E,"ERLANDI EDI SUYANTO ( ASMA )") -> 1 | H14: =COUNTIF(ABSEN!F:F,"ERLANDI EDI SUYANTO ( ASMA )") -> 1 | I14: =COUNTIF(ABSEN!G:G,"ERLANDI EDI SUYANTO ( ASMA )") -> 1 | J14: =COUNTIF(ABSEN!H:H,"ERLANDI EDI SUYANTO ( ASMA )") -> 1 | K14: =COUNTIF(ABSEN!I:I,"ERLANDI EDI SUYANTO ( ASMA )") -> 1 | L14: =COUNTIF(ABSEN!J:J,"ERLANDI EDI SUYANTO ( ASMA )") -> 1 | M14: NAS | N14: MG | O14: =COUNTIF(ABSEN!M:M,"ERLANDI EDI SUYANTO ( ASMA )") -> 1 | P14: =COUNTIF(ABSEN!N:N,"ERLANDI EDI SUYANTO ( ASMA )") -> 1 | Q14: =COUNTIF(ABSEN!O:O,"ERLANDI EDI SUYANTO ( ASMA )") -> 1 | R14: =COUNTIF(ABSEN!P:P,"ERLANDI EDI SUYANTO ( ASMA )") -> 1 | S14: CT | T14: MG | U14: =COUNTIF(ABSEN!S:S,"ERLANDI EDI SUYANTO ( ASMA )") -> 1 | V14: =COUNTIF(ABSEN!T:T,"ERLANDI EDI SUYANTO ( ASMA )") -> 1 | W14: =COUNTIF(ABSEN!U:U,"ERLANDI EDI SUYANTO ( ASMA )") -> 1 | X14: =COUNTIF(ABSEN!V:V,"ERLANDI EDI SUYANTO ( ASMA )") -> 1 | Y14: =COUNTIF(ABSEN!W:W,"ERLANDI EDI SUYANTO ( ASMA )") -> 1 | Z14: =COUNTIF(ABSEN!X:X,"ERLANDI EDI SUYANTO ( ASMA )") -> 1 | AA14: MG | AB14: =COUNTIF(ABSEN!Z:Z,"ERLANDI EDI SUYANTO ( ASMA )") -> 1 | AC14: =COUNTIF(ABSEN!AA:AA,"ERLANDI EDI SUYANTO ( ASMA )") -> 1 | AD14: S | AE14: NAS | AF14: =COUNTIF(ABSEN!AD:AD,"ERLANDI EDI SUYANTO ( ASMA )") -> 1 | AG14: =COUNTIF(ABSEN!AE:AE,"ERLANDI EDI SUYANTO ( ASMA )") -> 1 | AH14: =SUM(C14:AG14) -> 21 | AI14: =COUNTIF(C14:AG14,"CT") -> 2 | AJ14: =COUNTIF(C14:AG14,"S") -> 1 | AK14: =COUNTIF(C14:AG14,"H1") -> 0 | AL14: =COUNTIF(C14:AG14,"MG") -> 4 | AM14: =COUNTIF(C14:AG14,"NAS") -> 3 | AN14: =COUNTIF(C14:AG14,"H2") -> 0 | AO14: =COUNTIF(B14:AF14,"P1") -> 0 | AP14: =COUNTIF(B14:AF14,"P2") -> 0 | AQ14: =COUNTIF(C14:AG14,"P3") -> 0 | AR14: =SUM(AH14:AQ14) -> 31 | AS14: =COUNTIF(C14:AG14,"CTH") -> 0 | AT14: =COUNTIF(C14:AG14,"A") -> 0
A15: 9 | B15: HENNI FRIANTI | C15: NAS | D15: =COUNTIF(ABSEN!B:B,"HENNI FRIANTI ( BASNATI )") -> 1 | E15: =COUNTIF(ABSEN!C:C,"HENNI FRIANTI ( BASNATI )") -> 1 | F15: MG | G15: =COUNTIF(ABSEN!E:E,"HENNI FRIANTI ( BASNATI )") -> 1 | H15: =COUNTIF(ABSEN!F:F,"HENNI FRIANTI ( BASNATI )") -> 1 | I15: =COUNTIF(ABSEN!G:G,"HENNI FRIANTI ( BASNATI )") -> 1 | J15: =COUNTIF(ABSEN!H:H,"HENNI FRIANTI ( BASNATI )") -> 1 | K15: S | L15: S | M15: NAS | N15: MG | O15: =COUNTIF(ABSEN!M:M,"HENNI FRIANTI ( BASNATI )") -> 1 | P15: =COUNTIF(ABSEN!N:N,"HENNI FRIANTI ( BASNATI )") -> 1 | Q15: =COUNTIF(ABSEN!O:O,"HENNI FRIANTI ( BASNATI )") -> 1 | R15: =COUNTIF(ABSEN!P:P,"HENNI FRIANTI ( BASNATI )") -> 1 | S15: =COUNTIF(ABSEN!Q:Q,"HENNI FRIANTI ( BASNATI )") -> 1 | T15: MG | U15: =COUNTIF(ABSEN!S:S,"HENNI FRIANTI ( BASNATI )") -> 1 | V15: =COUNTIF(ABSEN!T:T,"HENNI FRIANTI ( BASNATI )") -> 1 | W15: =COUNTIF(ABSEN!U:U,"HENNI FRIANTI ( BASNATI )") -> 1 | X15: S | Y15: H1 | Z15: H1 | AA15: MG | AB15: =COUNTIF(ABSEN!Z:Z,"HENNI FRIANTI ( BASNATI )") -> 1 | AC15: =COUNTIF(ABSEN!AA:AA,"HENNI FRIANTI ( BASNATI )") -> 1 | AD15: =COUNTIF(ABSEN!AB:AB,"HENNI FRIANTI ( BASNATI )") -> 1 | AE15: NAS | AF15: =COUNTIF(ABSEN!AD:AD,"HENNI FRIANTI ( BASNATI )") -> 1 | AG15: =COUNTIF(ABSEN!AE:AE,"HENNI FRIANTI ( BASNATI )") -> 1 | AH15: =SUM(C15:AG15) -> 19 | AI15: =COUNTIF(C15:AG15,"CT") -> 0 | AJ15: =COUNTIF(C15:AG15,"S") -> 3 | AK15: =COUNTIF(C15:AG15,"H1") -> 2 | AL15: =COUNTIF(C15:AG15,"MG") -> 4 | AM15: =COUNTIF(C15:AG15,"NAS") -> 3 | AN15: =COUNTIF(C15:AG15,"H2") -> 0 | AO15: =COUNTIF(B15:AF15,"P1") -> 0 | AP15: =COUNTIF(B15:AF15,"P2") -> 0 | AQ15: =COUNTIF(C15:AG15,"P3") -> 0 | AR15: =SUM(AH15:AQ15) -> 31 | AS15: =COUNTIF(C15:AG15,"CTH") -> 0 | AT15: =COUNTIF(C15:AG15,"A") -> 0
A16: 10 | B16: NELLY MARLINA | C16: NAS | D16: =COUNTIF(ABSEN!B:B,"NELLY MARLINA ( HAZENA )") -> 1 | E16: =COUNTIF(ABSEN!C:C,"NELLY MARLINA ( HAZENA )") -> 1 | F16: MG | G16: =COUNTIF(ABSEN!E:E,"NELLY MARLINA ( HAZENA )") -> 1 | H16: =COUNTIF(ABSEN!F:F,"NELLY MARLINA ( HAZENA )") -> 1 | I16: =COUNTIF(ABSEN!G:G,"NELLY MARLINA ( HAZENA )") -> 1 | J16: =COUNTIF(ABSEN!H:H,"NELLY MARLINA ( HAZENA )") -> 1 | K16: =COUNTIF(ABSEN!I:I,"NELLY MARLINA ( HAZENA )") -> 1 | L16: =COUNTIF(ABSEN!J:J,"NELLY MARLINA ( HAZENA )") -> 1 | M16: NAS | N16: MG | O16: =COUNTIF(ABSEN!M:M,"NELLY MARLINA ( HAZENA )") -> 1 | P16: =COUNTIF(ABSEN!N:N,"NELLY MARLINA ( HAZENA )") -> 1 | Q16: =COUNTIF(ABSEN!O:O,"NELLY MARLINA ( HAZENA )") -> 1 | R16: =COUNTIF(ABSEN!P:P,"NELLY MARLINA ( HAZENA )") -> 1 | S16: =COUNTIF(ABSEN!Q:Q,"NELLY MARLINA ( HAZENA )") -> 1 | T16: MG | U16: =COUNTIF(ABSEN!S:S,"NELLY MARLINA ( HAZENA )") -> 1 | V16: =COUNTIF(ABSEN!T:T,"NELLY MARLINA ( HAZENA )") -> 1 | W16: =COUNTIF(ABSEN!U:U,"NELLY MARLINA ( HAZENA )") -> 1 | X16: =COUNTIF(ABSEN!V:V,"NELLY MARLINA ( HAZENA )") -> 1 | Y16: =COUNTIF(ABSEN!W:W,"NELLY MARLINA ( HAZENA )") -> 1 | Z16: =COUNTIF(ABSEN!X:X,"NELLY MARLINA ( HAZENA )") -> 1 | AA16: MG | AB16: H1 | AC16: H1 | AD16: S | AE16: NAS | AF16: =COUNTIF(ABSEN!AD:AD,"NELLY MARLINA ( HAZENA )") -> 1 | AG16: =COUNTIF(ABSEN!AE:AE,"NELLY MARLINA ( HAZENA )") -> 1 | AH16: =SUM(C16:AG16) -> 21 | AI16: =COUNTIF(C16:AG16,"CT") -> 0 | AJ16: =COUNTIF(C16:AG16,"S") -> 1 | AK16: =COUNTIF(C16:AG16,"H1") -> 2 | AL16: =COUNTIF(C16:AG16,"MG") -> 4 | AM16: =COUNTIF(C16:AG16,"NAS") -> 3 | AN16: =COUNTIF(C16:AG16,"H2") -> 0 | AO16: =COUNTIF(B16:AF16,"P1") -> 0 | AP16: =COUNTIF(B16:AF16,"P2") -> 0 | AQ16: =COUNTIF(C16:AG16,"P3") -> 0 | AR16: =SUM(AH16:AQ16) -> 31 | AS16: =COUNTIF(C16:AG16,"CTH") -> 0 | AT16: =COUNTIF(C16:AG16,"A") -> 0
A17: 11 | B17: IISNAWATI | C17: NAS | D17: =COUNTIF(ABSEN!B:B,"IISNAWATI ( CIAH )") -> 1 | E17: =COUNTIF(ABSEN!C:C,"IISNAWATI ( CIAH )") -> 1 | F17: MG | G17: =COUNTIF(ABSEN!E:E,"IISNAWATI ( CIAH )") -> 1 | H17: =COUNTIF(ABSEN!F:F,"IISNAWATI ( CIAH )") -> 1 | I17: CT | J17: =COUNTIF(ABSEN!H:H,"IISNAWATI ( CIAH )") -> 1 | K17: =COUNTIF(ABSEN!I:I,"IISNAWATI ( CIAH )") -> 1 | L17: =COUNTIF(ABSEN!J:J,"IISNAWATI ( CIAH )") -> 1 | M17: NAS | N17: MG | O17: S | P17: =COUNTIF(ABSEN!N:N,"IISNAWATI ( CIAH )") -> 1 | Q17: =COUNTIF(ABSEN!O:O,"IISNAWATI ( CIAH )") -> 1 | R17: =COUNTIF(ABSEN!P:P,"IISNAWATI ( CIAH )") -> 1 | S17: =COUNTIF(ABSEN!Q:Q,"IISNAWATI ( CIAH )") -> 1 | T17: MG | U17: =COUNTIF(ABSEN!S:S,"IISNAWATI ( CIAH )") -> 1 | V17: =COUNTIF(ABSEN!T:T,"IISNAWATI ( CIAH )") -> 1 | W17: =COUNTIF(ABSEN!U:U,"IISNAWATI ( CIAH )") -> 1 | X17: =COUNTIF(ABSEN!V:V,"IISNAWATI ( CIAH )") -> 1 | Y17: H1 | Z17: H1 | AA17: MG | AB17: =COUNTIF(ABSEN!Z:Z,"IISNAWATI ( CIAH )") -> 1 | AC17: =COUNTIF(ABSEN!AA:AA,"IISNAWATI ( CIAH )") -> 1 | AD17: =COUNTIF(ABSEN!AB:AB,"IISNAWATI ( CIAH )") -> 1 | AE17: NAS | AF17: =COUNTIF(ABSEN!AD:AD,"IISNAWATI ( CIAH )") -> 1 | AG17: S | AH17: =SUM(C17:AG17) -> 19 | AI17: =COUNTIF(C17:AG17,"CT") -> 1 | AJ17: =COUNTIF(C17:AG17,"S") -> 2 | AK17: =COUNTIF(C17:AG17,"H1") -> 2 | AL17: =COUNTIF(C17:AG17,"MG") -> 4 | AM17: =COUNTIF(C17:AG17,"NAS") -> 3 | AN17: =COUNTIF(C17:AG17,"H2") -> 0 | AO17: =COUNTIF(B17:AF17,"P1") -> 0 | AP17: =COUNTIF(B17:AF17,"P2") -> 0 | AQ17: =COUNTIF(C17:AG17,"P3") -> 0 | AR17: =SUM(AH17:AQ17) -> 31 | AS17: =COUNTIF(C17:AG17,"CTH") -> 0 | AT17: =COUNTIF(C17:AG17,"A") -> 0
A18: 12 | B18: DEWI KOMALASARI | C18: NAS | D18: =COUNTIF(ABSEN!B:B,"DEWI KOMALASARI ( MORHANI )") -> 1 | E18: =COUNTIF(ABSEN!C:C,"DEWI KOMALASARI ( MORHANI )") -> 1 | F18: MG | G18: =COUNTIF(ABSEN!E:E,"DEWI KOMALASARI ( MORHANI )") -> 1 | H18: H1 | I18: H1 | J18: =COUNTIF(ABSEN!H:H,"DEWI KOMALASARI ( MORHANI )") -> 1 | K18: =COUNTIF(ABSEN!I:I,"DEWI KOMALASARI ( MORHANI )") -> 1 | L18: =COUNTIF(ABSEN!J:J,"DEWI KOMALASARI ( MORHANI )") -> 1 | M18: NAS | N18: MG | O18: =COUNTIF(ABSEN!M:M,"DEWI KOMALASARI ( MORHANI )") -> 1 | P18: =COUNTIF(ABSEN!N:N,"DEWI KOMALASARI ( MORHANI )") -> 1 | Q18: =COUNTIF(ABSEN!O:O,"DEWI KOMALASARI ( MORHANI )") -> 1 | R18: =COUNTIF(ABSEN!P:P,"DEWI KOMALASARI ( MORHANI )") -> 1 | S18: =COUNTIF(ABSEN!Q:Q,"DEWI KOMALASARI ( MORHANI )") -> 1 | T18: MG | U18: =COUNTIF(ABSEN!S:S,"DEWI KOMALASARI ( MORHANI )") -> 1 | V18: =COUNTIF(ABSEN!T:T,"DEWI KOMALASARI ( MORHANI )") -> 1 | W18: =COUNTIF(ABSEN!U:U,"DEWI KOMALASARI ( MORHANI )") -> 1 | X18: =COUNTIF(ABSEN!V:V,"DEWI KOMALASARI ( MORHANI )") -> 1 | Y18: =COUNTIF(ABSEN!W:W,"DEWI KOMALASARI ( MORHANI )") -> 1 | Z18: =COUNTIF(ABSEN!X:X,"DEWI KOMALASARI ( MORHANI )") -> 1 | AA18: MG | AB18: S | AC18: =COUNTIF(ABSEN!AA:AA,"DEWI KOMALASARI ( MORHANI )") -> 1 | AD18: =COUNTIF(ABSEN!AB:AB,"DEWI KOMALASARI ( MORHANI )") -> 1 | AE18: NAS | AF18: =COUNTIF(ABSEN!AD:AD,"DEWI KOMALASARI ( MORHANI )") -> 1 | AG18: =COUNTIF(ABSEN!AE:AE,"DEWI KOMALASARI ( MORHANI )") -> 1 | AH18: =SUM(C18:AG18) -> 21 | AI18: =COUNTIF(C18:AG18,"CT") -> 0 | AJ18: =COUNTIF(C18:AG18,"S") -> 1 | AK18: =COUNTIF(C18:AG18,"H1") -> 2 | AL18: =COUNTIF(C18:AG18,"MG") -> 4 | AM18: =COUNTIF(C18:AG18,"NAS") -> 3 | AN18: =COUNTIF(C18:AG18,"H2") -> 0 | AO18: =COUNTIF(B18:AF18,"P1") -> 0 | AP18: =COUNTIF(B18:AF18,"P2") -> 0 | AQ18: =COUNTIF(C18:AG18,"P3") -> 0 | AR18: =SUM(AH18:AQ18) -> 31 | AS18: =COUNTIF(C18:AG18,"CTH") -> 0 | AT18: =COUNTIF(C18:AG18,"A") -> 0
A19: 13 | B19: KUSMIATI | C19: NAS | D19: =COUNTIF(ABSEN!B:B,"KUSMIATI ( ROSINI )") -> 1 | E19: =COUNTIF(ABSEN!C:C,"KUSMIATI ( ROSINI )") -> 1 | F19: MG | G19: =COUNTIF(ABSEN!E:E,"KUSMIATI ( ROSINI )") -> 1 | H19: =COUNTIF(ABSEN!F:F,"KUSMIATI ( ROSINI )") -> 1 | I19: =COUNTIF(ABSEN!G:G,"KUSMIATI ( ROSINI )") -> 1 | J19: =COUNTIF(ABSEN!H:H,"KUSMIATI ( ROSINI )") -> 1 | K19: H1 | L19: H1 | M19: NAS | N19: MG | O19: =COUNTIF(ABSEN!M:M,"KUSMIATI ( ROSINI )") -> 1 | P19: 1 | Q19: =COUNTIF(ABSEN!O:O,"KUSMIATI ( ROSINI )") -> 1 | R19: =COUNTIF(ABSEN!P:P,"KUSMIATI ( ROSINI )") -> 1 | S19: =COUNTIF(ABSEN!Q:Q,"KUSMIATI ( ROSINI )") -> 1 | T19: MG | U19: CT | V19: =COUNTIF(ABSEN!T:T,"KUSMIATI ( ROSINI )") -> 1 | W19: =COUNTIF(ABSEN!U:U,"KUSMIATI ( ROSINI )") -> 1 | X19: =COUNTIF(ABSEN!V:V,"KUSMIATI ( ROSINI )") -> 1 | Y19: =COUNTIF(ABSEN!W:W,"KUSMIATI ( ROSINI )") -> 1 | Z19: S | AA19: MG | AB19: =COUNTIF(ABSEN!Z:Z,"KUSMIATI ( ROSINI )") -> 1 | AC19: =COUNTIF(ABSEN!AA:AA,"KUSMIATI ( ROSINI )") -> 1 | AD19: =COUNTIF(ABSEN!AB:AB,"KUSMIATI ( ROSINI )") -> 1 | AE19: NAS | AF19: =COUNTIF(ABSEN!AD:AD,"KUSMIATI ( ROSINI )") -> 1 | AG19: =COUNTIF(ABSEN!AE:AE,"KUSMIATI ( ROSINI )") -> 1 | AH19: =SUM(C19:AG19) -> 20 | AI19: =COUNTIF(C19:AG19,"CT") -> 1 | AJ19: =COUNTIF(C19:AG19,"S") -> 1 | AK19: =COUNTIF(C19:AG19,"H1") -> 2 | AL19: =COUNTIF(C19:AG19,"MG") -> 4 | AM19: =COUNTIF(C19:AG19,"NAS") -> 3 | AN19: =COUNTIF(C19:AG19,"H2") -> 0 | AO19: =COUNTIF(B19:AF19,"P1") -> 0 | AP19: =COUNTIF(B19:AF19,"P2") -> 0 | AQ19: =COUNTIF(C19:AG19,"P3") -> 0 | AR19: =SUM(AH19:AQ19) -> 31 | AS19: =COUNTIF(C19:AG19,"CTH") -> 0 | AT19: =COUNTIF(C19:AG19,"A") -> 0
A20: 14 | B20: SANUSI ( ROYANI ) | C20: NAS | D20: =COUNTIF(ABSEN!B:B,"SANUSI ( ROYANI )") -> 1 | E20: S | F20: MG | G20: =COUNTIF(ABSEN!E:E,"SANUSI ( ROYANI )") -> 1 | H20: =COUNTIF(ABSEN!F:F,"SANUSI ( ROYANI )") -> 1 | I20: =COUNTIF(ABSEN!G:G,"SANUSI ( ROYANI )") -> 1 | J20: =COUNTIF(ABSEN!H:H,"SANUSI ( ROYANI )") -> 1 | K20: =COUNTIF(ABSEN!I:I,"SANUSI ( ROYANI )") -> 1 | L20: S | M20: NAS | N20: MG | O20: =COUNTIF(ABSEN!M:M,"SANUSI ( ROYANI )") -> 1 | P20: CT | Q20: =COUNTIF(ABSEN!O:O,"SANUSI ( ROYANI )") -> 1 | R20: =COUNTIF(ABSEN!P:P,"SANUSI ( ROYANI )") -> 1 | S20: =COUNTIF(ABSEN!Q:Q,"SANUSI ( ROYANI )") -> 1 | T20: MG | U20: =COUNTIF(ABSEN!S:S,"SANUSI ( ROYANI )") -> 1 | V20: =COUNTIF(ABSEN!T:T,"SANUSI ( ROYANI )") -> 1 | W20: =COUNTIF(ABSEN!U:U,"SANUSI ( ROYANI )") -> 1 | X20: =COUNTIF(ABSEN!V:V,"SANUSI ( ROYANI )") -> 1 | Y20: =COUNTIF(ABSEN!W:W,"SANUSI ( ROYANI )") -> 1 | Z20: =COUNTIF(ABSEN!X:X,"SANUSI ( ROYANI )") -> 1 | AA20: MG | AB20: =COUNTIF(ABSEN!Z:Z,"SANUSI ( ROYANI )") -> 1 | AC20: =COUNTIF(ABSEN!AA:AA,"SANUSI ( ROYANI )") -> 1 | AD20: =COUNTIF(ABSEN!AB:AB,"SANUSI ( ROYANI )") -> 1 | AE20: NAS | AF20: S | AG20: =COUNTIF(ABSEN!AE:AE,"SANUSI ( ROYANI )") -> 1 | AH20: =SUM(C20:AG20) -> 20 | AI20: =COUNTIF(C20:AG20,"CT") -> 1 | AJ20: =COUNTIF(C20:AG20,"S") -> 3 | AK20: =COUNTIF(C20:AG20,"H1") -> 0 | AL20: =COUNTIF(C20:AG20,"MG") -> 4 | AM20: =COUNTIF(C20:AG20,"NAS") -> 3 | AN20: =COUNTIF(C20:AG20,"H2") -> 0 | AO20: =COUNTIF(B20:AF20,"P1") -> 0 | AP20: =COUNTIF(B20:AF20,"P2") -> 0 | AQ20: =COUNTIF(C20:AG20,"P3") -> 0 | AR20: =SUM(AH20:AQ20) -> 31 | AS20: =COUNTIF(C20:AG20,"CTH") -> 0 | AT20: =COUNTIF(C20:AG20,"A") -> 0
A21: 15 | B21: YUSNI | C21: NAS | D21: =COUNTIF(ABSEN!B:B,"YUSNI ( ZAINA )") -> 1 | E21: CT | F21: MG | G21: =COUNTIF(ABSEN!E:E,"YUSNI ( ZAINA )") -> 1 | H21: =COUNTIF(ABSEN!F:F,"YUSNI ( ZAINA )") -> 1 | I21: S | J21: S | K21: S | L21: =COUNTIF(ABSEN!J:J,"YUSNI ( ZAINA )") -> 1 | M21: NAS | N21: MG | O21: =COUNTIF(ABSEN!M:M,"YUSNI ( ZAINA )") -> 1 | P21: S | Q21: =COUNTIF(ABSEN!O:O,"YUSNI ( ZAINA )") -> 1 | R21: =COUNTIF(ABSEN!P:P,"YUSNI ( ZAINA )") -> 1 | S21: =COUNTIF(ABSEN!Q:Q,"YUSNI ( ZAINA )") -> 1 | T21: MG | U21: =COUNTIF(ABSEN!S:S,"YUSNI ( ZAINA )") -> 1 | V21: S | W21: =COUNTIF(ABSEN!U:U,"YUSNI ( ZAINA )") -> 1 | X21: =COUNTIF(ABSEN!V:V,"YUSNI ( ZAINA )") -> 1 | Y21: =COUNTIF(ABSEN!W:W,"YUSNI ( ZAINA )") -> 1 | Z21: =COUNTIF(ABSEN!X:X,"YUSNI ( ZAINA )") -> 1 | AA21: MG | AB21: =COUNTIF(ABSEN!Z:Z,"YUSNI ( ZAINA )") -> 1 | AC21: =COUNTIF(ABSEN!AA:AA,"YUSNI ( ZAINA )") -> 1 | AD21: S | AE21: NAS | AF21: =COUNTIF(ABSEN!AD:AD,"YUSNI ( ZAINA )") -> 1 | AG21: =COUNTIF(ABSEN!AE:AE,"YUSNI ( ZAINA )") -> 1 | AH21: =SUM(C21:AG21) -> 17 | AI21: =COUNTIF(C21:AG21,"CT") -> 1 | AJ21: =COUNTIF(C21:AG21,"S") -> 6 | AK21: =COUNTIF(C21:AG21,"H1") -> 0 | AL21: =COUNTIF(C21:AG21,"MG") -> 4 | AM21: =COUNTIF(C21:AG21,"NAS") -> 3 | AN21: =COUNTIF(C21:AG21,"H2") -> 0 | AO21: =COUNTIF(B21:AF21,"P1") -> 0 | AP21: =COUNTIF(B21:AF21,"P2") -> 0 | AQ21: =COUNTIF(C21:AG21,"P3") -> 0 | AR21: =SUM(AH21:AQ21) -> 31 | AS21: =COUNTIF(C21:AG21,"CTH") -> 0 | AT21: =COUNTIF(C21:AG21,"A") -> 0
A22: 16 | B22: RODIATI | C22: NAS | D22: =COUNTIF(ABSEN!B:B,"RODIATI ( SERINI )") -> 1 | E22: =COUNTIF(ABSEN!C:C,"RODIATI ( SERINI )") -> 1 | F22: MG | G22: =COUNTIF(ABSEN!E:E,"RODIATI ( SERINI )") -> 1 | H22: =COUNTIF(ABSEN!F:F,"RODIATI ( SERINI )") -> 1 | I22: =COUNTIF(ABSEN!G:G,"RODIATI ( SERINI )") -> 1 | J22: =COUNTIF(ABSEN!H:H,"RODIATI ( SERINI )") -> 1 | K22: =COUNTIF(ABSEN!I:I,"RODIATI ( SERINI )") -> 1 | L22: =COUNTIF(ABSEN!J:J,"RODIATI ( SERINI )") -> 1 | M22: NAS | N22: MG | O22: =COUNTIF(ABSEN!M:M,"RODIATI ( SERINI )") -> 1 | P22: CT | Q22: =COUNTIF(ABSEN!O:O,"RODIATI ( SERINI )") -> 1 | R22: =COUNTIF(ABSEN!P:P,"RODIATI ( SERINI )") -> 1 | S22: =COUNTIF(ABSEN!Q:Q,"RODIATI ( SERINI )") -> 1 | T22: MG | U22: =COUNTIF(ABSEN!S:S,"RODIATI ( SERINI )") -> 1 | V22: =COUNTIF(ABSEN!T:T,"RODIATI ( SERINI )") -> 1 | W22: =COUNTIF(ABSEN!U:U,"RODIATI ( SERINI )") -> 1 | X22: =COUNTIF(ABSEN!V:V,"RODIATI ( SERINI )") -> 1 | Y22: =COUNTIF(ABSEN!W:W,"RODIATI ( SERINI )") -> 1 | Z22: =COUNTIF(ABSEN!X:X,"RODIATI ( SERINI )") -> 1 | AA22: MG | AB22: =COUNTIF(ABSEN!Z:Z,"RODIATI ( SERINI )") -> 1 | AC22: =COUNTIF(ABSEN!AA:AA,"RODIATI ( SERINI )") -> 1 | AD22: =COUNTIF(ABSEN!AB:AB,"RODIATI ( SERINI )") -> 1 | AE22: NAS | AF22: =COUNTIF(ABSEN!AD:AD,"RODIATI ( SERINI )") -> 1 | AG22: =COUNTIF(ABSEN!AE:AE,"RODIATI ( SERINI )") -> 1 | AH22: =SUM(C22:AG22) -> 23 | AI22: =COUNTIF(C22:AG22,"CT") -> 1 | AJ22: =COUNTIF(C22:AG22,"S") -> 0 | AK22: =COUNTIF(C22:AG22,"H1") -> 0 | AL22: =COUNTIF(C22:AG22,"MG") -> 4 | AM22: =COUNTIF(C22:AG22,"NAS") -> 3 | AN22: =COUNTIF(C22:AG22,"H2") -> 0 | AO22: =COUNTIF(B22:AF22,"P1") -> 0 | AP22: =COUNTIF(B22:AF22,"P2") -> 0 | AQ22: =COUNTIF(C22:AG22,"P3") -> 0 | AR22: =SUM(AH22:AQ22) -> 31 | AS22: =COUNTIF(C22:AG22,"CTH") -> 0 | AT22: =COUNTIF(C22:AG22,"A") -> 0
A23: 17 | B23: ERNAWATI | C23: NAS | D23: =COUNTIF(ABSEN!B:B,"ERNAWATI ( MARINI )") -> 1 | E23: =COUNTIF(ABSEN!C:C,"ERNAWATI ( MARINI )") -> 1 | F23: MG | G23: =COUNTIF(ABSEN!E:E,"ERNAWATI ( MARINI )") -> 1 | H23: CT | I23: =COUNTIF(ABSEN!G:G,"ERNAWATI ( MARINI )") -> 1 | J23: =COUNTIF(ABSEN!H:H,"ERNAWATI ( MARINI )") -> 1 | K23: =COUNTIF(ABSEN!I:I,"ERNAWATI ( MARINI )") -> 1 | L23: A | M23: NAS | N23: MG | O23: =COUNTIF(ABSEN!M:M,"ERNAWATI ( MARINI )") -> 1 | P23: H1 | Q23: H1 | R23: =COUNTIF(ABSEN!P:P,"ERNAWATI ( MARINI )") -> 1 | S23: =COUNTIF(ABSEN!Q:Q,"ERNAWATI ( MARINI )") -> 1 | T23: MG | U23: S | V23: =COUNTIF(ABSEN!T:T,"ERNAWATI ( MARINI )") -> 1 | W23: =COUNTIF(ABSEN!U:U,"ERNAWATI ( MARINI )") -> 1 | X23: =COUNTIF(ABSEN!V:V,"ERNAWATI ( MARINI )") -> 1 | Y23: =COUNTIF(ABSEN!W:W,"ERNAWATI ( MARINI )") -> 1 | Z23: =COUNTIF(ABSEN!X:X,"ERNAWATI ( MARINI )") -> 1 | AA23: MG | AB23: =COUNTIF(ABSEN!Z:Z,"ERNAWATI ( MARINI )") -> 1 | AC23: =COUNTIF(ABSEN!AA:AA,"ERNAWATI ( MARINI )") -> 1 | AD23: =COUNTIF(ABSEN!AB:AB,"ERNAWATI ( MARINI )") -> 1 | AE23: NAS | AF23: =COUNTIF(ABSEN!AD:AD,"ERNAWATI ( MARINI )") -> 1 | AG23: =COUNTIF(ABSEN!AE:AE,"ERNAWATI ( MARINI )") -> 1 | AH23: =SUM(C23:AG23) -> 19 | AI23: =COUNTIF(C23:AG23,"CT") -> 1 | AJ23: =COUNTIF(C23:AG23,"S") -> 1 | AK23: =COUNTIF(C23:AG23,"H1") -> 2 | AL23: =COUNTIF(C23:AG23,"MG") -> 4 | AM23: =COUNTIF(C23:AG23,"NAS") -> 3 | AN23: =COUNTIF(C23:AG23,"H2") -> 0 | AO23: =COUNTIF(B23:AF23,"P1") -> 0 | AP23: =COUNTIF(B23:AF23,"P2") -> 0 | AQ23: =COUNTIF(C23:AG23,"P3") -> 0 | AR23: =SUM(AH23:AQ23) -> 30 | AS23: =COUNTIF(C23:AG23,"CTH") -> 0 | AT23: =COUNTIF(C23:AG23,"A") -> 1 | AV23: =260+90 -> 350
A24: 18 | B24: ANDRISTIO BUDIMAN | C24: NAS | D24: =COUNTIF(ABSEN!B:B,"ANDRISTIO BUDIMAN ( ISMUNIAR )") -> 1 | E24: =COUNTIF(ABSEN!C:C,"ANDRISTIO BUDIMAN ( ISMUNIAR )") -> 1 | F24: MG | G24: =COUNTIF(ABSEN!E:E,"ANDRISTIO BUDIMAN ( ISMUNIAR )") -> 1 | H24: =COUNTIF(ABSEN!F:F,"ANDRISTIO BUDIMAN ( ISMUNIAR )") -> 1 | I24: =COUNTIF(ABSEN!G:G,"ANDRISTIO BUDIMAN ( ISMUNIAR )") -> 1 | J24: =COUNTIF(ABSEN!H:H,"ANDRISTIO BUDIMAN ( ISMUNIAR )") -> 1 | K24: =COUNTIF(ABSEN!I:I,"ANDRISTIO BUDIMAN ( ISMUNIAR )") -> 1 | L24: =COUNTIF(ABSEN!J:J,"ANDRISTIO BUDIMAN ( ISMUNIAR )") -> 1 | M24: NAS | N24: MG | O24: =COUNTIF(ABSEN!M:M,"ANDRISTIO BUDIMAN ( ISMUNIAR )") -> 1 | P24: =COUNTIF(ABSEN!N:N,"ANDRISTIO BUDIMAN ( ISMUNIAR )") -> 1 | Q24: =COUNTIF(ABSEN!O:O,"ANDRISTIO BUDIMAN ( ISMUNIAR )") -> 1 | R24: =COUNTIF(ABSEN!P:P,"ANDRISTIO BUDIMAN ( ISMUNIAR )") -> 1 | S24: =COUNTIF(ABSEN!Q:Q,"ANDRISTIO BUDIMAN ( ISMUNIAR )") -> 1 | T24: MG | U24: =COUNTIF(ABSEN!S:S,"ANDRISTIO BUDIMAN ( ISMUNIAR )") -> 1 | V24: =COUNTIF(ABSEN!T:T,"ANDRISTIO BUDIMAN ( ISMUNIAR )") -> 1 | W24: =COUNTIF(ABSEN!U:U,"ANDRISTIO BUDIMAN ( ISMUNIAR )") -> 1 | X24: =COUNTIF(ABSEN!V:V,"ANDRISTIO BUDIMAN ( ISMUNIAR )") -> 1 | Y24: =COUNTIF(ABSEN!W:W,"ANDRISTIO BUDIMAN ( ISMUNIAR )") -> 1 | Z24: =COUNTIF(ABSEN!X:X,"ANDRISTIO BUDIMAN ( ISMUNIAR )") -> 1 | AA24: MG | AB24: =COUNTIF(ABSEN!Z:Z,"ANDRISTIO BUDIMAN ( ISMUNIAR )") -> 1 | AC24: =COUNTIF(ABSEN!AA:AA,"ANDRISTIO BUDIMAN ( ISMUNIAR )") -> 1 | AD24: =COUNTIF(ABSEN!AB:AB,"ANDRISTIO BUDIMAN ( ISMUNIAR )") -> 1 | AE24: NAS | AF24: =COUNTIF(ABSEN!AD:AD,"ANDRISTIO BUDIMAN ( ISMUNIAR )") -> 1 | AG24: =COUNTIF(ABSEN!AE:AE,"ANDRISTIO BUDIMAN ( ISMUNIAR )") -> 1 | AH24: =SUM(C24:AG24) -> 24 | AI24: =COUNTIF(C24:AG24,"CT") -> 0 | AJ24: =COUNTIF(C24:AG24,"S") -> 0 | AK24: =COUNTIF(C24:AG24,"H1") -> 0 | AL24: =COUNTIF(C24:AG24,"MG") -> 4 | AM24: =COUNTIF(C24:AG24,"NAS") -> 3 | AN24: =COUNTIF(C24:AG24,"H2") -> 0 | AO24: =COUNTIF(B24:AF24,"P1") -> 0 | AP24: =COUNTIF(B24:AF24,"P2") -> 0 | AQ24: =COUNTIF(C24:AG24,"P3") -> 0 | AR24: =SUM(AH24:AQ24) -> 31 | AS24: =COUNTIF(C24:AG24,"CTH") -> 0 | AT24: =COUNTIF(C24:AG24,"A") -> 0 | AV24: 50
A25: 19 | B25: SUNITA | C25: NAS | D25: =COUNTIF(ABSEN!B:B,"SUNITA ( SAIMI )") -> 1 | E25: =COUNTIF(ABSEN!C:C,"SUNITA ( SAIMI )") -> 1 | F25: MG | G25: =COUNTIF(ABSEN!E:E,"SUNITA ( SAIMI )") -> 1 | H25: =COUNTIF(ABSEN!F:F,"SUNITA ( SAIMI )") -> 1 | I25: =COUNTIF(ABSEN!G:G,"SUNITA ( SAIMI )") -> 1 | J25: =COUNTIF(ABSEN!H:H,"SUNITA ( SAIMI )") -> 1 | K25: =COUNTIF(ABSEN!I:I,"SUNITA ( SAIMI )") -> 1 | L25: =COUNTIF(ABSEN!J:J,"SUNITA ( SAIMI )") -> 1 | M25: NAS | N25: MG | O25: =COUNTIF(ABSEN!M:M,"SUNITA ( SAIMI )") -> 1 | P25: =COUNTIF(ABSEN!N:N,"SUNITA ( SAIMI )") -> 1 | Q25: =COUNTIF(ABSEN!O:O,"SUNITA ( SAIMI )") -> 1 | R25: =COUNTIF(ABSEN!P:P,"SUNITA ( SAIMI )") -> 1 | S25: =COUNTIF(ABSEN!Q:Q,"SUNITA ( SAIMI )") -> 1 | T25: MG | U25: =COUNTIF(ABSEN!S:S,"SUNITA ( SAIMI )") -> 1 | V25: =COUNTIF(ABSEN!T:T,"SUNITA ( SAIMI )") -> 1 | W25: =COUNTIF(ABSEN!U:U,"SUNITA ( SAIMI )") -> 1 | X25: =COUNTIF(ABSEN!V:V,"SUNITA ( SAIMI )") -> 1 | Y25: =COUNTIF(ABSEN!W:W,"SUNITA ( SAIMI )") -> 1 | Z25: =COUNTIF(ABSEN!X:X,"SUNITA ( SAIMI )") -> 1 | AA25: MG | AB25: =COUNTIF(ABSEN!Z:Z,"SUNITA ( SAIMI )") -> 1 | AC25: =COUNTIF(ABSEN!AA:AA,"SUNITA ( SAIMI )") -> 1 | AD25: =COUNTIF(ABSEN!AB:AB,"SUNITA ( SAIMI )") -> 1 | AE25: NAS | AF25: =COUNTIF(ABSEN!AD:AD,"SUNITA ( SAIMI )") -> 1 | AG25: =COUNTIF(ABSEN!AE:AE,"SUNITA ( SAIMI )") -> 1 | AH25: =SUM(C25:AG25) -> 24 | AI25: =COUNTIF(C25:AG25,"CT") -> 0 | AJ25: =COUNTIF(C25:AG25,"S") -> 0 | AK25: =COUNTIF(C25:AG25,"H1") -> 0 | AL25: =COUNTIF(C25:AG25,"MG") -> 4 | AM25: =COUNTIF(C25:AG25,"NAS") -> 3 | AN25: =COUNTIF(C25:AG25,"H2") -> 0 | AO25: =COUNTIF(B25:AF25,"P1") -> 0 | AP25: =COUNTIF(B25:AF25,"P2") -> 0 | AQ25: =COUNTIF(C25:AG25,"P3") -> 0 | AR25: =SUM(AH25:AQ25) -> 31 | AS25: =COUNTIF(C25:AG25,"CTH") -> 0 | AT25: =COUNTIF(C25:AG25,"A") -> 0 | AV25: =AV23+AV24 -> 400
A26: 20 | B26: MAMAN | C26: NAS | D26: =COUNTIF(ABSEN!B:B,"MAMAN ( JUMIATI )") -> 1 | E26: A | F26: MG | G26: =COUNTIF(ABSEN!E:E,"MAMAN ( JUMIATI )") -> 1 | H26: =COUNTIF(ABSEN!F:F,"MAMAN ( JUMIATI )") -> 1 | I26: =COUNTIF(ABSEN!G:G,"MAMAN ( JUMIATI )") -> 1 | J26: =COUNTIF(ABSEN!H:H,"MAMAN ( JUMIATI )") -> 1 | K26: =COUNTIF(ABSEN!I:I,"MAMAN ( JUMIATI )") -> 1 | L26: =COUNTIF(ABSEN!J:J,"MAMAN ( JUMIATI )") -> 1 | M26: NAS | N26: MG | O26: =COUNTIF(ABSEN!M:M,"MAMAN ( JUMIATI )") -> 1 | P26: S | Q26: =COUNTIF(ABSEN!O:O,"MAMAN ( JUMIATI )") -> 1 | R26: =COUNTIF(ABSEN!P:P,"MAMAN ( JUMIATI )") -> 1 | S26: =COUNTIF(ABSEN!Q:Q,"MAMAN ( JUMIATI )") -> 1 | T26: MG | U26: =COUNTIF(ABSEN!S:S,"MAMAN ( JUMIATI )") -> 1 | V26: =COUNTIF(ABSEN!T:T,"MAMAN ( JUMIATI )") -> 1 | W26: =COUNTIF(ABSEN!U:U,"MAMAN ( JUMIATI )") -> 1 | X26: =COUNTIF(ABSEN!V:V,"MAMAN ( JUMIATI )") -> 1 | Y26: =COUNTIF(ABSEN!W:W,"MAMAN ( JUMIATI )") -> 1 | Z26: CT | AA26: MG | AB26: =COUNTIF(ABSEN!Z:Z,"MAMAN ( JUMIATI )") -> 1 | AC26: =COUNTIF(ABSEN!AA:AA,"MAMAN ( JUMIATI )") -> 1 | AD26: =COUNTIF(ABSEN!AB:AB,"MAMAN ( JUMIATI )") -> 1 | AE26: NAS | AF26: =COUNTIF(ABSEN!AD:AD,"MAMAN ( JUMIATI )") -> 1 | AG26: =COUNTIF(ABSEN!AE:AE,"MAMAN ( JUMIATI )") -> 1 | AH26: =SUM(C26:AG26) -> 21 | AI26: =COUNTIF(C26:AG26,"CT") -> 1 | AJ26: =COUNTIF(C26:AG26,"S") -> 1 | AK26: =COUNTIF(C26:AG26,"H1") -> 0 | AL26: =COUNTIF(C26:AG26,"MG") -> 4 | AM26: =COUNTIF(C26:AG26,"NAS") -> 3 | AN26: =COUNTIF(C26:AG26,"H2") -> 0 | AO26: =COUNTIF(B26:AF26,"P1") -> 0 | AP26: =COUNTIF(B26:AF26,"P2") -> 0 | AQ26: =COUNTIF(C26:AG26,"P3") -> 0 | AR26: =SUM(AH26:AQ26) -> 30 | AS26: =COUNTIF(C26:AG26,"CTH") -> 0 | AT26: =COUNTIF(C26:AG26,"A") -> 1
A27: 21 | B27: BADIK BAGUS PRIBADI | C27: NAS | D27: =COUNTIF(ABSEN!B:B,"BADIK BAGUS PRIBADI ( NINUK )") -> 1 | E27: =COUNTIF(ABSEN!C:C,"BADIK BAGUS PRIBADI ( NINUK )") -> 1 | F27: MG | G27: S | H27: =COUNTIF(ABSEN!F:F,"BADIK BAGUS PRIBADI ( NINUK )") -> 1 | I27: CT | J27: =COUNTIF(ABSEN!H:H,"BADIK BAGUS PRIBADI ( NINUK )") -> 1 | K27: A | L27: =COUNTIF(ABSEN!J:J,"BADIK BAGUS PRIBADI ( NINUK )") -> 1 | M27: NAS | N27: MG | O27: =COUNTIF(ABSEN!M:M,"BADIK BAGUS PRIBADI ( NINUK )") -> 1 | P27: A | Q27: =COUNTIF(ABSEN!O:O,"BADIK BAGUS PRIBADI ( NINUK )") -> 1 | R27: =COUNTIF(ABSEN!P:P,"BADIK BAGUS PRIBADI ( NINUK )") -> 1 | S27: S | T27: MG | U27: =COUNTIF(ABSEN!S:S,"BADIK BAGUS PRIBADI ( NINUK )") -> 1 | V27: S | W27: =COUNTIF(ABSEN!U:U,"BADIK BAGUS PRIBADI ( NINUK )") -> 1 | X27: =COUNTIF(ABSEN!V:V,"BADIK BAGUS PRIBADI ( NINUK )") -> 1 | Y27: =COUNTIF(ABSEN!W:W,"BADIK BAGUS PRIBADI ( NINUK )") -> 1 | Z27: S | AA27: MG | AB27: =COUNTIF(ABSEN!Z:Z,"BADIK BAGUS PRIBADI ( NINUK )") -> 1 | AC27: =COUNTIF(ABSEN!AA:AA,"BADIK BAGUS PRIBADI ( NINUK )") -> 1 | AD27: CTH | AE27: NAS | AF27: =COUNTIF(ABSEN!AD:AD,"BADIK BAGUS PRIBADI ( NINUK )") -> 1 | AG27: =COUNTIF(ABSEN!AE:AE,"BADIK BAGUS PRIBADI ( NINUK )") -> 1 | AH27: =SUM(C27:AG27) -> 16 | AI27: =COUNTIF(C27:AG27,"CT") -> 1 | AJ27: =COUNTIF(C27:AG27,"S") -> 4 | AK27: =COUNTIF(C27:AG27,"H1") -> 0 | AL27: =COUNTIF(C27:AG27,"MG") -> 4 | AM27: =COUNTIF(C27:AG27,"NAS") -> 3 | AN27: =COUNTIF(C27:AG27,"H2") -> 0 | AO27: =COUNTIF(B27:AF27,"P1") -> 0 | AP27: =COUNTIF(B27:AF27,"P2") -> 0 | AQ27: =COUNTIF(C27:AG27,"P3") -> 0 | AR27: =SUM(AH27:AQ27) -> 28 | AS27: =COUNTIF(C27:AG27,"CTH") -> 1 | AT27: =COUNTIF(C27:AG27,"A") -> 2
A28: 22 | B28: AGUSTINI | C28: NAS | D28: =COUNTIF(ABSEN!B:B,"AGUSTINI ( HAMIMA )") -> 1 | E28: =COUNTIF(ABSEN!C:C,"AGUSTINI ( HAMIMA )") -> 1 | F28: MG | G28: =COUNTIF(ABSEN!E:E,"AGUSTINI ( HAMIMA )") -> 1 | H28: =COUNTIF(ABSEN!F:F,"AGUSTINI ( HAMIMA )") -> 1 | I28: =COUNTIF(ABSEN!G:G,"AGUSTINI ( HAMIMA )") -> 1 | J28: =COUNTIF(ABSEN!H:H,"AGUSTINI ( HAMIMA )") -> 1 | K28: =COUNTIF(ABSEN!I:I,"AGUSTINI ( HAMIMA )") -> 1 | L28: S | M28: NAS | N28: MG | O28: =COUNTIF(ABSEN!M:M,"AGUSTINI ( HAMIMA )") -> 1 | P28: =COUNTIF(ABSEN!N:N,"AGUSTINI ( HAMIMA )") -> 1 | Q28: =COUNTIF(ABSEN!O:O,"AGUSTINI ( HAMIMA )") -> 1 | R28: =COUNTIF(ABSEN!P:P,"AGUSTINI ( HAMIMA )") -> 1 | S28: =COUNTIF(ABSEN!Q:Q,"AGUSTINI ( HAMIMA )") -> 1 | T28: MG | U28: =COUNTIF(ABSEN!S:S,"AGUSTINI ( HAMIMA )") -> 1 | V28: =COUNTIF(ABSEN!T:T,"AGUSTINI ( HAMIMA )") -> 1 | W28: =COUNTIF(ABSEN!U:U,"AGUSTINI ( HAMIMA )") -> 1 | X28: =COUNTIF(ABSEN!V:V,"AGUSTINI ( HAMIMA )") -> 1 | Y28: =COUNTIF(ABSEN!W:W,"AGUSTINI ( HAMIMA )") -> 1 | Z28: CT | AA28: MG | AB28: =COUNTIF(ABSEN!Z:Z,"AGUSTINI ( HAMIMA )") -> 1 | AC28: =COUNTIF(ABSEN!AA:AA,"AGUSTINI ( HAMIMA )") -> 1 | AD28: =COUNTIF(ABSEN!AB:AB,"AGUSTINI ( HAMIMA )") -> 1 | AE28: NAS | AF28: S | AG28: =COUNTIF(ABSEN!AE:AE,"AGUSTINI ( HAMIMA )") -> 1 | AH28: =SUM(C28:AG28) -> 21 | AI28: =COUNTIF(C28:AG28,"CT") -> 1 | AJ28: =COUNTIF(C28:AG28,"S") -> 2 | AK28: =COUNTIF(C28:AG28,"H1") -> 0 | AL28: =COUNTIF(C28:AG28,"MG") -> 4 | AM28: =COUNTIF(C28:AG28,"NAS") -> 3 | AN28: =COUNTIF(C28:AG28,"H2") -> 0 | AO28: =COUNTIF(B28:AF28,"P1") -> 0 | AP28: =COUNTIF(B28:AF28,"P2") -> 0 | AQ28: =COUNTIF(C28:AG28,"P3") -> 0 | AR28: =SUM(AH28:AQ28) -> 31 | AS28: =COUNTIF(C28:AG28,"CTH") -> 0 | AT28: =COUNTIF(C28:AG28,"A") -> 0
A29: 23 | B29: DEVI NATALIA | C29: NAS | D29: =COUNTIF(ABSEN!B:B,"DEVI NATALIA ( ZAHIA )") -> 1 | E29: =COUNTIF(ABSEN!C:C,"DEVI NATALIA ( ZAHIA )") -> 1 | F29: MG | G29: =COUNTIF(ABSEN!E:E,"DEVI NATALIA ( ZAHIA )") -> 1 | H29: =COUNTIF(ABSEN!F:F,"DEVI NATALIA ( ZAHIA )") -> 1 | I29: =COUNTIF(ABSEN!G:G,"DEVI NATALIA ( ZAHIA )") -> 1 | J29: =COUNTIF(ABSEN!H:H,"DEVI NATALIA ( ZAHIA )") -> 1 | K29: =COUNTIF(ABSEN!I:I,"DEVI NATALIA ( ZAHIA )") -> 1 | L29: S | M29: NAS | N29: MG | O29: =COUNTIF(ABSEN!M:M,"DEVI NATALIA ( ZAHIA )") -> 1 | P29: =COUNTIF(ABSEN!N:N,"DEVI NATALIA ( ZAHIA )") -> 1 | Q29: =COUNTIF(ABSEN!O:O,"DEVI NATALIA ( ZAHIA )") -> 1 | R29: =COUNTIF(ABSEN!P:P,"DEVI NATALIA ( ZAHIA )") -> 1 | S29: =COUNTIF(ABSEN!Q:Q,"DEVI NATALIA ( ZAHIA )") -> 1 | T29: MG | U29: =COUNTIF(ABSEN!S:S,"DEVI NATALIA ( ZAHIA )") -> 1 | V29: =COUNTIF(ABSEN!T:T,"DEVI NATALIA ( ZAHIA )") -> 1 | W29: =COUNTIF(ABSEN!U:U,"DEVI NATALIA ( ZAHIA )") -> 1 | X29: =COUNTIF(ABSEN!V:V,"DEVI NATALIA ( ZAHIA )") -> 1 | Y29: =COUNTIF(ABSEN!W:W,"DEVI NATALIA ( ZAHIA )") -> 1 | Z29: CT | AA29: MG | AB29: =COUNTIF(ABSEN!Z:Z,"DEVI NATALIA ( ZAHIA )") -> 1 | AC29: =COUNTIF(ABSEN!AA:AA,"DEVI NATALIA ( ZAHIA )") -> 1 | AD29: =COUNTIF(ABSEN!AB:AB,"DEVI NATALIA ( ZAHIA )") -> 1 | AE29: NAS | AF29: =COUNTIF(ABSEN!AD:AD,"DEVI NATALIA ( ZAHIA )") -> 1 | AG29: =COUNTIF(ABSEN!AE:AE,"DEVI NATALIA ( ZAHIA )") -> 1 | AH29: =SUM(C29:AG29) -> 22 | AI29: =COUNTIF(C29:AG29,"CT") -> 1 | AJ29: =COUNTIF(C29:AG29,"S") -> 1 | AK29: =COUNTIF(C29:AG29,"H1") -> 0 | AL29: =COUNTIF(C29:AG29,"MG") -> 4 | AM29: =COUNTIF(C29:AG29,"NAS") -> 3 | AN29: =COUNTIF(C29:AG29,"H2") -> 0 | AO29: =COUNTIF(B29:AF29,"P1") -> 0 | AP29: =COUNTIF(B29:AF29,"P2") -> 0 | AQ29: =COUNTIF(C29:AG29,"P3") -> 0 | AR29: =SUM(AH29:AQ29) -> 31 | AS29: =COUNTIF(C29:AG29,"CTH") -> 0 | AT29: =COUNTIF(C29:AG29,"A") -> 0
A30: 24 | B30: HERLINDA | C30: NAS | D30: =COUNTIF(ABSEN!B:B,"HERLINDA ( MORHANA )") -> 1 | E30: =COUNTIF(ABSEN!C:C,"HERLINDA ( MORHANA )") -> 1 | F30: MG | G30: =COUNTIF(ABSEN!E:E,"HERLINDA ( MORHANA )") -> 1 | H30: =COUNTIF(ABSEN!F:F,"HERLINDA ( MORHANA )") -> 1 | I30: =COUNTIF(ABSEN!G:G,"HERLINDA ( MORHANA )") -> 1 | J30: =COUNTIF(ABSEN!H:H,"HERLINDA ( MORHANA )") -> 1 | K30: =COUNTIF(ABSEN!I:I,"HERLINDA ( MORHANA )") -> 1 | L30: =COUNTIF(ABSEN!J:J,"HERLINDA ( MORHANA )") -> 1 | M30: NAS | N30: MG | O30: =COUNTIF(ABSEN!M:M,"HERLINDA ( MORHANA )") -> 1 | P30: =COUNTIF(ABSEN!N:N,"HERLINDA ( MORHANA )") -> 1 | Q30: =COUNTIF(ABSEN!O:O,"HERLINDA ( MORHANA )") -> 1 | R30: =COUNTIF(ABSEN!P:P,"HERLINDA ( MORHANA )") -> 1 | S30: =COUNTIF(ABSEN!Q:Q,"HERLINDA ( MORHANA )") -> 1 | T30: MG | U30: =COUNTIF(ABSEN!S:S,"HERLINDA ( MORHANA )") -> 1 | V30: =COUNTIF(ABSEN!T:T,"HERLINDA ( MORHANA )") -> 1 | W30: H1 | X30: H1 | Y30: =COUNTIF(ABSEN!W:W,"HERLINDA ( MORHANA )") -> 1 | Z30: =COUNTIF(ABSEN!X:X,"HERLINDA ( MORHANA )") -> 1 | AA30: MG | AB30: =COUNTIF(ABSEN!Z:Z,"HERLINDA ( MORHANA )") -> 1 | AC30: =COUNTIF(ABSEN!AA:AA,"HERLINDA ( MORHANA )") -> 1 | AD30: S | AE30: NAS | AF30: =COUNTIF(ABSEN!AD:AD,"HERLINDA ( MORHANA )") -> 1 | AG30: =COUNTIF(ABSEN!AE:AE,"HERLINDA ( MORHANA )") -> 1 | AH30: =SUM(C30:AG30) -> 21 | AI30: =COUNTIF(C30:AG30,"CT") -> 0 | AJ30: =COUNTIF(C30:AG30,"S") -> 1 | AK30: =COUNTIF(C30:AG30,"H1") -> 2 | AL30: =COUNTIF(C30:AG30,"MG") -> 4 | AM30: =COUNTIF(C30:AG30,"NAS") -> 3 | AN30: =COUNTIF(C30:AG30,"H2") -> 0 | AO30: =COUNTIF(B30:AF30,"P1") -> 0 | AP30: =COUNTIF(B30:AF30,"P2") -> 0 | AQ30: =COUNTIF(C30:AG30,"P3") -> 0 | AR30: =SUM(AH30:AQ30) -> 31 | AS30: =COUNTIF(C30:AG30,"CTH") -> 0 | AT30: =COUNTIF(C30:AG30,"A") -> 0
A31: 25 | B31: ASERI | C31: NAS | D31: =COUNTIF(ABSEN!B:B,"ASERI ( LAHAMI )") -> 1 | E31: =COUNTIF(ABSEN!C:C,"ASERI ( LAHAMI )") -> 1 | F31: MG | G31: =COUNTIF(ABSEN!E:E,"ASERI ( LAHAMI )") -> 1 | H31: =COUNTIF(ABSEN!F:F,"ASERI ( LAHAMI )") -> 1 | I31: =COUNTIF(ABSEN!G:G,"ASERI ( LAHAMI )") -> 1 | J31: =COUNTIF(ABSEN!H:H,"ASERI ( LAHAMI )") -> 1 | K31: =COUNTIF(ABSEN!I:I,"ASERI ( LAHAMI )") -> 1 | L31: =COUNTIF(ABSEN!J:J,"ASERI ( LAHAMI )") -> 1 | M31: NAS | N31: MG | O31: =COUNTIF(ABSEN!M:M,"ASERI ( LAHAMI )") -> 1 | P31: =COUNTIF(ABSEN!N:N,"ASERI ( LAHAMI )") -> 1 | Q31: =COUNTIF(ABSEN!O:O,"ASERI ( LAHAMI )") -> 1 | R31: =COUNTIF(ABSEN!P:P,"ASERI ( LAHAMI )") -> 1 | S31: =COUNTIF(ABSEN!Q:Q,"ASERI ( LAHAMI )") -> 1 | T31: MG | U31: =COUNTIF(ABSEN!S:S,"ASERI ( LAHAMI )") -> 1 | V31: =COUNTIF(ABSEN!T:T,"ASERI ( LAHAMI )") -> 1 | W31: =COUNTIF(ABSEN!U:U,"ASERI ( LAHAMI )") -> 1 | X31: =COUNTIF(ABSEN!V:V,"ASERI ( LAHAMI )") -> 1 | Y31: =COUNTIF(ABSEN!W:W,"ASERI ( LAHAMI )") -> 1 | Z31: =COUNTIF(ABSEN!X:X,"ASERI ( LAHAMI )") -> 1 | AA31: MG | AB31: =COUNTIF(ABSEN!Z:Z,"ASERI ( LAHAMI )") -> 1 | AC31: =COUNTIF(ABSEN!AA:AA,"ASERI ( LAHAMI )") -> 1 | AD31: =COUNTIF(ABSEN!AB:AB,"ASERI ( LAHAMI )") -> 1 | AE31: NAS | AF31: =COUNTIF(ABSEN!AD:AD,"ASERI ( LAHAMI )") -> 1 | AG31: =COUNTIF(ABSEN!AE:AE,"ASERI ( LAHAMI )") -> 1 | AH31: =SUM(C31:AG31) -> 24 | AI31: =COUNTIF(C31:AG31,"CT") -> 0 | AJ31: =COUNTIF(C31:AG31,"S") -> 0 | AK31: =COUNTIF(C31:AG31,"H1") -> 0 | AL31: =COUNTIF(C31:AG31,"MG") -> 4 | AM31: =COUNTIF(C31:AG31,"NAS") -> 3 | AN31: =COUNTIF(C31:AG31,"H2") -> 0 | AO31: =COUNTIF(B31:AF31,"P1") -> 0 | AP31: =COUNTIF(B31:AF31,"P2") -> 0 | AQ31: =COUNTIF(C31:AG31,"P3") -> 0 | AR31: =SUM(AH31:AQ31) -> 31 | AS31: =COUNTIF(C31:AG31,"CTH") -> 0 | AT31: =COUNTIF(C31:AG31,"A") -> 0
A32: 26 | B32: ADI SUSANTO | C32: NAS | D32: =COUNTIF(ABSEN!B:B,"ADI SUSANTO ( ROHIDA )") -> 1 | E32: =COUNTIF(ABSEN!C:C,"ADI SUSANTO ( ROHIDA )") -> 1 | F32: MG | G32: =COUNTIF(ABSEN!E:E,"ADI SUSANTO ( ROHIDA )") -> 1 | H32: =COUNTIF(ABSEN!F:F,"ADI SUSANTO ( ROHIDA )") -> 1 | I32: =COUNTIF(ABSEN!G:G,"ADI SUSANTO ( ROHIDA )") -> 1 | J32: =COUNTIF(ABSEN!H:H,"ADI SUSANTO ( ROHIDA )") -> 1 | K32: =COUNTIF(ABSEN!I:I,"ADI SUSANTO ( ROHIDA )") -> 1 | L32: =COUNTIF(ABSEN!J:J,"ADI SUSANTO ( ROHIDA )") -> 1 | M32: NAS | N32: MG | O32: =COUNTIF(ABSEN!M:M,"ADI SUSANTO ( ROHIDA )") -> 1 | P32: =COUNTIF(ABSEN!N:N,"ADI SUSANTO ( ROHIDA )") -> 1 | Q32: =COUNTIF(ABSEN!O:O,"ADI SUSANTO ( ROHIDA )") -> 1 | R32: =COUNTIF(ABSEN!P:P,"ADI SUSANTO ( ROHIDA )") -> 1 | S32: =COUNTIF(ABSEN!Q:Q,"ADI SUSANTO ( ROHIDA )") -> 1 | T32: MG | U32: =COUNTIF(ABSEN!S:S,"ADI SUSANTO ( ROHIDA )") -> 1 | V32: =COUNTIF(ABSEN!T:T,"ADI SUSANTO ( ROHIDA )") -> 1 | W32: =COUNTIF(ABSEN!U:U,"ADI SUSANTO ( ROHIDA )") -> 1 | X32: =COUNTIF(ABSEN!V:V,"ADI SUSANTO ( ROHIDA )") -> 1 | Y32: =COUNTIF(ABSEN!W:W,"ADI SUSANTO ( ROHIDA )") -> 1 | Z32: =COUNTIF(ABSEN!X:X,"ADI SUSANTO ( ROHIDA )") -> 1 | AA32: MG | AB32: =COUNTIF(ABSEN!Z:Z,"ADI SUSANTO ( ROHIDA )") -> 1 | AC32: =COUNTIF(ABSEN!AA:AA,"ADI SUSANTO ( ROHIDA )") -> 1 | AD32: =COUNTIF(ABSEN!AB:AB,"ADI SUSANTO ( ROHIDA )") -> 1 | AE32: NAS | AF32: =COUNTIF(ABSEN!AD:AD,"ADI SUSANTO ( ROHIDA )") -> 1 | AG32: =COUNTIF(ABSEN!AE:AE,"ADI SUSANTO ( ROHIDA )") -> 1 | AH32: =SUM(C32:AG32) -> 24 | AI32: =COUNTIF(C32:AG32,"CT") -> 0 | AJ32: =COUNTIF(C32:AG32,"S") -> 0 | AK32: =COUNTIF(C32:AG32,"H1") -> 0 | AL32: =COUNTIF(C32:AG32,"MG") -> 4 | AM32: =COUNTIF(C32:AG32,"NAS") -> 3 | AN32: =COUNTIF(C32:AG32,"H2") -> 0 | AO32: =COUNTIF(B32:AF32,"P1") -> 0 | AP32: =COUNTIF(B32:AF32,"P2") -> 0 | AQ32: =COUNTIF(C32:AG32,"P3") -> 0 | AR32: =SUM(AH32:AQ32) -> 31 | AS32: =COUNTIF(C32:AG32,"CTH") -> 0 | AT32: =COUNTIF(C32:AG32,"A") -> 0
A33: 27 | B33: ANSITA | C33: NAS | D33: =COUNTIF(ABSEN!B:B,"ANSITA ( SUMIATI )") -> 1 | E33: CT | F33: MG | G33: =COUNTIF(ABSEN!E:E,"ANSITA ( SUMIATI )") -> 1 | H33: =COUNTIF(ABSEN!F:F,"ANSITA ( SUMIATI )") -> 1 | I33: =COUNTIF(ABSEN!G:G,"ANSITA ( SUMIATI )") -> 1 | J33: =COUNTIF(ABSEN!H:H,"ANSITA ( SUMIATI )") -> 1 | K33: =COUNTIF(ABSEN!I:I,"ANSITA ( SUMIATI )") -> 1 | L33: =COUNTIF(ABSEN!J:J,"ANSITA ( SUMIATI )") -> 1 | M33: NAS | N33: MG | O33: =COUNTIF(ABSEN!M:M,"ANSITA ( SUMIATI )") -> 1 | P33: H1 | Q33: H1 | R33: S | S33: =COUNTIF(ABSEN!Q:Q,"ANSITA ( SUMIATI )") -> 1 | T33: MG | U33: =COUNTIF(ABSEN!S:S,"ANSITA ( SUMIATI )") -> 1 | V33: =COUNTIF(ABSEN!T:T,"ANSITA ( SUMIATI )") -> 1 | W33: =COUNTIF(ABSEN!U:U,"ANSITA ( SUMIATI )") -> 1 | X33: =COUNTIF(ABSEN!V:V,"ANSITA ( SUMIATI )") -> 1 | Y33: =COUNTIF(ABSEN!W:W,"ANSITA ( SUMIATI )") -> 1 | Z33: =COUNTIF(ABSEN!X:X,"ANSITA ( SUMIATI )") -> 1 | AA33: MG | AB33: =COUNTIF(ABSEN!Z:Z,"ANSITA ( SUMIATI )") -> 1 | AC33: =COUNTIF(ABSEN!AA:AA,"ANSITA ( SUMIATI )") -> 1 | AD33: =COUNTIF(ABSEN!AB:AB,"ANSITA ( SUMIATI )") -> 1 | AE33: NAS | AF33: =COUNTIF(ABSEN!AD:AD,"ANSITA ( SUMIATI )") -> 1 | AG33: =COUNTIF(ABSEN!AE:AE,"ANSITA ( SUMIATI )") -> 1 | AH33: =SUM(C33:AG33) -> 20 | AI33: =COUNTIF(C33:AG33,"CT") -> 1 | AJ33: =COUNTIF(C33:AG33,"S") -> 1 | AK33: =COUNTIF(C33:AG33,"H1") -> 2 | AL33: =COUNTIF(C33:AG33,"MG") -> 4 | AM33: =COUNTIF(C33:AG33,"NAS") -> 3 | AN33: =COUNTIF(C33:AG33,"H2") -> 0 | AO33: =COUNTIF(B33:AF33,"P1") -> 0 | AP33: =COUNTIF(B33:AF33,"P2") -> 0 | AQ33: =COUNTIF(C33:AG33,"P3") -> 0 | AR33: =SUM(AH33:AQ33) -> 31 | AS33: =COUNTIF(C33:AG33,"CTH") -> 0 | AT33: =COUNTIF(C33:AG33,"A") -> 0
A34: 28 | B34: ASNAWATI | C34: NAS | D34: =COUNTIF(ABSEN!B:B,"ASNAWATI ( JERIMA )") -> 1 | E34: =COUNTIF(ABSEN!C:C,"ASNAWATI ( JERIMA )") -> 1 | F34: MG | G34: =COUNTIF(ABSEN!E:E,"ASNAWATI ( JERIMA )") -> 1 | H34: =COUNTIF(ABSEN!F:F,"ASNAWATI ( JERIMA )") -> 1 | I34: =COUNTIF(ABSEN!G:G,"ASNAWATI ( JERIMA )") -> 1 | J34: S | K34: H1 | L34: H1 | M34: NAS | N34: MG | O34: =COUNTIF(ABSEN!M:M,"ASNAWATI ( JERIMA )") -> 1 | P34: =COUNTIF(ABSEN!N:N,"ASNAWATI ( JERIMA )") -> 1 | Q34: =COUNTIF(ABSEN!O:O,"ASNAWATI ( JERIMA )") -> 1 | R34: =COUNTIF(ABSEN!P:P,"ASNAWATI ( JERIMA )") -> 1 | S34: =COUNTIF(ABSEN!Q:Q,"ASNAWATI ( JERIMA )") -> 1 | T34: MG | U34: =COUNTIF(ABSEN!S:S,"ASNAWATI ( JERIMA )") -> 1 | V34: =COUNTIF(ABSEN!T:T,"ASNAWATI ( JERIMA )") -> 1 | W34: =COUNTIF(ABSEN!U:U,"ASNAWATI ( JERIMA )") -> 1 | X34: =COUNTIF(ABSEN!V:V,"ASNAWATI ( JERIMA )") -> 1 | Y34: =COUNTIF(ABSEN!W:W,"ASNAWATI ( JERIMA )") -> 1 | Z34: =COUNTIF(ABSEN!X:X,"ASNAWATI ( JERIMA )") -> 1 | AA34: MG | AB34: =COUNTIF(ABSEN!Z:Z,"ASNAWATI ( JERIMA )") -> 1 | AC34: =COUNTIF(ABSEN!AA:AA,"ASNAWATI ( JERIMA )") -> 1 | AD34: =COUNTIF(ABSEN!AB:AB,"ASNAWATI ( JERIMA )") -> 1 | AE34: NAS | AF34: =COUNTIF(ABSEN!AD:AD,"ASNAWATI ( JERIMA )") -> 1 | AG34: =COUNTIF(ABSEN!AE:AE,"ASNAWATI ( JERIMA )") -> 1 | AH34: =SUM(C34:AG34) -> 21 | AI34: =COUNTIF(C34:AG34,"CT") -> 0 | AJ34: =COUNTIF(C34:AG34,"S") -> 1 | AK34: =COUNTIF(C34:AG34,"H1") -> 2 | AL34: =COUNTIF(C34:AG34,"MG") -> 4 | AM34: =COUNTIF(C34:AG34,"NAS") -> 3 | AN34: =COUNTIF(C34:AG34,"H2") -> 0 | AO34: =COUNTIF(B34:AF34,"P1") -> 0 | AP34: =COUNTIF(B34:AF34,"P2") -> 0 | AQ34: =COUNTIF(C34:AG34,"P3") -> 0 | AR34: =SUM(AH34:AQ34) -> 31 | AS34: =COUNTIF(C34:AG34,"CTH") -> 0 | AT34: =COUNTIF(C34:AG34,"A") -> 0
A35: 29 | B35: HATINAH | C35: NAS | D35: =COUNTIF(ABSEN!B:B,"HATINAH ( MAHINEM )") -> 1 | E35: =COUNTIF(ABSEN!C:C,"HATINAH ( MAHINEM )") -> 1 | F35: MG | G35: =COUNTIF(ABSEN!E:E,"HATINAH ( MAHINEM )") -> 1 | H35: =COUNTIF(ABSEN!F:F,"HATINAH ( MAHINEM )") -> 1 | I35: =COUNTIF(ABSEN!G:G,"HATINAH ( MAHINEM )") -> 1 | J35: =COUNTIF(ABSEN!H:H,"HATINAH ( MAHINEM )") -> 1 | K35: S | L35: =COUNTIF(ABSEN!J:J,"HATINAH ( MAHINEM )") -> 1 | M35: NAS | N35: MG | O35: =COUNTIF(ABSEN!M:M,"HATINAH ( MAHINEM )") -> 1 | P35: H1 | Q35: H1 | R35: =COUNTIF(ABSEN!P:P,"HATINAH ( MAHINEM )") -> 1 | S35: =COUNTIF(ABSEN!Q:Q,"HATINAH ( MAHINEM )") -> 1 | T35: MG | U35: =COUNTIF(ABSEN!S:S,"HATINAH ( MAHINEM )") -> 1 | V35: =COUNTIF(ABSEN!T:T,"HATINAH ( MAHINEM )") -> 1 | W35: =COUNTIF(ABSEN!U:U,"HATINAH ( MAHINEM )") -> 1 | X35: =COUNTIF(ABSEN!V:V,"HATINAH ( MAHINEM )") -> 1 | Y35: =COUNTIF(ABSEN!W:W,"HATINAH ( MAHINEM )") -> 1 | Z35: CT | AA35: MG | AB35: =COUNTIF(ABSEN!Z:Z,"HATINAH ( MAHINEM )") -> 1 | AC35: =COUNTIF(ABSEN!AA:AA,"HATINAH ( MAHINEM )") -> 1 | AD35: =COUNTIF(ABSEN!AB:AB,"HATINAH ( MAHINEM )") -> 1 | AE35: NAS | AF35: =COUNTIF(ABSEN!AD:AD,"HATINAH ( MAHINEM )") -> 1 | AG35: =COUNTIF(ABSEN!AE:AE,"HATINAH ( MAHINEM )") -> 1 | AH35: =SUM(C35:AG35) -> 20 | AI35: =COUNTIF(C35:AG35,"CT") -> 1 | AJ35: =COUNTIF(C35:AG35,"S") -> 1 | AK35: =COUNTIF(C35:AG35,"H1") -> 2 | AL35: =COUNTIF(C35:AG35,"MG") -> 4 | AM35: =COUNTIF(C35:AG35,"NAS") -> 3 | AN35: =COUNTIF(C35:AG35,"H2") -> 0 | AO35: =COUNTIF(B35:AF35,"P1") -> 0 | AP35: =COUNTIF(B35:AF35,"P2") -> 0 | AQ35: =COUNTIF(C35:AG35,"P3") -> 0 | AR35: =SUM(AH35:AQ35) -> 31 | AS35: =COUNTIF(C35:AG35,"CTH") -> 0 | AT35: =COUNTIF(C35:AG35,"A") -> 0
A36: 30 | B36: JUANDI | C36: NAS | D36: =COUNTIF(ABSEN!B:B,"JUANDI ( PINA )") -> 1 | E36: CT | F36: MG | G36: A | H36: =COUNTIF(ABSEN!F:F,"JUANDI ( PINA )") -> 1 | I36: =COUNTIF(ABSEN!G:G,"JUANDI ( PINA )") -> 1 | J36: =COUNTIF(ABSEN!H:H,"JUANDI ( PINA )") -> 1 | K36: S | L36: =COUNTIF(ABSEN!J:J,"JUANDI ( PINA )") -> 1 | M36: NAS | N36: MG | O36: =COUNTIF(ABSEN!M:M,"JUANDI ( PINA )") -> 1 | P36: A | Q36: =COUNTIF(ABSEN!O:O,"JUANDI ( PINA )") -> 1 | R36: =COUNTIF(ABSEN!P:P,"JUANDI ( PINA )") -> 1 | S36: =COUNTIF(ABSEN!Q:Q,"JUANDI ( PINA )") -> 1 | T36: MG | U36: =COUNTIF(ABSEN!S:S,"JUANDI ( PINA )") -> 1 | V36: =COUNTIF(ABSEN!T:T,"JUANDI ( PINA )") -> 1 | W36: =COUNTIF(ABSEN!U:U,"JUANDI ( PINA )") -> 1 | X36: S | Y36: =COUNTIF(ABSEN!W:W,"JUANDI ( PINA )") -> 1 | Z36: =COUNTIF(ABSEN!X:X,"JUANDI ( PINA )") -> 1 | AA36: MG | AB36: =COUNTIF(ABSEN!Z:Z,"JUANDI ( PINA )") -> 1 | AC36: =COUNTIF(ABSEN!AA:AA,"JUANDI ( PINA )") -> 1 | AD36: =COUNTIF(ABSEN!AB:AB,"JUANDI ( PINA )") -> 1 | AE36: NAS | AF36: CTH | AG36: =COUNTIF(ABSEN!AE:AE,"JUANDI ( PINA )") -> 1 | AH36: =SUM(C36:AG36) -> 18 | AI36: =COUNTIF(C36:AG36,"CT") -> 1 | AJ36: =COUNTIF(C36:AG36,"S") -> 2 | AK36: =COUNTIF(C36:AG36,"H1") -> 0 | AL36: =COUNTIF(C36:AG36,"MG") -> 4 | AM36: =COUNTIF(C36:AG36,"NAS") -> 3 | AN36: =COUNTIF(C36:AG36,"H2") -> 0 | AO36: =COUNTIF(B36:AF36,"P1") -> 0 | AP36: =COUNTIF(B36:AF36,"P2") -> 0 | AQ36: =COUNTIF(C36:AG36,"P3") -> 0 | AR36: =SUM(AH36:AQ36) -> 28 | AS36: =COUNTIF(C36:AG36,"CTH") -> 1 | AT36: =COUNTIF(C36:AG36,"A") -> 2
A37: 31 | B37: ALI SADIKIN | C37: NAS | D37: =COUNTIF(ABSEN!B:B,"ALI SADIKIN ( RAHMA )") -> 1 | E37: =COUNTIF(ABSEN!C:C,"ALI SADIKIN ( RAHMA )") -> 1 | F37: MG | G37: =COUNTIF(ABSEN!E:E,"ALI SADIKIN ( RAHMA )") -> 1 | H37: =COUNTIF(ABSEN!F:F,"ALI SADIKIN ( RAHMA )") -> 0 | I37: =COUNTIF(ABSEN!G:G,"ALI SADIKIN ( RAHMA )") -> 0 | J37: =COUNTIF(ABSEN!H:H,"ALI SADIKIN ( RAHMA )") -> 0 | K37: =COUNTIF(ABSEN!I:I,"ALI SADIKIN ( RAHMA )") -> 0 | L37: =COUNTIF(ABSEN!J:J,"ALI SADIKIN ( RAHMA )") -> 0 | O37: =COUNTIF(ABSEN!M:M,"ALI SADIKIN ( RAHMA )") -> 0 | P37: =COUNTIF(ABSEN!N:N,"ALI SADIKIN ( RAHMA )") -> 0 | Q37: =COUNTIF(ABSEN!O:O,"ALI SADIKIN ( RAHMA )") -> 0 | R37: =COUNTIF(ABSEN!P:P,"ALI SADIKIN ( RAHMA )") -> 0 | S37: =COUNTIF(ABSEN!Q:Q,"ALI SADIKIN ( RAHMA )") -> 0 | U37: =COUNTIF(ABSEN!S:S,"ALI SADIKIN ( RAHMA )") -> 0 | V37: =COUNTIF(ABSEN!T:T,"ALI SADIKIN ( RAHMA )") -> 0 | W37: =COUNTIF(ABSEN!U:U,"ALI SADIKIN ( RAHMA )") -> 0 | X37: =COUNTIF(ABSEN!V:V,"ALI SADIKIN ( RAHMA )") -> 0 | Y37: =COUNTIF(ABSEN!W:W,"ALI SADIKIN ( RAHMA )") -> 0 | Z37: =COUNTIF(ABSEN!X:X,"ALI SADIKIN ( RAHMA )") -> 0 | AB37: =COUNTIF(ABSEN!Z:Z,"ALI SADIKIN ( RAHMA )") -> 0 | AC37: =COUNTIF(ABSEN!AA:AA,"ALI SADIKIN ( RAHMA )") -> 0 | AD37: =COUNTIF(ABSEN!AB:AB,"ALI SADIKIN ( RAHMA )") -> 0 | AF37: =COUNTIF(ABSEN!AD:AD,"ALI SADIKIN ( RAHMA )") -> 0 | AG37: =COUNTIF(ABSEN!AE:AE,"ALI SADIKIN ( RAHMA )") -> 0 | AH37: =SUM(C37:AG37) -> 3 | AI37: =COUNTIF(C37:AG37,"CT") -> 0 | AJ37: =COUNTIF(C37:AG37,"S") -> 0 | AK37: =COUNTIF(C37:AG37,"H1") -> 0 | AL37: =COUNTIF(C37:AG37,"MG") -> 1 | AM37: =COUNTIF(C37:AG37,"NAS") -> 1 | AN37: =COUNTIF(C37:AG37,"H2") -> 0 | AO37: =COUNTIF(B37:AF37,"P1") -> 0 | AP37: =COUNTIF(B37:AF37,"P2") -> 0 | AQ37: =COUNTIF(C37:AG37,"P3") -> 0 | AR37: =SUM(AH37:AQ37) -> 5 | AS37: =COUNTIF(C37:AG37,"CTH") -> 0 | AT37: =COUNTIF(C37:AG37,"A") -> 0
A38: 32 | B38: HERIYANTO | C38: NAS | D38: =COUNTIF(ABSEN!B:B,"HERIYANTO ( SENUNI )") -> 1 | E38: =COUNTIF(ABSEN!C:C,"HERIYANTO ( SENUNI )") -> 1 | F38: MG | G38: =COUNTIF(ABSEN!E:E,"HERIYANTO ( SENUNI )") -> 1 | H38: =COUNTIF(ABSEN!F:F,"HERIYANTO ( SENUNI )") -> 1 | I38: =COUNTIF(ABSEN!G:G,"HERIYANTO ( SENUNI )") -> 1 | J38: =COUNTIF(ABSEN!H:H,"HERIYANTO ( SENUNI )") -> 1 | K38: =COUNTIF(ABSEN!I:I,"HERIYANTO ( SENUNI )") -> 1 | L38: =COUNTIF(ABSEN!J:J,"HERIYANTO ( SENUNI )") -> 1 | M38: NAS | N38: MG | O38: =COUNTIF(ABSEN!M:M,"HERIYANTO ( SENUNI )") -> 1 | P38: =COUNTIF(ABSEN!N:N,"HERIYANTO ( SENUNI )") -> 1 | Q38: =COUNTIF(ABSEN!O:O,"HERIYANTO ( SENUNI )") -> 1 | R38: =COUNTIF(ABSEN!P:P,"HERIYANTO ( SENUNI )") -> 1 | S38: =COUNTIF(ABSEN!Q:Q,"HERIYANTO ( SENUNI )") -> 1 | T38: MG | U38: CT | V38: =COUNTIF(ABSEN!T:T,"HERIYANTO ( SENUNI )") -> 1 | W38: =COUNTIF(ABSEN!U:U,"HERIYANTO ( SENUNI )") -> 1 | X38: =COUNTIF(ABSEN!V:V,"HERIYANTO ( SENUNI )") -> 1 | Y38: =COUNTIF(ABSEN!W:W,"HERIYANTO ( SENUNI )") -> 1 | Z38: =COUNTIF(ABSEN!X:X,"HERIYANTO ( SENUNI )") -> 1 | AA38: MG | AB38: =COUNTIF(ABSEN!Z:Z,"HERIYANTO ( SENUNI )") -> 1 | AC38: =COUNTIF(ABSEN!AA:AA,"HERIYANTO ( SENUNI )") -> 1 | AD38: =COUNTIF(ABSEN!AB:AB,"HERIYANTO ( SENUNI )") -> 1 | AE38: NAS | AF38: =COUNTIF(ABSEN!AD:AD,"HERIYANTO ( SENUNI )") -> 1 | AG38: =COUNTIF(ABSEN!AE:AE,"HERIYANTO ( SENUNI )") -> 1 | AH38: =SUM(C38:AG38) -> 23 | AI38: =COUNTIF(C38:AG38,"CT") -> 1 | AJ38: =COUNTIF(C38:AG38,"S") -> 0 | AK38: =COUNTIF(C38:AG38,"H1") -> 0 | AL38: =COUNTIF(C38:AG38,"MG") -> 4 | AM38: =COUNTIF(C38:AG38,"NAS") -> 3 | AN38: =COUNTIF(C38:AG38,"H2") -> 0 | AO38: =COUNTIF(B38:AF38,"P1") -> 0 | AP38: =COUNTIF(B38:AF38,"P2") -> 0 | AQ38: =COUNTIF(C38:AG38,"P3") -> 0 | AR38: =SUM(AH38:AQ38) -> 31 | AS38: =COUNTIF(C38:AG38,"CTH") -> 0 | AT38: =COUNTIF(C38:AG38,"A") -> 0
A39: 33 | B39: SAHRUL | C39: NAS | D39: =COUNTIF(ABSEN!B:B,"SAHRUL (ZAINA)") -> 1 | E39: =COUNTIF(ABSEN!C:C,"SAHRUL (ZAINA)") -> 1 | F39: MG | G39: =COUNTIF(ABSEN!E:E,"SAHRUL (ZAINA)") -> 1 | H39: A | I39: =COUNTIF(ABSEN!G:G,"SAHRUL (ZAINA)") -> 1 | J39: =COUNTIF(ABSEN!H:H,"SAHRUL (ZAINA)") -> 1 | K39: =COUNTIF(ABSEN!I:I,"SAHRUL (ZAINA)") -> 1 | L39: =COUNTIF(ABSEN!J:J,"SAHRUL (ZAINA)") -> 1 | M39: NAS | N39: MG | O39: =COUNTIF(ABSEN!M:M,"SAHRUL (ZAINA)") -> 1 | P39: =COUNTIF(ABSEN!N:N,"SAHRUL (ZAINA)") -> 1 | Q39: =COUNTIF(ABSEN!O:O,"SAHRUL (ZAINA)") -> 1 | R39: =COUNTIF(ABSEN!P:P,"SAHRUL (ZAINA)") -> 1 | S39: =COUNTIF(ABSEN!Q:Q,"SAHRUL (ZAINA)") -> 1 | T39: MG | U39: =COUNTIF(ABSEN!S:S,"SAHRUL (ZAINA)") -> 1 | V39: =COUNTIF(ABSEN!T:T,"SAHRUL (ZAINA)") -> 1 | W39: =COUNTIF(ABSEN!U:U,"SAHRUL (ZAINA)") -> 1 | X39: CT | Y39: S | Z39: =COUNTIF(ABSEN!X:X,"SAHRUL (ZAINA)") -> 1 | AA39: MG | AB39: =COUNTIF(ABSEN!Z:Z,"SAHRUL (ZAINA)") -> 1 | AC39: =COUNTIF(ABSEN!AA:AA,"SAHRUL (ZAINA)") -> 1 | AD39: =COUNTIF(ABSEN!AB:AB,"SAHRUL (ZAINA)") -> 1 | AE39: NAS | AF39: =COUNTIF(ABSEN!AD:AD,"SAHRUL (ZAINA)") -> 1 | AG39: =COUNTIF(ABSEN!AE:AE,"SAHRUL (ZAINA)") -> 1 | AH39: =SUM(C39:AG39) -> 21 | AI39: =COUNTIF(C39:AG39,"CT") -> 1 | AJ39: =COUNTIF(C39:AG39,"S") -> 1 | AK39: =COUNTIF(C39:AG39,"H1") -> 0 | AL39: =COUNTIF(C39:AG39,"MG") -> 4 | AM39: =COUNTIF(C39:AG39,"NAS") -> 3 | AN39: =COUNTIF(C39:AG39,"H2") -> 0 | AO39: =COUNTIF(B39:AF39,"P1") -> 0 | AP39: =COUNTIF(B39:AF39,"P2") -> 0 | AQ39: =COUNTIF(C39:AG39,"P3") -> 0 | AR39: =SUM(AH39:AQ39) -> 30 | AS39: =COUNTIF(C39:AG39,"CTH") -> 0 | AT39: =COUNTIF(C39:AG39,"A") -> 1
B40: TOTAL | C40: =SUM(C7:C39) -> 0 | D40: =SUM(D7:D39) -> 32 | E40: =SUM(E7:E39) -> 25 | F40: =SUM(F7:F39) -> 0 | G40: =SUM(G7:G39) -> 30 | H40: =SUM(H7:H39) -> 29 | I40: =SUM(I7:I39) -> 27 | J40: =SUM(J7:J39) -> 30 | ... AT40: =SUM(AT7:AT39) -> 10
B41: CUTI TAHUN | C41: =COUNTIF(C7:C39,"CT") -> 0 | D41: =COUNTIF(D7:D39,"CT") -> 1 | E41: =COUNTIF(E7:E39,"CT") -> 4 | F41: =COUNTIF(F7:F39,"CT") -> 0 | G41: =COUNTIF(G7:G39,"CT") -> 1 | H41: =COUNTIF(H7:H39,"CT") -> 1 | I41: =COUNTIF(I7:I39,"CT") -> 2 | J41: =COUNTIF(J7:J39,"CT") -> 0 | ... AG41: =COUNTIF(AG7:AG39,"CT") -> 0 | AH41: =SUM(C41:AG41) -> 23 | AR41: 980 | AS41: IFES
B42: SAKIT | C42: =COUNTIF(C7:C39,"S") -> 0 | D42: =COUNTIF(D7:D39,"S") -> 0 | E42: =COUNTIF(E7:E39,"S") -> 2 | F42: =COUNTIF(F7:F39,"S") -> 0 | G42: =COUNTIF(G7:G39,"S") -> 1 | H42: =COUNTIF(H7:H39,"S") -> 0 | I42: =COUNTIF(I7:I39,"S") -> 2 | J42: =COUNTIF(J7:J39,"S") -> 2 | ... AG42: =COUNTIF(AG7:AG39,"S") -> 2 | AH42: =SUM(C42:AG42) -> 49 | AR42: =AR40-AR41 -> 0
B43: HAID | C43: =COUNTIF(C7:C39,"H1") -> 0 | D43: =COUNTIF(D7:D39,"H1") -> 0 | E43: =COUNTIF(E7:E39,"H1") -> 0 | F43: =COUNTIF(F7:F39,"H1") -> 0 | G43: =COUNTIF(G7:G39,"H1") -> 0 | H43: =COUNTIF(H7:H39,"H1") -> 1 | I43: =COUNTIF(I7:I39,"H1") -> 1 | J43: =COUNTIF(J7:J39,"H1") -> 0 | ... AG43: =COUNTIF(AG7:AG39,"H1") -> 0 | AH43: =SUM(C43:AG43) -> 22 | AS43: BATUK ARE A
B44: MINGGU | C44: =COUNTIF(C7:C39,"MG") -> 0 | D44: =COUNTIF(D7:D39,"MG") -> 0 | E44: =COUNTIF(E7:E39,"MG") -> 0 | F44: =COUNTIF(F7:F39,"MG") -> 33 | G44: =COUNTIF(G7:G39,"MG") -> 0 | H44: =COUNTIF(H7:H39,"MG") -> 0 | I44: =COUNTIF(I7:I39,"MG") -> 0 | J44: =COUNTIF(J7:J39,"MG") -> 0 | ... AG44: =COUNTIF(AG7:AG39,"MG") -> 0 | AH44: =SUM(C44:AG44) -> 129 | AS44: BATUK ARE B1
B45: NASIONAL | C45: =COUNTIF(C7:C39,"NAS") -> 33 | D45: =COUNTIF(D7:D39,"NAS") -> 0 | E45: =COUNTIF(E7:E39,"NAS") -> 0 | F45: =COUNTIF(F7:F39,"NAS") -> 0 | G45: =COUNTIF(G7:G39,"NAS") -> 0 | H45: =COUNTIF(H7:H39,"NAS") -> 0 | I45: =COUNTIF(I7:I39,"NAS") -> 0 | J45: =COUNTIF(J7:J39,"NAS") -> 0 | ... AG45: =COUNTIF(AG7:AG39,"NAS") -> 0 | AH45: =SUM(C45:AG45) -> 97 | AR45: =AR40-AR41-AR42-AR43-AR44 -> 0 | AS45: SELISH
B46: MELAHIRKAN | C46: =COUNTIF(C7:C39,"H2") -> 0 | D46: =COUNTIF(D7:D39,"H2") -> 0 | E46: =COUNTIF(E7:E39,"H2") -> 0 | F46: =COUNTIF(F7:F39,"H2") -> 0 | G46: =COUNTIF(G7:G39,"H2") -> 0 | H46: =COUNTIF(H7:H39,"H2") -> 0 | I46: =COUNTIF(I7:I39,"H2") -> 0 | J46: =COUNTIF(J7:J39,"H2") -> 0 | ... AG46: =COUNTIF(AG7:AG39,"H2") -> 0 | AH46: =SUM(C46:AG46) -> 0
