Workbook
Name A: #REF!
Name A: #REF!
Name A: #REF!
Name AAAA: #REF!
Name AAAA: #REF!
Name AAAA: #REF!
Name AG: #REF!
Name AG: #REF!
Name AG: #REF!
Name b: #REF!
Name b: #REF!
Name BANTU: #REF!
Name BANTU: #REF!
Name barat: #REF!
Name barat: #REF!
Name d: #REF!
Name d: #REF!
Name DAN: #REF!
Name DAN: #REF!
Name DS: #REF!
Name DS: #REF!
Name e: #REF!
Name e: #REF!
Name GHNJFG: #REF!
Name GHNJFG: #REF!
Name lubis: #REF!
Name lubis: #REF!
Name MUSLIHUN: [1]Sheet1!$S$579
Name NOV: #REF!
Name P: #REF!
Name P: #REF!
Name PH: #REF!
Name PH: #REF!
Name PRINT: #REF!
Name PRINT: #REF!
Name PRINT: #REF!
Name PTKP: #REF!
Name PTKP: #REF!
Name PTKP: #REF!
Name t: #REF!
Name t: #REF!
Name t: #REF!
Name Ter_A: #REF!
Name Ter_A: #REF!
Name Ter_B: #REF!
Name Ter_B: #REF!
Name Ter_C: #REF!
Name Ter_C: #REF!
Name TIMUR: #REF!
Name TIMUR: #REF!
Name TIMUR: #REF!
Name TOTAL: #REF!
Name TOTAL: #REF!
Name TOTAL: #REF!
Name TRI: #REF!
Name TRI: #REF!
Name V: #REF!
Name V: #REF!
Name Y: #REF!
Name Y: #REF!

Sheet MASA KERJA
A1: MASA KERJA KARYAWAN
A2: AIR RUAK ESTATE A BUKIT PANJANG
A4: Tanggal | E4: 45961
A6: BENGKEL
A7: No | B7: Nama | C7: Tgl Lahir | D7: Umur | E7: Tgl Masuk | F7: Masa Kerja | G7: Bulan | H7: Tahun Kerja | I7: Rp.Masa Kerja | J7: Status | K7: Rp.Tunjangan Beras
A8: 1 | B8: YOS SISWANTO | C8: 27162 | D8: =DATEDIF(C8,$E$4,"Y")&" Tahun, "&DATEDIF(C8,$E$4,"YM")&" Bulan, "&DATEDIF(C8,$E$4,"MD")&" hari" -> 51 Tahun, 5 Bulan, 18 hari | E8: 04-03-1997 | F8: =DATEDIF(E8,$E$4,"Y")&" Tahun, "&DATEDIF(E8,$E$4,"YM")&" Bulan, "&DATEDIF(E8,$E$4,"MD")&" hari" -> 28 Tahun, 7 Bulan, 27 hari | G8: 3 | H8: 28 | I8: 89000 | J8: K/3 | K8: 3700
A9: 2 | B9: AGUNG SUBOWO | C9: 31690 | D9: =DATEDIF(C9,$E$4,"Y")&" Tahun, "&DATEDIF(C9,$E$4,"YM")&" Bulan, "&DATEDIF(C9,$E$4,"MD")&" hari" -> 39 Tahun, 0 Bulan, 26 hari | E9: 40269 | F9: =DATEDIF(E9,$E$4,"Y")&" Tahun, "&DATEDIF(E9,$E$4,"YM")&" Bulan, "&DATEDIF(E9,$E$4,"MD")&" hari" -> 15 Tahun, 6 Bulan, 30 hari | G9: 4 | H9: 15 | I9: 43500 | J9: K/1/TK1 | K9: 3250
A10: 3 | B10: ISHARTONO | C10: 26205 | D10: =DATEDIF(C10,$E$4,"Y")&" Tahun, "&DATEDIF(C10,$E$4,"YM")&" Bulan, "&DATEDIF(C10,$E$4,"MD")&" hari" -> 54 Tahun, 1 Bulan, 2 hari | E10: 01-03-2010 | F10: =DATEDIF(E10,$E$4,"Y")&" Tahun, "&DATEDIF(E10,$E$4,"YM")&" Bulan, "&DATEDIF(E10,$E$4,"MD")&" hari" -> 15 Tahun, 7 Bulan, 30 hari | G10: 3 | H10: 15 | I10: 43500 | J10: K/1 | K10: 3700
A11: 4 | B11: HARRY KRISTIAN | C11: 35962 | D11: =DATEDIF(C11,$E$4,"Y")&" Tahun, "&DATEDIF(C11,$E$4,"YM")&" Bulan, "&DATEDIF(C11,$E$4,"MD")&" hari" -> 27 Tahun, 4 Bulan, 15 hari | E11: 01-04-2020 | F11: =DATEDIF(E11,$E$4,"Y")&" Tahun, "&DATEDIF(E11,$E$4,"YM")&" Bulan, "&DATEDIF(E11,$E$4,"MD")&" hari" -> 5 Tahun, 6 Bulan, 30 hari | G11: 4 | H11: 5 | I11: 12500 | J11: K/1 | K11: 4650
A12: 5 | B12: ASIDO SIANTURI | C12: 33279 | D12: =DATEDIF(C12,$E$4,"Y")&" Tahun, "&DATEDIF(C12,$E$4,"YM")&" Bulan, "&DATEDIF(C12,$E$4,"MD")&" hari" -> 34 Tahun, 8 Bulan, 21 hari | E12: 41030 | F12: =DATEDIF(E12,$E$4,"Y")&" Tahun, "&DATEDIF(E12,$E$4,"YM")&" Bulan, "&DATEDIF(E12,$E$4,"MD")&" hari" -> 13 Tahun, 5 Bulan, 30 hari | G12: 2 | H12: 13 | I12: 36500 | J12: K/1/TK1 | K12: 3250
D16: =1971-2025 -> -54

Sheet HK
A1: ABSENSI
A2: KARYAWAN BANGKEL/WORKHOSP
A3: BULAN : OKTOBER 2025
A4: NO | B4: KARYAWAN | C4: TANGGAL | AH4: TOTAL HK | AI4: JUMLAH CUTI/LIBUR | AP4: JUMLAH | AQ4: CTH | AR4: ALPA
C5: 1 | D5: 2 | E5: 3 | F5: 4 | G5: 5 | H5: 6 | I5: 7 | J5: 8 | K5: 9 | L5: 10 | M5: 11 | N5: 12 | O5: 13 | P5: 14 | Q5: 15 | R5: 16 | S5: 17 | T5: 18 | U5: 19 | V5: 20 | W5: 21 | X5: 22 | Y5: 23 | Z5: 24 | AA5: 25 | AB5: 26 | AC5: 27 | AD5: 28 | AE5: 29 | AF5: 30 | AG5: 31 | AI5: THN | AJ5: SKT | AK5: HAID | AL5: MG | AM5: NAS | AN5: H/M | AO5: IZIN
A6: 1 | B6: YOS SISWANTO | C6: 1 | D6: 1 | E6: 1 | F6: 1 | G6: MG | H6: 1 | I6: S | J6: 1 | K6: 1 | L6: 1 | M6: 1 | N6: MG | O6: 1 | P6: 1 | Q6: 1 | R6: 1 | S6: 1 | T6: 1 | U6: MG | V6: CT | W6: 1 | X6: 1 | Y6: S | Z6: 1 | AA6: 1 | AB6: MG | AC6: 1 | AD6: 1 | AE6: 1 | AF6: 1 | AG6: 1 | AH6: =SUM(C6:AG6) -> 24 | AI6: =COUNTIF(C6:AG6,"CT") -> 1 | AJ6: =COUNTIF(C6:AG6,"S") -> 2 | AK6: =COUNTIF(C6:AG6,"H1") -> 0 | AL6: =COUNTIF(C6:AG6,"MG") -> 4 | AM6: =COUNTIF(C6:AG6,"NAS") -> 0 | AN6: =COUNTIF(C6:AG6,"H2") -> 0 | AO6: =COUNTIF(C6:AG6,"P1") -> 0 | AP6: =+AH6+AI6+AJ6+AK6+AL6+AM6+AN6+AO6 -> 31 | AQ6: =COUNTIF(C6:AG6,"CTH") -> 0 | AR6: =COUNTIF(C6:AG6,"A") -> 0
A7: 2 | B7: AGUNG SUBOWO | C7: 1 | D7: 1 | E7: 1 | F7: A | G7: MG | H7: 1 | I7: S | J7: 1 | K7: 1 | L7: 1 | M7: 1 | N7: MG | O7: 1 | P7: 1 | Q7: 1 | R7: S | S7: 1 | T7: 1 | U7: MG | V7: 1 | W7: 1 | X7: 1 | Y7: 1 | Z7: 1 | AA7: 1 | AB7: MG | AC7: 1 | AD7: CT | AE7: 1 | AF7: 1 | AG7: 1 | AH7: =SUM(C7:AG7) -> 23 | AI7: =COUNTIF(C7:AG7,"CT") -> 1 | AJ7: =COUNTIF(C7:AG7,"S") -> 2 | AK7: =COUNTIF(C7:AG7,"H1") -> 0 | AL7: =COUNTIF(C7:AG7,"MG") -> 4 | AM7: =COUNTIF(C7:AG7,"NAS") -> 0 | AN7: =COUNTIF(C7:AG7,"H2") -> 0 | AO7: =COUNTIF(C7:AG7,"P2") -> 0 | AP7: =+AH7+AI7+AJ7+AK7+AL7+AM7+AN7+AO7 -> 30 | AQ7: =COUNTIF(C7:AG7,"CTH") -> 0 | AR7: =COUNTIF(C7:AG7,"A") -> 1
A8: 3 | B8: ISHARTONO | C8: 1 | D8: 1 | E8: 1 | F8: 1 | G8: MG | H8: 1 | I8: 1 | J8: 1 | K8: 1 | L8: 1 | M8: 1 | N8: MG | O8: CT | P8: 1 | Q8: 1 | R8: 1 | S8: 1 | T8: 1 | U8: MG | V8: 1 | W8: 1 | X8: 1 | Y8: 1 | Z8: 1 | AA8: 1 | AB8: MG | AC8: 1 | AD8: 1 | AE8: 1 | AF8: 1 | AG8: 1 | AH8: =SUM(C8:AG8) -> 26 | AI8: =COUNTIF(C8:AG8,"CT") -> 1 | AJ8: =COUNTIF(C8:AG8,"S") -> 0 | AK8: =COUNTIF(C8:AG8,"H1") -> 0 | AL8: =COUNTIF(C8:AG8,"MG") -> 4 | AM8: =COUNTIF(C8:AG8,"NAS") -> 0 | AN8: =COUNTIF(C8:AG8,"H2") -> 0 | AO8: =COUNTIF(C8:AG8,"P2") -> 0 | AP8: =+AH8+AI8+AJ8+AK8+AL8+AM8+AN8+AO8 -> 31 | AQ8: =COUNTIF(C8:AG8,"CTH") -> 0 | AR8: =COUNTIF(C8:AG8,"A") -> 0
A9: 4 | B9: HARRI KRISTIAN | C9: 1 | D9: 1 | E9: 1 | F9: 1 | G9: MG | H9: 1 | I9: 1 | J9: CT | K9: 1 | L9: 1 | M9: 1 | N9: MG | O9: CT | P9: 1 | Q9: 1 | R9: 1 | S9: 1 | T9: 1 | U9: MG | V9: 1 | W9: 1 | X9: 1 | Y9: 1 | Z9: 1 | AA9: 1 | AB9: MG | AC9: 1 | AD9: 1 | AE9: 1 | AF9: CT | AG9: 1 | AH9: =SUM(C9:AG9) -> 24 | AI9: =COUNTIF(C9:AG9,"CT") -> 3 | AJ9: =COUNTIF(C9:AG9,"S") -> 0 | AK9: =COUNTIF(C9:AG9,"H1") -> 0 | AL9: =COUNTIF(C9:AG9,"MG") -> 4 | AM9: =COUNTIF(C9:AG9,"NAS") -> 0 | AN9: =COUNTIF(C9:AG9,"H2") -> 0 | AO9: =COUNTIF(C9:AG9,"P2") -> 0 | AP9: =+AH9+AI9+AJ9+AK9+AL9+AM9+AN9+AO9 -> 31 | AQ9: =COUNTIF(C9:AG9,"CTH") -> 0 | AR9: =COUNTIF(C9:AG9,"A") -> 0
A10: 5 | B10: ASIDO SIANTURI | C10: 1 | D10: 1 | E10: 1 | F10: CT | G10: MG | H10: 1 | I10: 1 | J10: 1 | K10: 1 | L10: 1 | M10: 1 | N10: MG | O10: 1 | P10: 1 | Q10: 1 | R10: 1 | S10: 1 | T10: 1 | U10: MG | V10: 1 | W10: 1 | X10: 1 | Y10: 1 | Z10: 1 | AA10: 1 | AB10: MG | AC10: CT | AD10: 1 | AE10: 1 | AF10: 1 | AG10: 1 | AH10: =SUM(C10:AG10) -> 25 | AI10: =COUNTIF(C10:AG10,"CT") -> 2 | AJ10: =COUNTIF(C10:AG10,"S") -> 0 | AK10: =COUNTIF(C10:AG10,"H1") -> 0 | AL10: =COUNTIF(C10:AG10,"MG") -> 4 | AM10: =COUNTIF(C10:AG10,"NAS") -> 0 | AN10: =COUNTIF(C10:AG10,"H2") -> 0 | AO10: =COUNTIF(C10:AG10,"P1") -> 0 | AP10: =+AH10+AI10+AJ10+AK10+AL10+AM10+AN10+AO10 -> 31 | AQ10: =COUNTIF(C10:AG10,"CTH") -> 0 | AR10: =COUNTIF(C10:AG10,"A") -> 0
B11: TOTAL | C11: =SUM(C6:C10) -> 5 | D11: =SUM(D6:D10) -> 5 | E11: =SUM(E6:E10) -> 5 | F11: =SUM(F6:F10) -> 3 | G11: =SUM(G6:G10) -> 0 | H11: =SUM(H6:H10) -> 5 | I11: =SUM(I6:I10) -> 3 | J11: =SUM(J6:J10) -> 4 | ... AR11: =SUM(AR6:AR10) -> 1
B12: CUTI TAHUN | C12: =COUNTIF(C6:C10,"CT") -> 0 | D12: =COUNTIF(D6:D10,"CT") -> 0 | E12: =COUNTIF(E6:E10,"CT") -> 0 | F12: =COUNTIF(F6:F10,"CT") -> 1 | G12: =COUNTIF(G6:G10,"CT") -> 0 | H12: =COUNTIF(H6:H10,"CT") -> 0 | I12: =COUNTIF(I6:I10,"CT") -> 0 | J12: =COUNTIF(J6:J10,"CT") -> 1 | ... AG12: =COUNTIF(AG6:AG10,"CT") -> 0 | AH12: =SUM(C12:AG12) -> 8
B13: SAKIT | C13: =COUNTIF(C6:C10,"S") -> 0 | D13: =COUNTIF(D6:D10,"S") -> 0 | E13: =COUNTIF(E6:E10,"S") -> 0 | F13: =COUNTIF(F6:F10,"S") -> 0 | G13: =COUNTIF(G6:G10,"S") -> 0 | H13: =COUNTIF(H6:H10,"S") -> 0 | I13: =COUNTIF(I6:I10,"S") -> 2 | J13: =COUNTIF(J6:J10,"S") -> 0 | ... AG13: =COUNTIF(AG6:AG10,"S") -> 0 | AH13: =SUM(C13:AG13) -> 4
B14: MINGGU | C14: =COUNTIF(C6:C10,"MG") -> 0 | D14: =COUNTIF(D6:D10,"MG") -> 0 | E14: =COUNTIF(E6:E10,"MG") -> 0 | F14: =COUNTIF(F6:F10,"MG") -> 0 | G14: =COUNTIF(G6:G10,"MG") -> 5 | H14: =COUNTIF(H6:H10,"MG") -> 0 | I14: =COUNTIF(I6:I10,"MG") -> 0 | J14: =COUNTIF(J6:J10,"MG") -> 0 | ... AG14: =COUNTIF(AG6:AG10,"MG") -> 0 | AH14: =SUM(C14:AG14) -> 20
B15: NASIONAL | C15: =COUNTIF(C6:C10,"NAS") -> 0 | D15: =COUNTIF(D6:D10,"NAS") -> 0 | E15: =COUNTIF(E6:E10,"NAS") -> 0 | F15: =COUNTIF(F6:F10,"NAS") -> 0 | G15: =COUNTIF(G6:G10,"NAS") -> 0 | H15: =COUNTIF(H6:H10,"NAS") -> 0 | I15: =COUNTIF(I6:I10,"NAS") -> 0 | J15: =COUNTIF(J6:J10,"NAS") -> 0 | ... AG15: =COUNTIF(AG6:AG10,"NAS") -> 0 | AH15: =SUM(C15:AG15) -> 0
B16: CUTI P1 | C16: =COUNTIF(C6:C10,"H1") -> 0 | D16: =COUNTIF(D6:D10,"H1") -> 0 | E16: =COUNTIF(E6:E10,"H1") -> 0 | F16: =COUNTIF(F6:F10,"H1") -> 0 | G16: =COUNTIF(G6:G10,"H1") -> 0 | H16: =COUNTIF(H6:H10,"H1") -> 0 | I16: =COUNTIF(I6:I10,"H1") -> 0 | J16: =COUNTIF(J6:J10,"H1") -> 0 | ... AG16: =COUNTIF(AG6:AG10,"H1") -> 0 | AH16: =SUM(C16:AG16) -> 0
B17: CUTI P2 | C17: =COUNTIF(C6:C10,"H2") -> 0 | D17: =COUNTIF(D6:D10,"H2") -> 0 | E17: =COUNTIF(E6:E10,"H2") -> 0 | F17: =COUNTIF(F6:F10,"H2") -> 0 | G17: =COUNTIF(G6:G10,"H2") -> 0 | H17: =COUNTIF(H6:H10,"H2") -> 0 | I17: =COUNTIF(I6:I10,"P2") -> 0 | J17: =COUNTIF(J6:J10,"H2") -> 0 | K17: =COUNTIF(K6:K10,"H2") -> 0 | L17: =COUNTIF(L6:L10,"H2") -> 0 | M17: =COUNTIF(M6:M10,"H2") -> 0 | N17: =COUNTIF(N6:N10,"H2") -> 0 | O17: =COUNTIF(O6:O10,"H2") -> 0 | P17: =COUNTIF(P6:P10,"H2") -> 0 | Q17: =COUNTIF(Q6:Q10,"H2") -> 0 | ... AG17: =COUNTIF(AG6:AG10,"H2") -> 0 | AH17: =SUM(C17:AG17) -> 0
B18: ALPA | C18: =COUNTIF(C6:C10,"A") -> 0 | D18: =COUNTIF(D6:D10,"A") -> 0 | E18: =COUNTIF(E6:E10,"A") -> 0 | F18: =COUNTIF(F6:F10,"A") -> 1 | G18: =COUNTIF(G6:G10,"A") -> 0 | H18: =COUNTIF(H6:H10,"A") -> 0 | I18: =COUNTIF(I6:I10,"A") -> 0 | J18: =COUNTIF(J6:J10,"A") -> 0 | ... AG18: =COUNTIF(AG6:AG10,"A") -> 0 | AH18: =SUM(C18:AG18) -> 1
B19: CTH | C19: =COUNTIF(C6:C10,"CTH") -> 0 | D19: =COUNTIF(D6:D10,"CTH") -> 0 | E19: =COUNTIF(E6:E10,"CTH") -> 0 | F19: =COUNTIF(F6:F10,"CTH") -> 0 | G19: =COUNTIF(G6:G10,"CTH") -> 0 | H19: =COUNTIF(H6:H10,"CTH") -> 0 | I19: =COUNTIF(I6:I10,"CTH") -> 0 | J19: =COUNTIF(J6:J10,"CTH") -> 0 | ... AG19: =COUNTIF(AG6:AG10,"CTH") -> 0 | AH19: =SUM(C19:AG19) -> 0
B20: GRAND TOTAL | C20: =SUM(C11:C19) -> 5 | D20: =SUM(D11:D19) -> 5 | E20: =SUM(E11:E19) -> 5 | F20: =SUM(F11:F19) -> 5 | G20: =SUM(G11:G19) -> 5 | H20: =SUM(H11:H19) -> 5 | I20: =SUM(I11:I19) -> 5 | J20: =SUM(J11:J19) -> 5 | ... AH20: =SUM(AH11:AH19) -> 155

Sheet LEMBUR
A1: LEMBUR BULAN
A2: NAMA | B2: JAM | C2: TANGGAL | AH2: TOTAL | AI2: RP/ JAM | AJ2: TOTAL
C3: 1 | D3: 2 | E3: 3 | F3: 4 | G3: 5 | H3: 6 | I3: 7 | J3: 8 | K3: 9 | L3: 10 | M3: 11 | N3: 12 | O3: 13 | P3: 14 | Q3: 15 | R3: 16 | S3: 17 | T3: 18 | U3: 19 | V3: 20 | W3: 21 | X3: 22 | Y3: 23 | Z3: 24 | AA3: 25 | AB3: 26 | AC3: 27 | AD3: 28 | AE3: 29 | AF3: 30 | AG3: 31 | AH3: JAM
A4: YOS SISWANTO | B4: 1 | C4: 1 | D4: 1 | E4: 1 | H4: 1 | J4: 1 | K4: 1 | L4: 1 | M4: 1 | O4: 1 | P4: 1 | Q4: 1 | R4: 1 | S4: 1 | T4: 1 | W4: 1 | Z4: 1 | AA4: 1 | AC4: 1 | AF4: 1 | AG4: 1 | AH4: =SUM(C4:AG4) -> 20 | AI4: 33612.14 | AJ4: =AH4*AI4 -> 672242.8
B5: 2 | C5: 2 | D5: 1 | E5: 2 | H5: 1 | J5: 1 | L5: 2 | M5: 1 | Q5: 1 | R5: 1 | S5: 2 | T5: 1 | Z5: 4 | AC5: 1 | AG5: 2 | AH5: =SUM(C5:AG5) -> 22 | AI5: 44816.18 | AJ5: =AH5*AI5 -> 985955.96
A6: TOTAL : | C6: =SUM(C4:C5) -> 3 | D6: =SUM(D4:D5) -> 2 | E6: =SUM(E4:E5) -> 3 | F6: =SUM(F4:F5) -> 0 | G6: =SUM(G4:G5) -> 0 | H6: =SUM(H4:H5) -> 2 | I6: =SUM(I4:I5) -> 0 | J6: =SUM(J4:J5) -> 2 | ... AH6: =SUM(AH4:AH5) -> 42 | AJ6: =SUM(AJ4:AJ5) -> 1658198.8 | AK6: 1914691 | AL6: =AJ6-AK6 -> -256492.24
A7: AGUNG SUBOWO | B7: 1 | C7: 1 | D7: 1 | H7: 1 | J7: 1 | K7: 1 | L7: 1 | M7: 1 | O7: 1 | P7: 1 | S7: 1 | T7: 1 | V7: 1 | W7: 1 | Y7: 1 | Z7: 1 | AA7: 1 | AC7: 1 | AE7: 1 | AF7: 1 | AG7: 1 | AH7: =SUM(C7:AG7) -> 20 | AI7: 33612.14 | AJ7: =AH7*AI7 -> 672242.8
B8: 2 | C8: 2 | D8: 1 | H8: 1 | J8: 1 | K8: 1 | L8: 3 | M8: 1 | P8: 1 | S8: 2 | T8: 1 | V8: 1 | W8: 1 | Y8: 1 | Z8: 3 | AC8: 1 | AE8: 1 | AF8: 1 | AG8: 2 | AH8: =SUM(C8:AG8) -> 25 | AI8: 44816.18 | AJ8: =AH8*AI8 -> 1120404.5
A9: TOTAL : | C9: =SUM(C7:C8) -> 3 | D9: =SUM(D7:D8) -> 2 | E9: =SUM(E7:E8) -> 0 | F9: =SUM(F7:F8) -> 0 | G9: =SUM(G7:G8) -> 0 | H9: =SUM(H7:H8) -> 2 | I9: =SUM(I7:I8) -> 0 | J9: =SUM(J7:J8) -> 2 | ... AH9: =SUM(AH7:AH8) -> 45 | AJ9: =SUM(AJ7:AJ8) -> 1792647.3
A10: ISHARTONO | B10: 1 | C10: 1 | D10: 1 | H10: 1 | J10: 1 | K10: 1 | L10: 1 | Q10: 1 | R10: 1 | S10: 1 | T10: 1 | V10: 1 | W10: 1 | Y10: 1 | Z10: 1 | AA10: 1 | AH10: =SUM(C10:AG10) -> 15 | AI10: 33612.14 | AJ10: =AH10*AI10 -> 504182.1
B11: 2 | C11: 2 | D11: 1 | J11: 1 | K11: 1 | L11: 2 | R11: 1 | S11: 2 | T11: 1 | Y11: 1 | Z11: 4 | AA11: 2 | AH11: =SUM(C11:AG11) -> 18 | AI11: 44816.18 | AJ11: =AH11*AI11 -> 806691.24
A12: TOTAL : | C12: =SUM(C10:C11) -> 3 | D12: =SUM(D10:D11) -> 2 | E12: =SUM(E10:E11) -> 0 | F12: =SUM(F10:F11) -> 0 | G12: =SUM(G10:G11) -> 0 | H12: =SUM(H10:H11) -> 1 | I12: =SUM(I10:I11) -> 0 | J12: =SUM(J10:J11) -> 2 | ... AH12: =SUM(AH10:AH11) -> 33 | AJ12: =SUM(AJ10:AJ11) -> 1310873.3 | AM12: =14-16 -> -2
A13: HARRI KRISTIAN | B13: 1 | C13: 1 | H13: 1 | K13: 1 | L13: 1 | M13: 1 | Q13: 1 | S13: 1 | V13: 1 | Y13: 1 | Z13: 1 | AA13: 1 | AC13: 1 | AD13: 1 | AE13: 1 | AG13: 1 | AH13: =SUM(C13:AG13) -> 15 | AI13: 33612.14 | AJ13: =AH13*AI13 -> 504182.1 | AM13: =14-17 -> -3
B14: 2 | C14: 2 | K14: 1 | L14: 2 | M14: 1 | Q14: 1 | S14: 2 | V14: 2 | Y14: 1 | Z14: 3 | AA14: 2 | AC14: 1 | AD14: 1 | AE14: 1 | AG14: 1 | AH14: =SUM(C14:AG14) -> 21 | AI14: 44816.18 | AJ14: =AH14*AI14 -> 941139.78 | AM14: =14-18 -> -4
A15: TOTAL : | C15: =SUM(C13:C14) -> 3 | D15: =SUM(D13:D14) -> 0 | E15: =SUM(E13:E14) -> 0 | F15: =SUM(F13:F14) -> 0 | G15: =SUM(G13:G14) -> 0 | H15: =SUM(H13:H14) -> 1 | I15: =SUM(I13:I14) -> 0 | J15: =SUM(J13:J14) -> 0 | ... AH15: =SUM(AH13:AH14) -> 36 | AJ15: =SUM(AJ13:AJ14) -> 1445321.9 | AK15: 300000 | AL15: =AJ15-AK15 -> 1145321.9
A16: ASIDO SIANTURI | B16: 1 | C16: 1 | D16: 1 | H16: 1 | I16: 1 | J16: 1 | K16: 1 | L16: 1 | M16: 1 | O16: 1 | P16: 1 | Q16: 1 | R16: 1 | S16: 1 | T16: 1 | V16: 1 | W16: 1 | X16: 1 | Y16: 1 | Z16: 1 | AA16: 1 | AD16: 1 | AE16: 1 | AF16: 1 | AG16: 1 | AH16: =SUM(C16:AG16) -> 24 | AI16: 33612.14 | AJ16: =AH16*AI16 -> 806691.36
B17: 2 | C17: 2 | D17: 1 | I17: 1 | J17: 1 | K17: 2 | L17: 2 | M17: 1 | P17: 2 | Q17: 1 | R17: 1 | S17: 2 | T17: 1 | V17: 1 | W17: 2 | Y17: 1 | Z17: 4 | AD17: 1 | AE17: 1 | AF17: 1 | AG17: 2 | AH17: =SUM(C17:AG17) -> 30 | AI17: 44816.18 | AJ17: =AH17*AI17 -> 1344485.4
A18: TOTAL : | C18: =SUM(C16:C17) -> 3 | D18: =SUM(D16:D17) -> 2 | E18: =SUM(E16:E17) -> 0 | F18: =SUM(F16:F17) -> 0 | G18: =SUM(G16:G17) -> 0 | H18: =SUM(H16:H17) -> 1 | I18: =SUM(I16:I17) -> 2 | J18: =SUM(J16:J17) -> 2 | ... AH18: =SUM(AH16:AH17) -> 54 | AJ18: =SUM(AJ16:AJ17) -> 2151176.8
A20: GRAND TOTAL : | C20: =C6+C9+C12+C15+C18 -> 15 | D20: =D6+D9+D12+D15+D18 -> 8 | E20: =E6+E9+E12+E15+E18 -> 3 | F20: =F6+F9+F12+F15+F18 -> 0 | G20: =G6+G9+G12+G15+G18 -> 0 | H20: =H6+H9+H12+H15+H18 -> 7 | I20: =I6+I9+I12+I15+I18 -> 2 | J20: =J6+J9+J12+J15+J18 -> 8 | ... AJ20: =AJ6+AJ9+AJ12+AJ15+AJ18 -> 8358218 | AK20: ='GAJI OKTOBER 2025'!AE13 -> 8358218 | AL20: =AJ20-AK20 -> 0
AL24: =12-15 -> -3
AL30: =17-12 -> 5

Sheet GAJI OKTOBER 2025
A1: PT.REBINMAS JAYA
A2: DAFTAR UPAH
A3: BULAN : OKTOBER 2025 | AI3: 3876600 | AO3: DIVISI : | AP3: WORKSHOP ARE
B4: L/P | C4: NIK | H4: CUTI / LIBUR | V4: JUMLAH | W4: TUNJANGAN / PREMI | AE4: JUMLAH LEMBUR | AF4: INSENTIP LEBARAN | AG4: PREMI TANGGUNG JAWAB WORKSHOP | AH4: JUMLAH | AI4: CARUMAN ASTEK | AL4: POT. BPJS | AR4: PPH 21 | AS4: LEBIH POTONG PAJAK THR | AT4: JUMLAH | AU4: TIDAK HADIR
A5: NO. | D5: NAMA | E5: HARI | F5: UPAH | G5: UPAH | H5: TAHUN | J5: SAKIT | L5: HAID | N5: MINGGU | P5: NASIONAL | R5: HA. / MELAH. | T5: IZIN | W5: BERAS | Y5: JABATAN | AB5: MASA KERJA | AH5: UPAH | AQ5: IURAN | AT5: UPAH
A6: URUT | D6: KARYAWAN | E6: KERJA | F6: DASAR | G6: POKOK | H6: JUMLAH | J6: JUMLAH | L6: JUMLAH | N6: JUMLAH | P6: JUMLAH | R6: JUMLAH | T6: JUMLAH | W6: (Rp)/ | X6: Jumlah | Y6: (Rp)/ | Z6: JUMLAH | AB6: (Rp)/ | AC6: JUMLAH | AH6: KOTOR | AI6: PEKERJA | AJ6: MAJIKAN | AK6: JUMLAH | AL6: PEKERJA | AM6: MAJIKAN | AN6: PEKERJA | AO6: MAJIKAN | AP6: JUMLAH | AQ6: SPSI | AT6: BERSIH | AU6: CTH | AV6: ALPA | AW6: CTH | AX6: ALPA | AZ6: HK | BA6: TOTAL HK | BD6: Astek Ins (0,84%)
F7: (Rp) | G7: (Rp) | H7: HARI | I7: (Rp) | J7: HARI | K7: (Rp) | L7: HARI | M7: (Rp) | N7: HARI | O7: (Rp) | P7: HARI | Q7: (Rp) | R7: HARI | S7: (Rp) | T7: HARI | U7: (Rp) | W7: HK | X7: (Rp) | Y7: HK | Z7: HK | AA7: (Rp) | AB7: THN | AC7: THN | AD7: (Rp) | AE7: (Rp) | AF7: (Rp) | AG7: (Rp) | AH7: (Rp) | AI7: (Rp) | AJ7: (Rp) | AK7: (Rp) | AL7: KESEHATAN | AM7: (Rp) | AN7: PENSIUN | AO7: (Rp) | AP7: (Rp) | AT7: (Rp)
A8: 1 | B8: L | C8: H0167 | D8: YOS SISWANTO | E8: =HK!AH6 -> 24 | F8: 129220 | G8: =SUM(F8*E8) -> 3101280 | H8: =HK!AI6 -> 1 | I8: =H8*F8 -> 129220 | J8: =HK!AJ6 -> 2 | K8: =J8*F8 -> 258440 | M8: =L8*F8 -> 0 | N8: =HK!AL6 -> 4 | O8: =N8*F8 -> 516880 | P8: =HK!AM6 -> 0 | Q8: =P8*F8 -> 0 | S8: =R8*F8 -> 0 | T8: =HK!AO6 -> 0 | U8: =T8*F8 -> 0 | V8: =SUM(E8+H8+J8+L8+N8+P8+R8+T8) -> 31 | W8: 3700 | X8: =W8*V8 -> 114700 | Y8: 2500 | Z8: =E8 -> 24 | AA8: =Z8*Y8 -> 60000 | AB8: 2500 | AC8: ='MASA KERJA'!H8 -> 28 | AD8: ='MASA KERJA'!I8 -> 89000 | AE8: =LEMBUR!AJ6 -> 1658198.8 | AG8: 400000 | AH8: =G8+I8+K8+M8+O8+Q8+S8+U8+X8+AA8+AD8+AE8+AG8 -> 6327718.8 | AI8: =(AI3+AD8)*0.02 -> 79312 | AJ8: =(AI3+AD8)*0.0454 -> 180038.24 | AK8: =SUM(AJ8+AI8) -> 259350.24 | AL8: =(AI3+AD8)*1% -> 39656 | AM8: =(AI3+AD8)*4% -> 158624 | AN8: =(AI3+AD8)*1% -> 39656 | AO8: =(AI3+AD8)*2% -> 79312 | AP8: =SUM(AL8:AO8) -> 317248 | AQ8: 4000 | AR8: 0 | AT8: =SUM(AH8-AI8-AL8-AN8-AQ8-AR8+AS8) -> 6165094.8 | AU8: =HK!AQ6 -> 0 | AV8: =HK!AR6 -> 0 | AW8: =AU8*F8 -> 0 | AX8: =F8*AV8 -> 0 | AY8: =-(AW8+AX8) -> 0 | AZ8: =(V8*F8)+AW8+AX8 -> 4005820 | BA8: =AW8+AX8+AZ8 -> 4005820 | BB8: =AZ8-BA8 -> 0 | BC8: =X8+AA8+AD8+AE8+AG8 -> 2321898.8 | BD8: 30576 | BE8: =BD8+AM8 -> 189200 | BG8: =V8*F8 -> 4005820
A9: 2 | B9: L | C9: H0158 | D9: AGUNG SUBOWO | E9: =HK!AH7 -> 23 | F9: 129220 | G9: =SUM(F9*E9) -> 2972060 | H9: =HK!AI7 -> 1 | I9: =H9*F9 -> 129220 | J9: =HK!AJ7 -> 2 | K9: =J9*F9 -> 258440 | M9: =L9*F9 -> 0 | N9: =HK!AL7 -> 4 | O9: =N9*F9 -> 516880 | P9: =HK!AM7 -> 0 | Q9: =P9*F9 -> 0 | S9: =R9*F9 -> 0 | T9: =HK!AO7 -> 0 | U9: =T9*F9 -> 0 | V9: =SUM(E9+H9+J9+L9+N9+P9+R9+T9) -> 30 | W9: 3250 | X9: =W9*V9 -> 97500 | Y9: 2500 | Z9: =E9 -> 23 | AA9: =Z9*Y9 -> 57500 | AB9: 2500 | AC9: ='MASA KERJA'!H9 -> 15 | AD9: ='MASA KERJA'!I9 -> 43500 | AE9: =LEMBUR!AJ9 -> 1792647.3 | AH9: =G9+I9+K9+M9+O9+Q9+S9+U9+X9+AA9+AD9+AE9+AG9 -> 5867747.3 | AI9: =(AI3+AD9)*0.02 -> 78402 | AJ9: =(AI3+AD9)*0.0454 -> 177972.54 | AK9: =SUM(AJ9+AI9) -> 256374.54 | AL9: =(AI3+AD9)*1% -> 39201 | AM9: =(AI3+AD9)*4% -> 156804 | AN9: =(AI3+AD9)*1% -> 39201 | AO9: =(AI3+AD9)*2% -> 78402 | AP9: =SUM(AL9:AO9) -> 313608 | AQ9: 4000 | AR9: 45431 | AT9: =SUM(AH9-AI9-AL9-AN9-AQ9-AR9+AS9) -> 5661512.3 | AU9: =HK!AQ7 -> 0 | AV9: =HK!AR7 -> 1 | AW9: =AU9*F9 -> 0 | AX9: =F9*AV9 -> 129220 | AY9: =-(AW9+AX9) -> -129220 | AZ9: =(V9*F9)+AW9+AX9 -> 4005820 | BA9: =AW9+AX9+AZ9 -> 4135040 | BB9: =AZ9-BA9 -> -129220 | BC9: =X9+AA9+AD9+AE9+AG9 -> 1991147.3 | BD9: 30576 | BE9: =BD9+AM9 -> 187380 | BG9: =V9*F9 -> 3876600
A10: 3 | B10: L | C10: H0166 | D10: ISHARTONO | E10: =HK!AH8 -> 26 | F10: 129220 | G10: =SUM(F10*E10) -> 3359720 | H10: =HK!AI8 -> 1 | I10: =H10*F10 -> 129220 | J10: =HK!AJ8 -> 0 | K10: =J10*F10 -> 0 | M10: =L10*F10 -> 0 | N10: =HK!AL8 -> 4 | O10: =N10*F10 -> 516880 | P10: =HK!AM8 -> 0 | Q10: =P10*F10 -> 0 | S10: =R10*F10 -> 0 | T10: =HK!AO8 -> 0 | U10: =T10*F10 -> 0 | V10: =SUM(E10+H10+J10+L10+N10+P10+R10+T10) -> 31 | W10: 3700 | X10: =W10*V10 -> 114700 | Y10: 2500 | Z10: =E10 -> 26 | AA10: =Z10*Y10 -> 65000 | AB10: 2500 | AC10: ='MASA KERJA'!H10 -> 15 | AD10: ='MASA KERJA'!I10 -> 43500 | AE10: =LEMBUR!AJ12 -> 1310873.3 | AH10: =G10+I10+K10+M10+O10+Q10+S10+U10+X10+AA10+AD10+AE10+AG10 -> 5539893.3 | AI10: =(AI3+AD10)*0.02 -> 78402 | AJ10: =(AI3+AD10)*0.0454 -> 177972.54 | AK10: =SUM(AJ10+AI10) -> 256374.54 | AL10: =(AI3+AD10)*1% -> 39201 | AM10: =(AI3+AD10)*4% -> 156804 | AN10: =(AI3+AD10)*1% -> 39201 | AO10: =(AI3+AD10)*2% -> 78402 | AP10: =SUM(AL10:AO10) -> 313608 | AQ10: 4000 | AR10: 0 | AT10: =SUM(AH10-AI10-AL10-AN10-AQ10-AR10+AS10) -> 5379089.3 | AU10: =HK!AQ8 -> 0 | AV10: =HK!AR8 -> 0 | AW10: =AU10*F10 -> 0 | AX10: =F10*AV10 -> 0 | AY10: =-(AW10+AX10) -> 0 | AZ10: =(V10*F10)+AW10+AX10 -> 4005820 | BA10: =AW10+AX10+AZ10 -> 4005820 | BB10: =AZ10-BA10 -> 0 | BC10: =X10+AA10+AD10+AE10+AG10 -> 1534073.3 | BD10: 30576 | BE10: =BD10+AM10 -> 187380 | BG10: =V10*F10 -> 4005820
A11: 4 | B11: L | C11: H0237 | D11: HARRY KRISTIAN | E11: =HK!AH9 -> 24 | F11: 129220 | G11: =SUM(F11*E11) -> 3101280 | H11: =HK!AI9 -> 3 | I11: =H11*F11 -> 387660 | J11: =HK!AJ9 -> 0 | K11: =J11*F11 -> 0 | M11: =L11*F11 -> 0 | N11: =HK!AL9 -> 4 | O11: =N11*F11 -> 516880 | P11: =HK!AM9 -> 0 | Q11: =P11*F11 -> 0 | S11: =R11*F11 -> 0 | T11: =HK!AO9 -> 0 | U11: =T11*F11 -> 0 | V11: =SUM(E11+H11+J11+L11+N11+P11+R11+T11) -> 31 | W11: 4650 | X11: =W11*V11 -> 144150 | Y11: 2500 | Z11: =E11 -> 24 | AA11: =Z11*Y11 -> 60000 | AB11: 2500 | AC11: ='MASA KERJA'!H11 -> 5 | AD11: ='MASA KERJA'!I11 -> 12500 | AE11: =LEMBUR!AJ15 -> 1445321.9 | AH11: =G11+I11+K11+M11+O11+Q11+S11+U11+X11+AA11+AD11+AE11+AG11 -> 5667791.9 | AI11: =(AI3+AD11)*0.02 -> 77782 | AJ11: =(AI3+AD11)*0.0454 -> 176565.14 | AK11: =SUM(AJ11+AI11) -> 254347.14 | AL11: =(AI3+AD11)*1% -> 38891 | AM11: =(AI3+AD11)*4% -> 155564 | AN11: =(AI3+AD11)*1% -> 38891 | AO11: =(AI3+AD11)*2% -> 77782 | AP11: =SUM(AL11:AO11) -> 311128 | AQ11: 4000 | AR11: 0 | AT11: =SUM(AH11-AI11-AL11-AN11-AQ11-AR11+AS11) -> 5508227.9 | AU11: =HK!AQ9 -> 0 | AV11: =HK!AR9 -> 0 | AW11: =AU11*F11 -> 0 | AX11: =F11*AV11 -> 0 | AY11: =-(AW11+AX11) -> 0 | AZ11: =(V11*F11)+AW11+AX11 -> 4005820 | BA11: =AW11+AX11+AZ11 -> 4005820 | BB11: =AZ11-BA11 -> 0 | BC11: =X11+AA11+AD11+AE11+AG11 -> 1661971.9 | BD11: 30576 | BE11: =BD11+AM11 -> 186140 | BG11: =V11*F11 -> 4005820
A12: 5 | B12: L | C12: H0389 | D12: ASIDO SIANTURI | E12: =HK!AH10 -> 25 | F12: 129220 | G12: =SUM(F12*E12) -> 3230500 | H12: =HK!AI10 -> 2 | I12: =H12*F12 -> 258440 | J12: =HK!AJ10 -> 0 | K12: =J12*F12 -> 0 | M12: =L12*F12 -> 0 | N12: =HK!AL10 -> 4 | O12: =N12*F12 -> 516880 | P12: =HK!AM10 -> 0 | Q12: =P12*F12 -> 0 | S12: =R12*F12 -> 0 | T12: =HK!AO10 -> 0 | U12: =T12*F12 -> 0 | V12: =SUM(E12+H12+J12+L12+N12+P12+R12+T12) -> 31 | W12: 4200 | X12: =W12*V12 -> 130200 | Y12: 2500 | Z12: =E12 -> 25 | AA12: =Z12*Y12 -> 62500 | AB12: 2500 | AC12: ='MASA KERJA'!H12 -> 13 | AD12: ='MASA KERJA'!I12 -> 36500 | AE12: =LEMBUR!AJ18 -> 2151176.8 | AH12: =G12+I12+K12+M12+O12+Q12+S12+U12+X12+AA12+AD12+AE12+AF12+AG12 -> 6386196.8 | AI12: =(AI3+AD12)*0.02 -> 78262 | AJ12: =(AI3+AD12)*0.0454 -> 177654.74 | AK12: =SUM(AJ12+AI12) -> 255916.74 | AL12: =(AI3+AD12)*1% -> 39131 | AM12: =(AI3+AD12)*4% -> 156524 | AN12: =(AI3+AD12)*1% -> 39131 | AO12: =(AI3+AD12)*2% -> 78262 | AP12: =SUM(AL12:AO12) -> 313048 | AQ12: 4000 | AR12: 32878 | AT12: =SUM(AH12-AI12-AL12-AN12-AQ12-AR12-AS12) -> 6192794.8 | AU12: =HK!AQ10 -> 0 | AV12: =HK!AR10 -> 0 | AW12: =AU12*F12 -> 0 | AX12: =F12*AV12 -> 0 | AY12: =-(AW12+AX12) -> 0 | AZ12: =(V12*F12)+AW12+AX12 -> 4005820 | BA12: =AW12+AX12+AZ12 -> 4005820 | BB12: =AZ12-BA12 -> 0 | BC12: =X12+AA12+AD12+AE12+AG12 -> 2380376.8 | BD12: 30576 | BE12: =BD12+AM12 -> 187100 | BG12: =V12*F12 -> 4005820
A13: TOTAL | E13: =SUM(E8:E12) -> 122 | F13: =SUM(F8:F12) -> 646100 | G13: =SUM(G8:G12) -> 15764840 | H13: =SUM(H8:H12) -> 8 | I13: =SUM(I8:I12) -> 1033760 | J13: =SUM(J8:J12) -> 4 | K13: =SUM(K8:K12) -> 516880 | L13: =SUM(L8:L12) -> 0 | ... BG13: =SUM(BG8:BG12) -> 19899880
AR14: ='[2]PPH 21 JULI 25 '!$Y$11 -> 79237 | AS14: 169808 | BA14: =BA13+BC13 -> 30047788
A15: Note : | C15: Upah Dasar Yang Digunakan : | H15: Di buat oleh, | O15: Di periksa oleh, | Y15: Diketahui Oleh | AI15: Di setujui oleh, | AR15: =AR13-AR14 -> -928 | AS15: =AS13-AS14 -> -169808 | BA15: =AH13 -> 29789348
C16: KHT : Rp. 108.829,47 | BA16: =BA14-BA15 -> 258440
G19: Supriyani | O19: Nurhuda Bima Sakti | Y19: Ferdian Syahfutra | AI19: Chandra Dinata Pribadi
G20: Kerani Divisi | O20: Askep ARE B2 | Y20: Manager ARE A/B1/B2 | AI20: Senior Manager ARE

Sheet BRI OKTOBER 2025
A1: PT. REBINMAS JAYA
A2: DAFTAR GAJI KARYAWAN WORKSHOP ARE KE BANK BRI
A3: BULAN OKTOBER 2025
A5: NO. | B5: ACCOUNT | C5: AMOUNT | D5: NIK | E5: NAME
A6: 1 | B6: 013101020637509 | C6: ='GAJI OKTOBER 2025'!AT8 -> 6165094.8 | D6: H0167 | E6: YOS SISWANTO
A7: 2 | B7: 013101020717503 | C7: ='GAJI OKTOBER 2025'!AT9 -> 5661512.3 | D7: H0158 | E7: AGUNG SUBOWO
A8: 3 | B8: 013101020626508 | C8: ='GAJI OKTOBER 2025'!AT10 -> 5379089.3 | D8: H0166 | E8: ISHARTONO
A9: 4 | B9: 013101036685508 | C9: ='GAJI OKTOBER 2025'!AT11 -> 5508227.9 | D9: H0237 | E9: HARRY KRISTIAN
A10: 5 | B10: 013101020652509 | C10: ='GAJI OKTOBER 2025'!AT12 -> 6192794.8 | D10: H0389 | E10: ASIDO SIANTURI
A11: TOTAL | C11: =SUM(C6:C10) -> 28906719
C12: ='GAJI OKTOBER 2025'!AT13 -> 28906719
C13: =C11-C12 -> 0
A14: Dibuat Oleh, | C14: Diketahui Oleh | E14: Di setujui oleh,
A18: Supriyani | C18: Ferdian Syahfutra | E18: Chandra Dinata Pribadi
A19: Kerani Divisi | C19: Manager ARE A/B1/B2 | E19: Senior Manager

Sheet REKON GAJI MANUAL VS PLANTW  AB
A1: PT REBINMAS JAYA
A2: ESTATE B2
A4: REKONSILIASI GAJI MANUAL DENGAN PLANTWARE
A5: DIVISI BENGKEL
A6: NO | B6: CODE | C6: NAMA | D6: GAJI MANUAL | E6: GAJI PLANTWARE | F6: SELISIH | G6: URAIAN | Y6: TOTAL SELISIH
G7: HK | J7: OT | M7: BERAS | P7: BERONDOL | S7: PREMI PANEN | V7: BPJS
G8: Manual | H8: Plantware | I8: (+/-) | J8: Manual | K8: Plantware | L8: (+/-) | M8: Manual | N8: Plantware | O8: (+/-) | P8: Manual | Q8: Plantware | R8: (+/-) | S8: Manual | T8: Plantware | U8: (+/-) | V8: Manual | W8: Plantware | X8: (+/-)
A9: BAGIAN : MAINTENANCE | Z9: =F9-Y9 -> 0 | AA9: =F9-Y9 -> 0
A10: 1 | B10: H0167 | C10: ='[3]DESEMBER 2024'!D8 -> YOS SISWANTO | D10: ='GAJI OKTOBER 2025'!AT8 -> 6165094.8 | E10: 6253398.7 | F10: =E10-D10 -> 88303.94 | I10: =G10-H10 -> 0 | L10: =J10-K10 -> 0 | R10: =P10-Q10 -> 0 | U10: =S10-T10 -> 0 | X10: =-(V10-W10) -> 0 | Y10: =I10+L10+O10+R10+U10+X10 -> 0 | Z10: =F10-Y10 -> 88303.94 | AA10: =F10-Y10 -> 88303.94
A11: 2 | B11: H0158 | C11: ='[3]DESEMBER 2024'!D9 -> AGUNG SUBOWO | D11: ='GAJI OKTOBER 2025'!AT9 -> 5661512.3 | E11: 4762260.6 | F11: =E11-D11 -> -899251.7 | I11: =G11-H11 -> 0 | L11: =J11-K11 -> 0 | O11: =M11-N11 -> 0 | R11: =P11-Q11 -> 0 | U11: =S11-T11 -> 0 | X11: =-(V11-W11) -> 0 | Y11: =I11+L11+O11+R11+U11+X11 -> 0 | Z11: =F11-Y11 -> -899251.7 | AA11: =F11-Y11 -> -899251.7
A12: 3 | B12: H0166 | C12: ='[3]DESEMBER 2024'!D10 -> ISHARTONO | D12: ='GAJI OKTOBER 2025'!AT10 -> 5379089.3 | E12: 5025792.5 | F12: =E12-D12 -> -353296.86 | I12: =G12-H12 -> 0 | L12: =J12-K12 -> 0 | O12: =M12-N12 -> 0 | R12: =P12-Q12 -> 0 | U12: =S12-T12 -> 0 | X12: =-(V12-W12) -> 0 | Y12: =I12+L12+O12+R12+U12+X12 -> 0 | Z12: =F12-Y12 -> -353296.86 | AA12: =F12-Y12 -> -353296.86 | AC12: =153852-145852 -> 8000
A13: 4 | B13: H0237 | C13: ='[3]DESEMBER 2024'!D11 -> HARRY KRISTIAN | D13: ='GAJI OKTOBER 2025'!AT11 -> 5508227.9 | E13: 5089256.7 | F13: =E13-D13 -> -418971.14 | I13: =G13-H13 -> 0 | L13: =J13-K13 -> 0 | O13: =M13-N13 -> 0 | R13: =P13-Q13 -> 0 | U13: =S13-T13 -> 0 | X13: =-(V13-W13) -> 0 | Y13: =I13+L13+O13+R13+U13+X13 -> 0 | Z13: =F13-Y13 -> -418971.14 | AA13: =F13-Y13 -> -418971.14
A14: 5 | B14: H0389 | C14: ='[3]DESEMBER 2024'!D12 -> ASIDO SIANTURI | D14: ='GAJI OKTOBER 2025'!AT12 -> 6192794.8 | E14: 5675203.1 | F14: =E14-D14 -> -517591.68 | I14: =G14-H14 -> 0 | L14: =J14-K14 -> 0 | O14: =M14-N14 -> 0 | R14: =P14-Q14 -> 0 | U14: =S14-T14 -> 0 | X14: =-(V14-W14) -> 0 | Y14: =I14+L14+O14+R14+U14+X14 -> 0 | Z14: =F14-Y14 -> -517591.68 | AA14: =F14-Y14 -> -517591.68
A15: TOTAL | D15: =SUM(D10:D14) -> 28906719 | E15: =SUM(E10:E14) -> 26805912 | F15: =SUM(F10:F14) -> -2100807.4 | G15: =SUM(G10:G14) -> 0 | H15: =SUM(H10:H14) -> 0 | I15: =SUM(I10:I14) -> 0 | J15: =SUM(J10:J14) -> 0 | K15: =SUM(K10:K14) -> 0 | ... Y15: =SUM(Y10:Y14) -> 0 | Z15: =F15-Y15 -> -2100807.4 | AA15: =F15-Y15 -> -2100807.4
A16: GRAND TOTAL | D16: =D15 -> 28906719 | E16: =E15 -> 26805912 | F16: =F15 -> -2100807.4 | G16: =G15 -> 0 | H16: =H15 -> 0 | I16: =I15 -> 0 | J16: =J15 -> 0 | K16: =K15 -> 0 | ... Y16: =Y15 -> 0 | Z16: =F16-Y16 -> -2100807.4 | AA16: =F16-Y16 -> -2100807.4
D17: ='[4]PAYROOL DESEMBER 2024'!BC152 -> 3.6501263e+08 | K17: =33613-28453 -> 5160
D18: =D16-D17 -> -3.3610591e+08
F19: Di buat oleh, | I19: Diperiksa oleh, | P19: Diketahui, | V19: Di setujui oleh, | AF19: Di periksa oleh, | BN19: =Q19+T19+V19 -> #VALUE! | BO19: =AF19+AJ19 -> #VALUE!
BN20: =Q20+T20+V20 -> 0 | BO20: =AF20+AJ20 -> 0
BN21: =Q21+T21+V21 -> 0 | BO21: =AF21+AJ21 -> 0
BN22: =Q22+T22+V22 -> 0 | BO22: =AF22+AJ22 -> 0
F23: Supriyani | I23: Baharu Lumban Toruan | P23: Nurhuda Bima Sakti | V23: Chandra Dinata Pribadi | AF23: Nurhuda Bima Sakti | BN23: =Q23+T23+V23 -> #VALUE! | BO23: =AF23+AJ23 -> #VALUE!
F24: Kerani Divisi ARE B2 | I24: Field Conductor ARE B2 | P24: Askep ARE B2 | V24: Senior Manager | AF24: Asst. Manager ARE B2 | BN24: =Q24+T24+V24 -> #VALUE! | BO24: =AF24+AJ24 -> #VALUE!

Sheet Distribusi NOVEMBER 2024
A1: PT. REBINMAS JAYA
A2: C/ROLL DISTRIBUTION FOR THE MONTH OF SEPTEMBER 2024
A4: ESTATE | C4: : AIR RUAK
A5: WILAYAH | C5: : WORKSHOP ARE
D6: 121333.33 | E6: =85/402 -> 0.21144279 | K6: =40/186 -> 0.21505376 | Q6: =17/402 -> 0.042288557 | S6: =655200/146 -> 4487.6712 | T6: =364000/146 -> 2493.1507 | U6: =72500/146 -> 496.57534 | V6: =11232530/186 -> 60389.946 | X6: =5384248/382 -> 14094.89 | Z6: =101386.95/99 -> 1024.1106 | AA6: =40000/229 -> 174.67249 | AB6: =276323/229 -> 1206.6507 | AC6: =202773.9/99 -> 2048.2212 | AD6: =3230026.66*1% -> 32300.267 | AH6: =637826/131 -> 4868.9008 | AI6: =561960/131 -> 4289.771 | AJ6: =280980/131 -> 2144.8855
A7: A/C NO | B7: JENIS PEKERJAAN | C7: HARI KERJA | E7: CUTI DIBAYAR | S7: PREMI | V7: JUMLAH LEMBUR | W7: PREMI | X7: PREMI TANGGUNG JAWAB WORKSHOP | Y7: POTONGAN | AG7: UPAH | AH7: PREMI ASTEK MAJIKAN | AI7: POT. BPJS MAJIKAN | AJ7: PENSIUN MAJIKAN | AK7: TOTAL
C8: HK | D8: RP | E8: CUTI TAHUN | G8: CUTI SAKIT | I8: CUTI HAID | K8: CUTI MINGGU | M8: CUTI NASIONAL | O8: CUTI HA./MEL | Q8: CUTI IZIN | S8: BERAS | T8: JABATAN | U8: MASA KERJA | Y8: KOPERASI | Z8: BPJS KESEHATAN | AA8: SPSI | AB8: PPH21 | AC8: ASTEK PEKERJA | AD8: PENSIUN PEKERJA | AE8: INSENTIP LEBARAN | AG8: ( KOTOR - POT )
E9: HK | F9: RP | G9: HK | H9: RP | I9: HK | J9: RP | K9: HK | L9: RP | M9: HK | N9: RP | O9: HK | P9: RP | Q9: HK | R9: RP | AD9: 0.01
A10: GA9050 | B10: MEKANIK | C10: ='GAJI OKTOBER 2025'!E8+'GAJI OKTOBER 2025'!E9+'GAJI OKTOBER 2025'!E11+'GAJI OKTOBER 2025'!E12 -> 96 | D10: =C10*$D$6 -> 11648000 | E10: ='GAJI OKTOBER 2025'!H8+'GAJI OKTOBER 2025'!H9+'GAJI OKTOBER 2025'!H11+'GAJI OKTOBER 2025'!H12 -> 7 | F10: =E10*$D$6 -> 849333.31 | G10: ='GAJI OKTOBER 2025'!J8+'GAJI OKTOBER 2025'!J9+'GAJI OKTOBER 2025'!J11+'GAJI OKTOBER 2025'!J12 -> 4 | H10: =G10*D6 -> 485333.32 | I10: 0 | J10: =I10*$D$6 -> 0 | K10: ='GAJI OKTOBER 2025'!N8+'GAJI OKTOBER 2025'!N9+'GAJI OKTOBER 2025'!N11+'GAJI OKTOBER 2025'!N12 -> 16 | L10: =K10*$D$6 -> 1941333.3 | M10: ='GAJI OKTOBER 2025'!P8+'GAJI OKTOBER 2025'!P9+'GAJI OKTOBER 2025'!P11+'GAJI OKTOBER 2025'!P12 -> 0 | N10: =M10*$D$6 -> 0 | O10: 0 | P10: =O10*$D$6 -> 0 | Q10: ='GAJI OKTOBER 2025'!T8+'GAJI OKTOBER 2025'!T9+'GAJI OKTOBER 2025'!T11+'GAJI OKTOBER 2025'!T12 -> 0 | R10: =Q10*$D$6 -> 0 | S10: ='GAJI OKTOBER 2025'!X8+'GAJI OKTOBER 2025'!X9+'GAJI OKTOBER 2025'!X11+'GAJI OKTOBER 2025'!X12 -> 486550 | T10: ='GAJI OKTOBER 2025'!AA8+'GAJI OKTOBER 2025'!AA9+'GAJI OKTOBER 2025'!AA11+'GAJI OKTOBER 2025'!AA12 -> 240000 | U10: ='GAJI OKTOBER 2025'!AD8+'GAJI OKTOBER 2025'!AD9+'GAJI OKTOBER 2025'!AD11+'GAJI OKTOBER 2025'!AD12 -> 181500 | V10: ='GAJI OKTOBER 2025'!AE8+'GAJI OKTOBER 2025'!AE9+'GAJI OKTOBER 2025'!AE11+'GAJI OKTOBER 2025'!AE12 -> 7047344.7 | W10: 200000 | X10: 400000 | Z10: ='GAJI OKTOBER 2025'!AL8+'GAJI OKTOBER 2025'!AL9+'GAJI OKTOBER 2025'!AL11+'GAJI OKTOBER 2025'!AL12 -> 156879 | AA10: ='GAJI OKTOBER 2025'!AQ8+'GAJI OKTOBER 2025'!AQ9+'GAJI OKTOBER 2025'!AQ11+'GAJI OKTOBER 2025'!AQ12 -> 16000 | AB10: ='GAJI OKTOBER 2025'!AR8+'GAJI OKTOBER 2025'!AR9+'GAJI OKTOBER 2025'!AR11+'GAJI OKTOBER 2025'!AR12 -> 78309 | AC10: ='GAJI OKTOBER 2025'!AI8+'GAJI OKTOBER 2025'!AI9+'GAJI OKTOBER 2025'!AI11+'GAJI OKTOBER 2025'!AI12 -> 313758 | AD10: ='GAJI OKTOBER 2025'!AN8+'GAJI OKTOBER 2025'!AN9+'GAJI OKTOBER 2025'!AN11+'GAJI OKTOBER 2025'!AN12 -> 156879 | AE10: 200000 | AG10: =SUM(D10+F10+H10+J10+L10+N10+P10+R10+S10+T10+U10+V10+W10+X10)-SUM(Y10+Z10+AA10+AB10+AC10+AD10+AE10)+AF10 -> 22557569 | AH10: ='GAJI OKTOBER 2025'!AJ8+'GAJI OKTOBER 2025'!AJ9+'GAJI OKTOBER 2025'!AJ11+'GAJI OKTOBER 2025'!AJ12 -> 712230.66 | AI10: ='GAJI OKTOBER 2025'!AM8+'GAJI OKTOBER 2025'!AM9+'GAJI OKTOBER 2025'!AM11+'GAJI OKTOBER 2025'!AM12 -> 627516 | AJ10: ='GAJI OKTOBER 2025'!AO8+'GAJI OKTOBER 2025'!AO9+'GAJI OKTOBER 2025'!AO11+'GAJI OKTOBER 2025'!AO12 -> 313758 | AK10: =Y10+Z10+AA10+AB10+AC10+AD10+AE10+AF10+AG10+AH10+AI10+AJ10 -> 25132899
B11: ELECTRICK | C11: ='GAJI OKTOBER 2025'!E10 -> 26 | D11: =C11*$D$6 -> 3154666.6 | E11: ='GAJI OKTOBER 2025'!H10 -> 1 | F11: =E11*$D$6 -> 121333.33 | G11: ='GAJI OKTOBER 2025'!J10 -> 0 | H11: =G11*$D$6 -> 0 | J11: =I11*$D$6 -> 0 | K11: ='GAJI OKTOBER 2025'!N10 -> 4 | L11: =K11*$D$6 -> 485333.32 | M11: ='GAJI OKTOBER 2025'!P10 -> 0 | N11: =M11*$D$6 -> 0 | P11: =O11*$D$6 -> 0 | Q11: ='GAJI OKTOBER 2025'!T10 -> 0 | R11: =Q11*$D$6 -> 0 | S11: ='GAJI OKTOBER 2025'!X10 -> 114700 | T11: ='GAJI OKTOBER 2025'!AA10 -> 65000 | U11: ='GAJI OKTOBER 2025'!AD10 -> 43500 | V11: ='GAJI OKTOBER 2025'!AE10 -> 1310873.3 | X11: 0 | Z11: ='GAJI OKTOBER 2025'!AL10 -> 39201 | AA11: 4000 | AB11: ='GAJI OKTOBER 2025'!AR10 -> 0 | AC11: ='GAJI OKTOBER 2025'!AI10 -> 78402 | AD11: ='GAJI OKTOBER 2025'!AN10 -> 39201 | AE11: ='GAJI OKTOBER 2025'!AS9 -> 0 | AG11: =SUM(D11+F11+H11+J11+L11+N11+P11+R11+S11+T11+U11+V11+W11+X11)-SUM(Y11+Z11+AA11+AB11+AC11+AD11-AE11)+AF11 -> 5134602.6 | AH11: ='GAJI OKTOBER 2025'!AJ10 -> 177972.54 | AI11: ='GAJI OKTOBER 2025'!AM10 -> 156804 | AJ11: ='GAJI OKTOBER 2025'!AO10 -> 78402 | AK11: =Y11+Z11+AA11+AB11+AC11+AD11+AE11+AF11+AG11+AH11+AI11+AJ11 -> 5708585.1
B12: TOTAL | C12: =SUM(C10:C11) -> 122 | D12: =SUM(D10:D11) -> 14802666 | E12: =SUM(E10:E11) -> 8 | F12: =SUM(F10:F11) -> 970666.64 | G12: =SUM(G10:G11) -> 4 | H12: =SUM(H10:H11) -> 485333.32 | I12: =SUM(I10:I11) -> 0 | J12: =SUM(J10:J11) -> 0 | ... AK12: =SUM(AK10:AK11) -> 30841484
B13: POT : | D13: ='GAJI OKTOBER 2025'!G13 -> 15764840 | F13: ='GAJI OKTOBER 2025'!I13 -> 1033760 | H13: ='GAJI OKTOBER 2025'!K13 -> 516880 | L13: ='GAJI OKTOBER 2025'!O13 -> 2584400 | N13: ='GAJI OKTOBER 2025'!Q13 -> 0 | S13: ='GAJI OKTOBER 2025'!X13 -> 601250 | T13: ='GAJI OKTOBER 2025'!AA13 -> 305000 | U13: ='GAJI OKTOBER 2025'!AD13 -> 225000 | V13: ='GAJI OKTOBER 2025'!AE13 -> 8358218 | X13: ='GAJI OKTOBER 2025'!AG13 -> 400000 | Z13: ='GAJI OKTOBER 2025'!AL13 -> 196080 | AA13: ='GAJI OKTOBER 2025'!AQ13 -> 20000 | AB13: ='GAJI OKTOBER 2025'!AR13 -> 78309 | AC13: ='GAJI OKTOBER 2025'!AI13 -> 392160 | AD13: ='GAJI OKTOBER 2025'!AN13 -> 196080 | AH13: ='GAJI OKTOBER 2025'!AJ13 -> 890203.2 | AI13: ='GAJI OKTOBER 2025'!AM13 -> 784320 | AJ13: ='GAJI OKTOBER 2025'!AO13 -> 392160
B14: ASTEK PEKERJA + MAJIKAN | D14: =D12-D13 -> -962173.74 | E14: =E12-E13 -> 8 | F14: =F12-F13 -> -63093.36 | G14: =G12-G13 -> 4 | H14: =H12-H13 -> -31546.68 | I14: =I12-I13 -> 0 | J14: =J12-J13 -> 0 | K14: =K12-K13 -> 20 | ... AJ14: =AJ12-AJ13 -> 0 | AK14: =AC12+AH12 -> 1282363.2
B15: BPJS PESERTA + MAJIKAN | AK15: =Z12+AI12 -> 980400
B16: PENSIUN PEKERJA + MAJIKAN | AK16: =AD12+AJ12 -> 588240
A17: LEBIH / KURANG PAJAK JANUARI 2024 | AK17: =AE12 -> 200000
B18: IURAN SPSI | AK18: =AA12 -> 20000
B19: PPH 21 | AK19: =AB12 -> 78309
A20: TOTAL UPAH BERSIH | AK20: =AK12-AK14-AK15-AK16-AK17-AK18-AK19 -> 27692172 | AL20: ='GAJI OKTOBER 2025'!AT13 -> 28906719 | AM20: =AK20-AL20 -> -1214547.2
C22: Di buat oleh, | H22: Di periksa oleh, | V22: Di ketahui oleh, | AD22: Di setujui oleh,
C26: Supriyani | H26: Andrias | V26: Imron Zain | AD26: Ulih Sabar Zai S.P
C27: Kerani Divisi | H27: Asst Workshop | V27: Askep ARE C | AD27: Estate Manager ARE
